Name,Phone_1,Phone_2,Email,Location,Area,Governorate,Country,About,Website,Rating,Views,URL
Mitsubishi Electric Qatar,+974 44929438,,,"Al Markhiya St, Doha, Qatar",Al Markhiya St,Doha,Qatar,Mitsubishi Electric Qatar,,0,3010,https://qatar.arablocal.com/business/view/mitsubishi-electric-qatar
arablocal.com | 520: Web server is returning an unknown error,,,,,,,Qatar,,,,,https://qatar.arablocal.com/business/view/vts-clima-llc-qatar
arablocal.com | 520: Web server is returning an unknown error,,,,,,,Qatar,,,,,https://qatar.arablocal.com/business/view/almalk-york-showroom
Abdul Hamid Abdul Rahim Al Emadi Trading Co Al Emadi Trading Group Al Duhail Doha,+974 44414425,,,"North Road - Al Duhail Area - Inside Qatar Petroleum Station, Doha, Qatar",North Road - Al Duhail Area - Inside Qatar Petroleum Station,Doha,Qatar,Abdul Hamid Abdul Rahim Al Emadi Trading Co Al Emadi Trading Group Al Duhail Doha,,0,2389,https://qatar.arablocal.com/business/view/abdul-hamid-abdul-rahim-al-emadi-trading-co-al-emadi-trading-group-al-duhail-doha
arablocal.com | 520: Web server is returning an unknown error,,,,,,,Qatar,,,,,https://qatar.arablocal.com/business/view/aerodyne-cooling-systems-llc
Abdul Hamid Abdul Rahim Al Emadi Trading Co Al Emadi Trading Group Doha,+974 44029777,,,"Near Sana Signal, Doha, Qatar",Near Sana Signal,Doha,Qatar,Abdul Hamid Abdul Rahim Al Emadi Trading Co Al Emadi Trading Group Doha,,0,2191,https://qatar.arablocal.com/business/view/abdul-hamid-abdul-rahim-al-emadi-trading-co-al-emadi-trading-group-doha
arablocal.com | 520: Web server is returning an unknown error,,,,,,,Qatar,,,,,https://qatar.arablocal.com/business/view/generalco
arablocal.com | 520: Web server is returning an unknown error,,,,,,,Qatar,,,,,https://qatar.arablocal.com/business/view/al-emadi-group-abdul-hamid-abdul-rahim-al-emadi-trading-co-al-emadi-trading-group
arablocal.com | 520: Web server is returning an unknown error,,,,,,,Qatar,,,,,https://qatar.arablocal.com/business/view/gulf-experts-trading-and-electromechanical-contracting
arablocal.com | 520: Web server is returning an unknown error,,,,,,,Qatar,,,,,https://qatar.arablocal.com/business/view/oasis-engineering-mitsubishi-electric-air-condition-qatar
arablocal.com | 520: Web server is returning an unknown error,,,,,,,Qatar,,,,,https://qatar.arablocal.com/business/view/universal-refrigeration-and-air-conditioning
arablocal.com | 520: Web server is returning an unknown error,,,,,,,Qatar,,,,,https://qatar.arablocal.com/business/view/cleaning-companies-in-qatar-facade-cleaning-services-movguru
arablocal.com | 520: Web server is returning an unknown error,,,,,,,Qatar,,,,,https://qatar.arablocal.com/business/view/mezab-air-conditioning-company
Mannai Trading Co Wll Home Appliance and Electronics,+974 44558895,+974 44558888,,"P.O. Box: 76, Building No. 72, Zone No. 57 East Industrial Street",P.O. Box: 76,Building No. 72,Qatar,Mannai Trading Co Wll Home Appliance and Electronics,http://www.mannai.com,0,4393,https://qatar.arablocal.com/business/view/mannai-trading-co-wll-home-appliance-and-electronics
Aggreko,+974 44606178,,,Street 27Gate 181. Industrial Area Doha P.O.Box 1744,,,Qatar,,http://www.aggreko.com,0,2875,https://qatar.arablocal.com/business/view/aggreko
Blue Star Qatar Wll Al- Rayyan,+974 44582271,+974 44883438,contact@bluestarqatar.com,Al Rayyan P.O.Box 47242,,,Qatar,Blue Star Qatar Wll,http://bluestarqatar.com/,,3427,https://qatar.arablocal.com/business/view/blue-star-qatar-wll
Al Jaber For Air Conditioning And Lifts Systems,+974 44909084,+974 55676292,,New Indl P.O.Box 23546,,,Qatar,"The services delivered by JARIC is extremely safe and state-of-the-art, a result of high experience in the industry. JARIC offers a range of refrigeration and air conditioning solutions for your project or your home. JARIC offers a great design blends functionality and aesthetics in order to create a timeless, smart and user-friendly space. Our team can assist you with creating and installing custom made refrigeration and air conditioning solutions. You can add style and colour to your home w...",http://www.jaric-qa.com,,2148,https://qatar.arablocal.com/business/view/al-jaber-for-air-conditioning-and-lifts-systems
Water Heaters System Full Water Heaters In Qatar,+974 66117606,,,"Umm Al Dome St, Muaither, Qatar",Umm Al Dome St,Muaither,Qatar,Water Heaters System Full Water Heaters In Qatar,http://www.allira-z.com,0,2125,https://qatar.arablocal.com/business/view/water-heaters-system-full-water-heaters-in-qatar
Trane Air Conditioners,+974 44771990,,,"Ahmed Bin Ali Street, C Ring Rd, Doha, Qatar",Ahmed Bin Ali Street,Doha,Qatar,Trane Air Conditioners,http://www.traneqatar.com,,2376,https://qatar.arablocal.com/business/view/trane-air-conditioners
ACC Arctic Cooling Company AlRayyan Branch,+974 55572014,+974 44685844,arctic@accqatar.com,"53 Al Salam Street, Ar-Rayyan, 63555, Doha, Qatar",53 Al Salam Street,Doha,Qatar,,http://www.accqatar.com,,1993,https://qatar.arablocal.com/business/view/acc-arctic-cooling-company-alrayyan-branch
