Name,Phone_1,Phone_2,Location,Area,Governorate,Country,About,Website,Rating,Views,URL
arablocal.com | 520: Web server is returning an unknown error,,,,,,Qatar,,,,,https://qatar.arablocal.com/business/view/commercial-bank-of-qatar-atm-villagio-mall-branch-1
arablocal.com | 520: Web server is returning an unknown error,,,,,,Qatar,,,,,https://qatar.arablocal.com/business/view/qnb-atm-general-retirement-and-pension-branch
arablocal.com | 520: Web server is returning an unknown error,,,,,,Qatar,,,,,https://qatar.arablocal.com/business/view/qnb-atm-msherieb-properties-branch-atm-qatar-national-bank-musheireb
arablocal.com | 520: Web server is returning an unknown error,,,,,,Qatar,,,,,https://qatar.arablocal.com/business/view/qnb-atm-dar-al-salam-mall-branch-1
arablocal.com | 520: Web server is returning an unknown error,,,,,,Qatar,,,,,https://qatar.arablocal.com/business/view/mashraf-al-rayan-bank-atm
arablocal.com | 520: Web server is returning an unknown error,,,,,,Qatar,,,,,https://qatar.arablocal.com/business/view/qnb-atm-woqod-motor-city-ps
arablocal.com | 520: Web server is returning an unknown error,,,,,,Qatar,,,,,https://qatar.arablocal.com/business/view/ahli-bank-qsc-atm-indian-hyper-market-doha
arablocal.com | 520: Web server is returning an unknown error,,,,,,Qatar,,,,,https://qatar.arablocal.com/business/view/commercial-bank-of-qatar-atm-al-meera-mansoura
arablocal.com | 520: Web server is returning an unknown error,,,,,,Qatar,,,,,https://qatar.arablocal.com/business/view/qnb-atm-ansar-gallery-airport
arablocal.com | 520: Web server is returning an unknown error,,,,,,Qatar,,,,,https://qatar.arablocal.com/business/view/qiib-atm-grand-hamad-street-2
arablocal.com | 520: Web server is returning an unknown error,,,,,,Qatar,,,,,https://qatar.arablocal.com/business/view/atm-international-islamic
arablocal.com | 520: Web server is returning an unknown error,,,,,,Qatar,,,,,https://qatar.arablocal.com/business/view/qiib-atm-ezqwa
arablocal.com | 520: Web server is returning an unknown error,,,,,,Qatar,,,,,https://qatar.arablocal.com/business/view/qiib-atm-rayyan-branch
Ooredoo Selfe Service Machine,,,"Al Matar St, Doha",Al Matar St,,Qatar,Ooredoo Selfe Service Machine,,,1400,https://qatar.arablocal.com/business/view/ooredoo-selfe-service-machine
arablocal.com | 520: Web server is returning an unknown error,,,,,,Qatar,,,,,https://qatar.arablocal.com/business/view/qiib-atm-katara-cultural-village
arablocal.com | 520: Web server is returning an unknown error,,,,,,Qatar,,,,,https://qatar.arablocal.com/business/view/qnb-atm-air-force-branch
arablocal.com | 520: Web server is returning an unknown error,,,,,,Qatar,,,,,https://qatar.arablocal.com/business/view/qnb-atm1-north-gate-mall-branch
arablocal.com | 520: Web server is returning an unknown error,,,,,,Qatar,,,,,https://qatar.arablocal.com/business/view/ahli-bank-qsc-atm-01-mall-doha
arablocal.com | 520: Web server is returning an unknown error,,,,,,Qatar,,,,,https://qatar.arablocal.com/business/view/qnb-atm-lulu-al-khor-mall-foodcourt
arablocal.com | 520: Web server is returning an unknown error,,,,,,Qatar,,,,,https://qatar.arablocal.com/business/view/commercial-bank-of-qatar-atm-al-ruwais-branch
arablocal.com | 520: Web server is returning an unknown error,,,,,,Qatar,,,,,https://qatar.arablocal.com/business/view/ooredoo-self-service-machine-al-matar-st-doha
arablocal.com | 520: Web server is returning an unknown error,,,,,,Qatar,,,,,https://qatar.arablocal.com/business/view/commercial-bank-of-qatar-atm-al-meera-madinat-khalifa
arablocal.com | 520: Web server is returning an unknown error,,,,,,Qatar,,,,,https://qatar.arablocal.com/business/view/qiib-bank-atm
Ooredoo ATM,,,Ar-Rayyan,,,Qatar,Ooredoo ATM,,,1150,https://qatar.arablocal.com/business/view/ooredoo-atm
arablocal.com | 520: Web server is returning an unknown error,,,,,,Qatar,,,,,https://qatar.arablocal.com/business/view/qatar-international-islamic-bank-atm
arablocal.com | 520: Web server is returning an unknown error,,,,,,Qatar,,,,,https://qatar.arablocal.com/business/view/commercial-bank-of-qatar-atm-doha-branch2
arablocal.com | 520: Web server is returning an unknown error,,,,,,Qatar,,,,,https://qatar.arablocal.com/business/view/hsbc-atm-doha-festival-city
arablocal.com | 520: Web server is returning an unknown error,,,,,,Qatar,,,,,https://qatar.arablocal.com/business/view/commercial-bank-of-qatar-atm-ansar-gallery-al-khor
arablocal.com | 520: Web server is returning an unknown error,,,,,,Qatar,,,,,https://qatar.arablocal.com/business/view/commercial-bank-of-qatar-atm-villagio-mall-branch-3
ATM Doha Bank branch 1,+974 44456000,,Doha,,,Qatar,ATM Doha Bank branch 1,,,1054,https://qatar.arablocal.com/business/view/atm-doha-bank-branch-1
arablocal.com | 520: Web server is returning an unknown error,,,,,,Qatar,,,,,https://qatar.arablocal.com/business/view/ahli-bank-qsc-atm-qatar-insurance-company-building-doha
arablocal.com | 520: Web server is returning an unknown error,,,,,,Qatar,,,,,https://qatar.arablocal.com/business/view/qnb-atm-al-gharaffa-sports-club
arablocal.com | 520: Web server is returning an unknown error,,,,,,Qatar,,,,,https://qatar.arablocal.com/business/view/atm-mashreq-bank-atm
arablocal.com | 520: Web server is returning an unknown error,,,,,,Qatar,,,,,https://qatar.arablocal.com/business/view/commercial-bank-of-qatar-atm-dfc-branch-atm-1
arablocal.com | 520: Web server is returning an unknown error,,,,,,Qatar,,,,,https://qatar.arablocal.com/business/view/commercial-bank-of-qatar-atm-dar-al-salam-branch-1
QNB ATM MOI Al Daayen,+974 44407777,,"Al Khor Coastal Rd, Al Khor",Al Khor Coastal Rd,,Qatar,QNB ATM MOI Al Daayen,,,1013,https://qatar.arablocal.com/business/view/qnb-atm-moi-al-daayen
QIB ATM bank,,,Doha,,,Qatar,QIB ATM bank,,0,1010,https://qatar.arablocal.com/business/view/qib-atm-bank
arablocal.com | 520: Web server is returning an unknown error,,,,,,Qatar,,,,,https://qatar.arablocal.com/business/view/qnb-atm-hamad-womens-hospital-mosque
arablocal.com | 520: Web server is returning an unknown error,,,,,,Qatar,,,,,https://qatar.arablocal.com/business/view/ahli-bank-qsc-atm-al-jazeera-exchange-doha
arablocal.com | 520: Web server is returning an unknown error,,,,,,Qatar,,,,,https://qatar.arablocal.com/business/view/ahli-bank-qsc-atm-american-base-doha
arablocal.com | 520: Web server is returning an unknown error,,,,,,Qatar,,,,,https://qatar.arablocal.com/business/view/commercial-bank-of-qatar-atm-al-saad-branch-deposit
arablocal.com | 520: Web server is returning an unknown error,,,,,,Qatar,,,,,https://qatar.arablocal.com/business/view/masraf-al-rayan-atm-doha
arablocal.com | 520: Web server is returning an unknown error,,,,,,Qatar,,,,,https://qatar.arablocal.com/business/view/qnb-atm-regency-abu-hamour
arablocal.com | 520: Web server is returning an unknown error,,,,,,Qatar,,,,,https://qatar.arablocal.com/business/view/mashreq-bank-atm
arablocal.com | 520: Web server is returning an unknown error,,,,,,Qatar,,,,,https://qatar.arablocal.com/business/view/commercial-bank-of-qatar-atm-ar-rayyan-branch3
arablocal.com | 520: Web server is returning an unknown error,,,,,,Qatar,,,,,https://qatar.arablocal.com/business/view/commercial-bank-of-qatar-atm-ar-rayyan-branch1
arablocal.com | 520: Web server is returning an unknown error,,,,,,Qatar,,,,,https://qatar.arablocal.com/business/view/commercial-bank-of-qatar-1
arablocal.com | 520: Web server is returning an unknown error,,,,,,Qatar,,,,,https://qatar.arablocal.com/business/view/qnb-atm-al-maared-market-37
arablocal.com | 520: Web server is returning an unknown error,,,,,,Qatar,,,,,https://qatar.arablocal.com/business/view/commercial-bank-of-qatar-atm-al-khor-branch-atm-3
arablocal.com | 520: Web server is returning an unknown error,,,,,,Qatar,,,,,https://qatar.arablocal.com/business/view/commercial-bank-of-qatar-atm-al-wakrah-avenue-branch-1
arablocal.com | 520: Web server is returning an unknown error,,,,,,Qatar,,,,,https://qatar.arablocal.com/business/view/atm-doha-bank-branch-2
arablocal.com | 520: Web server is returning an unknown error,,,,,,Qatar,,,,,https://qatar.arablocal.com/business/view/commercial-bank-of-qatar-atm-hia-concourse-e
arablocal.com | 520: Web server is returning an unknown error,,,,,,Qatar,,,,,https://qatar.arablocal.com/business/view/qnb-atm-zone-center-muaither
arablocal.com | 520: Web server is returning an unknown error,,,,,,Qatar,,,,,https://qatar.arablocal.com/business/view/commercial-bank-of-qatar-atm-al-wakrah-avenue-branch-2
arablocal.com | 520: Web server is returning an unknown error,,,,,,Qatar,,,,,https://qatar.arablocal.com/business/view/qnb-atm-bin-omran-branch
arablocal.com | 520: Web server is returning an unknown error,,,,,,Qatar,,,,,https://qatar.arablocal.com/business/view/qnb-atm-woqod-fareej-bin-dirham-petrol-station
arablocal.com | 520: Web server is returning an unknown error,,,,,,Qatar,,,,,https://qatar.arablocal.com/business/view/commercial-bank-of-qatar-atm-ffc-airport
arablocal.com | 520: Web server is returning an unknown error,,,,,,Qatar,,,,,https://qatar.arablocal.com/business/view/qiib-atm-al-azizia-complex
arablocal.com | 520: Web server is returning an unknown error,,,,,,Qatar,,,,,https://qatar.arablocal.com/business/view/qnb-atm-lusail
arablocal.com | 520: Web server is returning an unknown error,,,,,,Qatar,,,,,https://qatar.arablocal.com/business/view/cbq-atm-ffc
arablocal.com | 520: Web server is returning an unknown error,,,,,,Qatar,,,,,https://qatar.arablocal.com/business/view/commercial-bank-of-qatar-atm-al-khor-branch-atm-1
arablocal.com | 520: Web server is returning an unknown error,,,,,,Qatar,,,,,https://qatar.arablocal.com/business/view/masraf-al-rayan-atm-ar-rayyan
arablocal.com | 520: Web server is returning an unknown error,,,,,,Qatar,,,,,https://qatar.arablocal.com/business/view/qiib-atm-cuban-hospital
arablocal.com | 520: Web server is returning an unknown error,,,,,,Qatar,,,,,https://qatar.arablocal.com/business/view/commercial-bank-of-qatar-atm-mall-of-qatar-branch-1
arablocal.com | 520: Web server is returning an unknown error,,,,,,Qatar,,,,,https://qatar.arablocal.com/business/view/commercial-bank-of-qatar-atm-hyatt-plaza-mall-branch
QNB ATM2 North Gate Mall Branch,+974 44407777,,"Alghazlaniya St, Doha",Alghazlaniya St,,Qatar,QNB ATM2 North Gate Mall Branch,http://www.qnb.com,0,2183,https://qatar.arablocal.com/business/view/qnb-atm2-north-gate-mall-branch
Commercial Bank Of Qatar ATM Al Meera Abu Hamour,+974 44490000,+974 44490024,Messaimer,,,Qatar,Commercial Bank Of Qatar ATM Al Meera Abu Hamour,http://www.cbq.com.qa,0,1658,https://qatar.arablocal.com/business/view/commercial-bank-of-qatar-atm-al-meera-abu-hamour
QNB ATM Al Bidda Tower Branch,+974 44407777,,"Al Corniche St, Doha",Al Corniche St,,Qatar,QNB ATM Al Bidda Tower Branch,http://www.qnb.com,,1486,https://qatar.arablocal.com/business/view/qnb-atm-al-bidda-tower-branch
QNB ATM Food Court Qatar University Ladies,+974 44407777,,"Al Jamiaa St, Doha",Al Jamiaa St,,Qatar,QNB ATM Food Court Qatar University Ladies,http://www.qnb.com,,1415,https://qatar.arablocal.com/business/view/qnb-atm-food-court-qatar-university-ladies
Commercial Bank Of Qatar ATM Al Fardan Exch Muaither,+974 44490000,+974 44490024,"New Rayaan, Muaither Street 740",New Rayaan,,Qatar,Commercial Bank Of Qatar ATM Al Fardan Exch Muaither,http://www.cbq.com.qa,,1100,https://qatar.arablocal.com/business/view/commercial-bank-of-qatar-atm-al-fardan-exch-muaither
QIIB ATM NAJMA,+974 44840000,,"Al Mansoura St, Doha",Al Mansoura St,,Qatar,QIIB ATM NAJMA,http://www.qiib.com.qa,,1092,https://qatar.arablocal.com/business/view/qiib-atm-najma
Commercial Bank Of Qatar ATM Cb Plaza Branch ATM 2,+974 44490000,+974 44490024,Near QP District,,,Qatar,Commercial Bank Of Qatar ATM Cb Plaza Branch ATM 2,http://www.cbq.com.qa,0,1040,https://qatar.arablocal.com/business/view/commercial-bank-of-qatar-atm-cb-plaza-branch-atm-2
Commercial Bank Qatar CBQ ATM,+974 44490000,,"Al Matar St, Doha",Al Matar St,,Qatar,Commercial Bank Qatar CBQ ATM,http://www.cbq.qa,0,1036,https://qatar.arablocal.com/business/view/commercial-bank-qatar-cbq-atm
Commercial Bank Of Qatar ATM Ezdan Oasis Lulu,+974 44490000,+974 44490024,Ezdan,,,Qatar,Commercial Bank Of Qatar ATM Ezdan Oasis Lulu,http://www.cbq.com.qa,0,1010,https://qatar.arablocal.com/business/view/commercial-bank-of-qatar-atm-ezdan-oasis-lulu
Ahli Bank QSC ATM Landmark Mall Doha,+974 44205222,,"Landmark Mall - Opposite Colombos Caf?, Qatar P.O.Box 2309",Landmark Mall - Opposite Colombos Caf?,,Qatar,Ahli Bank QSC ATM Landmark Mall Doha,http://www.ahlibank.com.qa,,1011,https://qatar.arablocal.com/business/view/ahli-bank-qsc-atm-landmark-mall-doha
Ahli Bank QSC ATM Al Mana Petrol Station Doha,+974 44205222,,"Al Mana Petrol Station - by McDonalds, Qatar P.O.Box 2309",Al Mana Petrol Station - by McDonalds,,Qatar,Ahli Bank QSC ATM Al Mana Petrol Station Doha,http://www.ahlibank.com.qa,0,1004,https://qatar.arablocal.com/business/view/ahli-bank-qsc-atm-al-mana-petrol-station-doha
Ahli Bank QSC ATM Al Dar Exchange Doha,+974 44205222,,"Al Dar Exchange - by main entrance, Qatar P.O.Box 2309",Al Dar Exchange - by main entrance,,Qatar,Ahli Bank QSC ATM Al Dar Exchange Doha,http://www.ahlibank.com.qa,0,999,https://qatar.arablocal.com/business/view/ahli-bank-qsc-atm-al-dar-exchange-doha
Ahli Bank QSC ATM Al Khor Doha,+974 44205222,,Grand Hypermarket? Al Khor P.O.Box 2309,,,Qatar,Ahli Bank QSC ATM Al Khor Doha,http://www.ahlibank.com.qa,,998,https://qatar.arablocal.com/business/view/ahli-bank-qsc-atm-al-khor-doha
Commercial Bank Of Qatar ATM Bin Omran Branch ATM 2,+974 44490000,+974 44490024,Bin Omran Street,,,Qatar,Commercial Bank Of Qatar ATM Bin Omran Branch ATM 2,http://www.cbq.com.qa,0,970,https://qatar.arablocal.com/business/view/commercial-bank-of-qatar-atm-bin-omran-branch-atm-2
Commercial Bank of Qatar ATM BOJAMOOR,+974 44495020,,Al Wakrah,,,Qatar,Commercial Bank of Qatar ATM BOJAMOOR,http://www.cbq.qa,,995,https://qatar.arablocal.com/business/view/commercial-bank-of-qatar-atm-bojamoor
Ahli Bank QSC ATM Islamic Exchange Doha,+974 44205222,,"Islamic Exchange - by main entrance, Al Kassarat St, Qatar P.O.Box 2309",Islamic Exchange - by main entrance,Al Kassarat St,Qatar,Ahli Bank QSC ATM Islamic Exchange Doha,http://www.ahlibank.com.qa,0,978,https://qatar.arablocal.com/business/view/ahli-bank-qsc-atm-islamic-exchange-doha
CBQ ATM Umm Salal,,,Umm Salal Muhammed,,,Qatar,CBQ ATM Umm Salal,http://www.cbq.qa,,953,https://qatar.arablocal.com/business/view/cbq-atm-umm-salal
Masraf Al Rayan ATM,+974 44253333,,Al,,,Qatar,Masraf Al Rayan ATM,http://www.alrayan.com,,948,https://qatar.arablocal.com/business/view/masraf-al-rayan-atm
QNB ATM FAHES Al Wukair,+974 44407777,,"Al Wukair St, Al Wukair",Al Wukair St,,Qatar,QNB ATM FAHES Al Wukair,http://www.qnb.com,,949,https://qatar.arablocal.com/business/view/qnb-atm-fahes-al-wukair
Commercial Bank Of Qatar ATM Villagio Mall Branch 2,+974 44490000,,"Villagio Mall, G Floor, Near Cinemas",Villagio Mall,G Floor,Qatar,Commercial Bank Of Qatar ATM Villagio Mall Branch 2,http://www.cbq.com.qa,0,947,https://qatar.arablocal.com/business/view/commercial-bank-of-qatar-atm-villagio-mall-branch-2
Commercial Bank Of Qatar ATM Bin Omran Branch ATM 1,+974 44490000,+974 44490024,Bin Omran Street,,,Qatar,Commercial Bank Of Qatar ATM Bin Omran Branch ATM 1,http://www.cbq.com.qa,0,934,https://qatar.arablocal.com/business/view/commercial-bank-of-qatar-atm-bin-omran-branch-atm-1
Commercial Bank Of Qatar ATM Al Fardan Exch Najma 1,+974 44490000,+974 44490024,"Najma Street, Opp. Hot bread bakery",Najma Street,,Qatar,Commercial Bank Of Qatar ATM Al Fardan Exch Najma 1,http://www.cbq.com.qa,0,926,https://qatar.arablocal.com/business/view/commercial-bank-of-qatar-atm-al-fardan-exch-najma-1
Commercial Bank Of Qatar ATM Cb Plaza Branch ATM 1,+974 44490000,+974 44490024,Al Markhiyah Street (opposite QP Admin Building),,,Qatar,Commercial Bank Of Qatar ATM Cb Plaza Branch ATM 1,http://www.cbq.com.qa,0,911,https://qatar.arablocal.com/business/view/commercial-bank-of-qatar-atm-cb-plaza-branch-atm-1
Commercial Bank Of Qatar ATM Hamad Hospital Branch,+974 44490000,,Hamad Hospital Main Car parking,,,Qatar,Commercial Bank Of Qatar ATM Hamad Hospital Branch,http://www.cbq.com.qa,,918,https://qatar.arablocal.com/business/view/commercial-bank-of-qatar-atm-hamad-hospital-branch
Commercial Bank Of Qatar ATM Messillah Branch,+974 44490000,+974 44490024,Shammal Road Near US Embassy,,,Qatar,Commercial Bank Of Qatar ATM Messillah Branch,http://www.cbq.com.qa,0,905,https://qatar.arablocal.com/business/view/commercial-bank-of-qatar-atm-messillah-branch
Commercial Bank Of Qatar ATM Hyatt Plaza Mall,+974 44490000,+974 44490024,"Hyatt Plaza Mall, G Floor, Al Waab Street",Hyatt Plaza Mall,G Floor,Qatar,Commercial Bank Of Qatar ATM Hyatt Plaza Mall,http://www.cbq.com.qa,0,882,https://qatar.arablocal.com/business/view/commercial-bank-of-qatar-atm-hyatt-plaza-mall-1
Commercial Bank Of Qatar ATM Souq Al Kalah,+974 44490000,+974 44490024,"Salwa Road, Towards Industrial Area",Salwa Road,,Qatar,Commercial Bank Of Qatar ATM Souq Al Kalah,http://www.cbq.com.qa,0,827,https://qatar.arablocal.com/business/view/commercial-bank-of-qatar-atm-souq-al-kalah
Commercial Bank Of Qatar ATM Al Wakrah Avenue Branch 3,+974 44490000,+974 44490024,"Al Wakrah Road, Opp Souq",Al Wakrah Road,,Qatar,Commercial Bank Of Qatar ATM Al Wakrah Avenue Branch 3,http://www.cbq.com.qa,0,821,https://qatar.arablocal.com/business/view/commercial-bank-of-qatar-atm-al-wakrah-avenue-branch-3
Commercial Bank Of Qatar ATM Al Fardan Exch Najma 2,+974 44490000,+974 44490024,"Najma Street, Opp. Hot bread bakery",Najma Street,,Qatar,Commercial Bank Of Qatar ATM Al Fardan Exch Najma 2,http://www.cbq.com.qa,0,812,https://qatar.arablocal.com/business/view/commercial-bank-of-qatar-atm-al-fardan-exch-najma-2
Commercial Bank Of Qatar ATM Souq Waqif,+974 44490000,+974 44490024,Souq Waqif,,,Qatar,Commercial Bank Of Qatar ATM Souq Waqif,http://www.cbq.com.qa,0,811,https://qatar.arablocal.com/business/view/commercial-bank-of-qatar-atm-souq-waqif
Commercial Bank Of Qatar ATM Dar AL Salam Branch 2,+974 44490000,+974 44490024,"Dar Al Salam Mall, G Floor, Messaimer Road",Dar Al Salam Mall,G Floor,Qatar,Commercial Bank Of Qatar ATM Dar AL Salam Branch 2,http://www.cbq.com.qa,0,807,https://qatar.arablocal.com/business/view/commercial-bank-of-qatar-atm-dar-al-salam-branch-2
Commercial Bank Of Qatar ATM Al Saad Branch ATM 2,+974 44490000,+974 44490024,Near Al Saad Signal,,,Qatar,Commercial Bank Of Qatar ATM Al Saad Branch ATM 2,http://www.cbq.com.qa,,820,https://qatar.arablocal.com/business/view/commercial-bank-of-qatar-atm-al-saad-branch-atm-2
Commercial Bank Of Qatar ATM Al Khor Branch ATM 4,+974 44490000,,"Al Dhakira Road, Al Khor",Al Dhakira Road,,Qatar,Commercial Bank Of Qatar ATM Al Khor Branch ATM 4,http://www.cbq.com.qa,,820,https://qatar.arablocal.com/business/view/commercial-bank-of-qatar-atm-al-khor-branch-atm-4
Commercial Bank Of Qatar ATM Al Rayyan Branch ATM 1,+974 44490000,+974 44490024,Al Shaffi Street,,,Qatar,Commercial Bank Of Qatar ATM Al Rayyan Branch ATM 1,http://www.cbq.com.qa,0,786,https://qatar.arablocal.com/business/view/commercial-bank-of-qatar-atm-al-rayyan-branch-atm-1
Commercial Bank Of Qatar The Centre Mall ATM 1,+974 44490000,+974 44490024,"Muntazah, Opp. Westin Hotel",Muntazah,,Qatar,Commercial Bank Of Qatar The Centre Mall ATM 1,http://www.cbq.com.qa,0,781,https://qatar.arablocal.com/business/view/commercial-bank-of-qatar-the-centre-mall-atm-1
