Name,Phone_1,Phone_2,Email,Location,Area,Governorate,Country,About,Website,Rating,Views,URL,Facebook,Instagram,Twitter
arablocal.com | 520: Web server is returning an unknown error,,,,,,,Qatar,,,,,https://qatar.arablocal.com/business/view/vanguard-trading-showroom-la-marzocco-qatar,,,
Sun And Sand Sports Dar Al salam Mall Doha,+974 44510179,,,"Dar Al Salam Mall, 1st floor, Doha, Qatar",Dar Al Salam Mall,Doha,Qatar,Sun And Sand Sports Dar Al salam Mall Doha,,,4439,https://qatar.arablocal.com/business/view/sun-and-sand-sports-dar-al-salam-mall-doha,,,
arablocal.com | 520: Web server is returning an unknown error,,,,,,,Qatar,,,,,https://qatar.arablocal.com/business/view/al-azizia-curtains-and-accessories,,,
arablocal.com | 520: Web server is returning an unknown error,,,,,,,Qatar,,,,,https://qatar.arablocal.com/business/view/al-fajr-decor-and-display-fittings-co,,,
Greens Paper Trading W L L Doha Qatar,+974 50291324,,,Doha,,,Qatar,Greens Paper Trading W L L Doha Qatar,,,3636,https://qatar.arablocal.com/business/view/greens-paper-trading-w-l-l-doha-qatar,,,
Malabar Gold And Diamonds Grand Mall Doha,+974 44931916,,customercare.intl@malabargroup.com,"Near Karwa Head Quarters, West End Park, Ground Floor, Grand Mall, Doha",Near Karwa Head Quarters,Grand Mall,Qatar,Malabar Gold And Diamonds Grand Mall Doha,http://www.malabargoldanddiamonds.com/stores/qatar,0,5077,https://qatar.arablocal.com/business/view/malabar-gold-and-diamonds-grand-mall-doha,https://www.facebook.com/malabarqatar/,,
Al Sulaiman Jewellers GOLD SOUQ BRANCH,+974 44376677,+974 44442556,asjqatar@qatar.net.qa,"BUILDING NO:16, STREET NO:810, ZONE :6 AL ASHAAT STREET AREA, Doha, Qatar",BUILDING NO:16,Doha,Qatar,Al Sulaiman Jewellers GOLD SOUQ BRANCH,http://www.alsulaimanjewellers.com/,0,5038,https://qatar.arablocal.com/business/view/al-sulaiman-jewellers-doha-branch-2,https://www.facebook.com/asjqatar,https://www.instagram.com/alsulaimanjewellers/,https://twitter.com/asjqatar
Sports Corner salwa road,+974 40362211,,info@sportscorner.qa,"Salwa Rd, Doha, Qatar",Salwa Rd,Doha,Qatar,Sports Corner,http://sportscorner.qa/,,4265,https://qatar.arablocal.com/business/view/sports-corner,https://www.facebook.com/sportscornerqatar,https://www.instagram.com/sportscornerco/,https://twitter.com/sportscornerco
Nestle Pure Life Al Manhal Water Factory Co Ltd Wll,+974 33935777,+974 44335777,,"P.O. Box: 9753, Gate 1, Plot 1003 - 1004, Nr Ministry Of Energy & Industry, New Indl Area",P.O. Box: 9753,Nr Ministry Of Energy & Industry,Qatar,Nestle Pure Life Al Manhal Water Factory Co Ltd Wll,http://www.nestle-waters.me,0,3412,https://qatar.arablocal.com/business/view/nestle-pure-life-al-manhal-water-factory-co-ltd-wll,,,
Mosafer Royal Plaza,+974 44131110,,info@mosafer.com,"1st Floor, Al Saad Street",1st Floor,,Qatar,"Mosafer, the Fine Art of Travel, is AbuIssa Holding’s own developed concept focusing on travel lifestyle. Fusing its understanding of digital lifestyles, the nuanced needs of frequent travelers and the importance of user-centric design in its approach to the in-store experience and its own line of Mosafer products. Mosafer revolutionizes the experience of travel retail across the world.",http://www.abuissa.com,,3646,https://qatar.arablocal.com/business/view/mosafer-royal-plaza,,,
