Name,Phone_1,Phone_2,Location,Area,Country,About,Website,Rating,Views,URL
arablocal.com | 520: Web server is returning an unknown error,,,,,Qatar,,,,,https://qatar.arablocal.com/business/view/commercial-bank-of-qatar-atm-villagio-mall-branch-1
arablocal.com | 520: Web server is returning an unknown error,,,,,Qatar,,,,,https://qatar.arablocal.com/business/view/qnb-atm-general-retirement-and-pension-branch
arablocal.com | 520: Web server is returning an unknown error,,,,,Qatar,,,,,https://qatar.arablocal.com/business/view/mashraf-al-rayan-bank-atm
arablocal.com | 520: Web server is returning an unknown error,,,,,Qatar,,,,,https://qatar.arablocal.com/business/view/qnb-atm-woqod-motor-city-ps
arablocal.com | 520: Web server is returning an unknown error,,,,,Qatar,,,,,https://qatar.arablocal.com/business/view/ahli-bank-qsc-atm-indian-hyper-market-doha
QNB ATM2 North Gate Mall Branch,+974 44407777,,"Alghazlaniya St, Doha",Alghazlaniya St,Qatar,QNB ATM2 North Gate Mall Branch,http://www.qnb.com,,2183,https://qatar.arablocal.com/business/view/qnb-atm2-north-gate-mall-branch
Commercial Bank Of Qatar ATM Al Meera Abu Hamour,+974 44490000,+974 44490024,Messaimer,,Qatar,Commercial Bank Of Qatar ATM Al Meera Abu Hamour,http://www.cbq.com.qa,,1658,https://qatar.arablocal.com/business/view/commercial-bank-of-qatar-atm-al-meera-abu-hamour
QNB ATM Msherieb Properties Branch ATM Qatar National Bank Musheireb,+974 44963888,,"Al Asmakh St, Doha",Al Asmakh St,Qatar,QNB ATM Msherieb Properties Branch ATM Qatar National Bank Musheireb,http://www.qnb.com,0,1616,https://qatar.arablocal.com/business/view/qnb-atm-msherieb-properties-branch-atm-qatar-national-bank-musheireb
QNB ATM Dar Al Salam mall branch 1,+974 44407777,,"Mesaimeer Rd, Doha",Mesaimeer Rd,Qatar,QNB ATM Dar Al Salam mall branch 1,http://www.qnb.com,,1566,https://qatar.arablocal.com/business/view/qnb-atm-dar-al-salam-mall-branch-1
QNB ATM Al Bidda Tower Branch,+974 44407777,,"Al Corniche St, Doha",Al Corniche St,Qatar,QNB ATM Al Bidda Tower Branch,http://www.qnb.com,,1486,https://qatar.arablocal.com/business/view/qnb-atm-al-bidda-tower-branch
