Name,Phone_1,Phone_2,Location,Area,Country,About,Website,Views,URL
arablocal.com | 520: Web server is returning an unknown error,,,,,Qatar,,,,https://qatar.arablocal.com/business/view/al-sadd-sc-swimming-academy
arablocal.com | 520: Web server is returning an unknown error,,,,,Qatar,,,,https://qatar.arablocal.com/business/view/city-gym-ladies-wakra
arablocal.com | 520: Web server is returning an unknown error,,,,,Qatar,,,,https://qatar.arablocal.com/business/view/fitness-time-gym-umm-salal
arablocal.com | 520: Web server is returning an unknown error,,,,,Qatar,,,,https://qatar.arablocal.com/business/view/arab-club-swimming-pool
arablocal.com | 520: Web server is returning an unknown error,,,,,Qatar,,,,https://qatar.arablocal.com/business/view/ain-khalid-gate-lap-pool
AL Reem Gardens Compound,+974 50695510,,"Dukhan Hwy, Doha",Dukhan Hwy,Qatar,AL Reem Gardens Compound,,3733,https://qatar.arablocal.com/business/view/al-reem-gardens-compound
Al Messila Swimming Pool,+974 33046332,,Doha,,Qatar,Al Messila Swimming Pool,,3663,https://qatar.arablocal.com/business/view/al-messila-swimming-pool
arablocal.com | 520: Web server is returning an unknown error,,,,,Qatar,,,,https://qatar.arablocal.com/business/view/al-arabi-swimming-complex
arablocal.com | 520: Web server is returning an unknown error,,,,,Qatar,,,,https://qatar.arablocal.com/business/view/alwakra-sports-club-swimming-pool
German Fitness Centre Muaither Gym,+974 44213409,,"Muaither p.o.box : 202157, Doha",Muaither p.o.box : 202157,Qatar,German Fitness Centre Muaither Gym,,3140,https://qatar.arablocal.com/business/view/german-fitness-centre-muaither-gym
arablocal.com | 520: Web server is returning an unknown error,,,,,Qatar,,,,https://qatar.arablocal.com/business/view/city-gym-wakra
Fitness Time Al Mirqab Mall,+974 33417617,,"Al Mirqab Al Jadeed St, Doha",Al Mirqab Al Jadeed St,Qatar,Fitness Time Al Mirqab Mall,,2981,https://qatar.arablocal.com/business/view/fitness-time-al-mirqab-mall
arablocal.com | 520: Web server is returning an unknown error,,,,,Qatar,,,,https://qatar.arablocal.com/business/view/reem-alkhaleej-beauty-and-fitness-center
arablocal.com | 520: Web server is returning an unknown error,,,,,Qatar,,,,https://qatar.arablocal.com/business/view/sarins-lady-gym
arablocal.com | 520: Web server is returning an unknown error,,,,,Qatar,,,,https://qatar.arablocal.com/business/view/aspire-ladies-gym
Kerala Ayurvedic Spa Massage Center For Ladies,+974 50007714,,"Al Nasser, Al Mirqab Al Jadeed St",Al Nasser,Qatar,Kerala Ayurvedic Spa Massage Center For Ladies,http://kerala-massage-center-for-ladies-doha-qatar.business.site/?utm_source=gmb&utm_medium=referral,4791,https://qatar.arablocal.com/business/view/kerala-ayurvedic-spa-massage-center-for-ladies-doha-qatar
Al Ahli Sports Club Swmming Pool,+974 40327732,,"Al Nadi St, Doha",Al Nadi St,Qatar,Al Ahli Sports Club Swmming Pool,http://www.al-ahliclub.com,4273,https://qatar.arablocal.com/business/view/al-ahli-sports-club-swmming-pool
Dr Nutrition Doha Festival City,+974 44519165,,Doha Festival City,,Qatar,Dr Nutrition Doha Festival City,http://www.drnutrition.com,3610,https://qatar.arablocal.com/business/view/dr-nutrition-doha-festival-city
Body Glaze Gents Spa,+974 44665857,+974 44659092,"Madinat Khalifa South? Doha, Qatar",Madinat Khalifa South? Doha,Qatar,Body Glaze Gents Spa,http://www.bodyglaze.net ^ www.bodyglazeqatar.com,2663,https://qatar.arablocal.com/business/view/body-glaze-gents-spa
