Name,Phone_1,Phone_2,Location,Area,Governorate,Country,About,Website,Rating,Views,URL,Facebook,Instagram,Twitter,YouTube
arablocal.com | 520: Web server is returning an unknown error,,,,,,Qatar,,,,,https://qatar.arablocal.com/business/view/saudia-hypermarket-al-shafi-new-rayyan,,,,
arablocal.com | 520: Web server is returning an unknown error,,,,,,Qatar,,,,,https://qatar.arablocal.com/business/view/al-manhal-water-factory-co-ltd-wll,,,,
Fish Market Or Central Salal,+974 66338217,,City :,,,Qatar,Fish Market Or Central Salal,,,5088,https://qatar.arablocal.com/business/view/fish-market-or-central-salal,,,,
arablocal.com | 520: Web server is returning an unknown error,,,,,,Qatar,,,,,https://qatar.arablocal.com/business/view/jinan-factory-for-food-products-nutrobite-previously,,,,
Al Wakra Fish Market,+974 66513750,,Al Wakrah,,,Qatar,Al Wakra Fish Market,,,3990,https://qatar.arablocal.com/business/view/al-wakra-fish-market,,,,
arablocal.com | 520: Web server is returning an unknown error,,,,,,Qatar,,,,,https://qatar.arablocal.com/business/view/arab-qatari-co-for-dairy-production,,,,
arablocal.com | 520: Web server is returning an unknown error,,,,,,Qatar,,,,,https://qatar.arablocal.com/business/view/lulu-hypermarket-d-ring-road,,,,
Modern Food Centre,+974 44602007,+974 44167965,"St 36, Gate 87, Ind Area P.O.Box 21419",St 36,Gate 87,Qatar,Modern Food Centre,,,3194,https://qatar.arablocal.com/business/view/modern-food-centre,,,,
arablocal.com | 520: Web server is returning an unknown error,,,,,,Qatar,,,,,https://qatar.arablocal.com/business/view/wilton,,,,
Doha Dates by NAFCO,+974 44681401,,Doha,,,Qatar,Doha Dates by NAFCO,,0,2881,https://qatar.arablocal.com/business/view/doha-dates-by-nafco,,,,
arablocal.com | 520: Web server is returning an unknown error,,,,,,Qatar,,,,,https://qatar.arablocal.com/business/view/al-manal-food-factory,,,,
Lulu Hypermarket Al Gharrafa,+974 44074000,,"51 Al Shamal Road Al Gharrafa, Doha, Qatar",51 Al Shamal Road Al Gharrafa,Doha,Qatar,"LuLu Hypermarket, the retail division of the multidimensional and multinational LuLu Group International has always been known as a trend setter of the retail industry in the region. Today, LuLu symbolizes quality retailing with 192 stores and is immensely popular with the discerning shoppers across the Gulf region.With its pleasant and novel variation from the usual supermarkets, LuLu offers an ultra-modern shopping ambience by integrating all conceivable needs of the consumers under one roo...",http://www.luluhypermarket.com/en-qa?fbclid=IwAR1HPxQMnz45kii5WJU-G6k4I7wXS49eL53TC0nChdHsNJ9J9Y2kJ4M1r_Y,0,6701,https://qatar.arablocal.com/business/view/lulu-hypermarket-al-gharrafa,https://www.facebook.com/LuLuHypermarket/?brand_redir=1467622770231238,https://www.instagram.com/luluhyperqa/,https://twitter.com/luluhyperQA,https://www.youtube.com/user/luluhypermarkets
LULU EXPRESS B RING ROAD,+974 77774426,+974 44252888,"B-RING ROAD, BIN DIRHAM PLAZA, DOHA, QATAR",B-RING ROAD,DOHA,Qatar,LULU EXPRESS B RING ROAD,http://www.luluhypermarket.com/en-qa?fbclid=IwAR1HPxQMnz45kii5WJU-G6k4I7wXS49eL53TC0nChdHsNJ9J9Y2kJ4M1r_Y,,6501,https://qatar.arablocal.com/business/view/lulu-express-doha,https://www.facebook.com/LuLuHypermarket/?brand_redir=1467622770231238,https://www.instagram.com/luluhyperqa/,https://twitter.com/luluhyperQA,https://www.youtube.com/user/luluhypermarkets
RAFEEQ AL DARB TRADING SERVICES AND TRANSPORTATION,+974 44482000,,"1st Floor, Qatar Handball Association Building Qatar Sports Club, Al Markhiya St, Doha",1st Floor,Al Markhiya St,Qatar,RAFEEQ AL DARB TRADING SERVICES AND TRANSPORTATION,http://www.gorafeeq.com,,4392,https://qatar.arablocal.com/business/view/rafeeq-al-darb-trading-services-and-transportation,,,,
Lulu Center,+974 44324324,,"AL RAYYAN ROAD, AL SADD 38 AD DAWHAH",AL RAYYAN ROAD,,Qatar,"LuLu Hypermarket, the retail division of the multidimensional and multinational LuLu Group International has always been known as a trend setter of the retail industry in the region. Today, LuLu symbolizes quality retailing with 192 stores and is immensely popular with the discerning shoppers across the Gulf region.With its pleasant and novel variation from the usual supermarkets, LuLu offers an ultra-modern shopping ambience by integrating all conceivable needs of the consumers under one roo...",http://www.luluhypermarket.com/en-qa?fbclid=IwAR1HPxQMnz45kii5WJU-G6k4I7wXS49eL53TC0nChdHsNJ9J9Y2kJ4M1r_Y,0,3887,https://qatar.arablocal.com/business/view/lulu-center,https://www.facebook.com/LuLuHypermarket/?brand_redir=1467622770231238,https://www.instagram.com/luluhyperqa/,https://twitter.com/luluhyperQA,https://www.youtube.com/user/luluhypermarkets
Lulu Hypermarket Al Messila,+974 44698888,+974 44667780,"Near Al Rayyan Village, Jasim Bin Hamad St, Doha",Near Al Rayyan Village,Jasim Bin Hamad St,Qatar,"LuLu Hypermarket, the retail division of the multidimensional and multinational LuLu Group International has always been known as a trend setter of the retail industry in the region. Today, LuLu symbolizes quality retailing with 192 stores and is immensely popular with the discerning shoppers across the Gulf region.With its pleasant and novel variation from the usual supermarkets, LuLu offers an ultra-modern shopping ambience by integrating all conceivable needs of the consumers under one roo...",http://www.luluhypermarket.com/en-qa?fbclid=IwAR1HPxQMnz45kii5WJU-G6k4I7wXS49eL53TC0nChdHsNJ9J9Y2kJ4M1r_Y,,3884,https://qatar.arablocal.com/business/view/lulu-hypermarket-al-messila,https://www.facebook.com/LuLuHypermarket/?brand_redir=1467622770231238,https://www.instagram.com/luluhyperqa/,https://twitter.com/luluhyperQA,https://www.youtube.com/user/luluhypermarkets
Nestle Pure Life Al Manhal Water Factory Co Ltd Wll,+974 33935777,+974 44335777,"P.O. Box: 9753, Gate 1, Plot 1003 - 1004, Nr Ministry Of Energy & Industry, New Indl Area",P.O. Box: 9753,Nr Ministry Of Energy & Industry,Qatar,Nestle Pure Life Al Manhal Water Factory Co Ltd Wll,http://www.nestle-waters.me,,3412,https://qatar.arablocal.com/business/view/nestle-pure-life-al-manhal-water-factory-co-ltd-wll,,,,
Middle East Foodstuff Co Al Kabeer,+974 44687491,+974 33717140,"C - 35, Retaj Bldg, Salwa Rd / Wholesale Market P.O.Box 6753",C - 35,Retaj Bldg,Qatar,Middle East Foodstuff Co Al Kabeer,http://www.al-kabeer.com,,3195,https://qatar.arablocal.com/business/view/middle-east-foodstuff-co-al-kabeer,,,,
Widam Slaughterhouse Alrayan,,,"93 Al Sadd Street, PO Box 2992, Doha PO Box 22240",93 Al Sadd Street,PO Box 2992,Qatar,Widam Slaughterhouse Alrayan,http://www.widam.com.qa,,2844,https://qatar.arablocal.com/business/view/widam-slaughterhouse-alrayan,,,,
Lulu Hypermarket Al Meshaf,+974 40321888,,"Wukair street, near grand, Al Wukair, Qatar",Wukair street,Al Wukair,Qatar,"LuLu Hypermarket, the retail division of the multidimensional and multinational LuLu Group International has always been known as a trend setter of the retail industry in the region. Today, LuLu symbolizes quality retailing with 192 stores and is immensely popular with the discerning shoppers across the Gulf region.With its pleasant and novel variation from the usual supermarkets, LuLu offers an ultra-modern shopping ambience by integrating all conceivable needs of the consumers under one roo...",http://www.luluhypermarket.com/en-qa?fbclid=IwAR1HPxQMnz45kii5WJU-G6k4I7wXS49eL53TC0nChdHsNJ9J9Y2kJ4M1r_Y,,2799,https://qatar.arablocal.com/business/view/lulu-hypermarket-al-meshaf,https://www.facebook.com/LuLuHypermarket/?brand_redir=1467622770231238,https://www.instagram.com/luluhyperqa/,https://twitter.com/luluhyperQA,https://www.youtube.com/user/luluhypermarkets
