Name,Phone_1,Location,Area,Governorate,Country,About,Website,Views,URL
arablocal.com | 520: Web server is returning an unknown error,,,,,Qatar,,,,https://qatar.arablocal.com/business/view/kuwari-optics
arablocal.com | 520: Web server is returning an unknown error,,,,,Qatar,,,,https://qatar.arablocal.com/business/view/doha-drug-store
arablocal.com | 520: Web server is returning an unknown error,,,,,Qatar,,,,https://qatar.arablocal.com/business/view/lusail-medical-center
arablocal.com | 520: Web server is returning an unknown error,,,,,Qatar,,,,https://qatar.arablocal.com/business/view/qatar-armed-forces-medical-services
Physiotherapy Bin Omran,+974 44395777,Doha,,,Qatar,Physiotherapy Bin Omran,,6142,https://qatar.arablocal.com/business/view/physiotherapy-bin-omran
Kuwari Optics Al Khor,,Al Khor,,,Qatar,Kuwari Optics Al Khor,,5025,https://qatar.arablocal.com/business/view/kuwari-optics-al-khor
Clinic Dr Ghazi Skin And Venereal,+974 44871573,Doha,,,Qatar,Clinic Dr Ghazi Skin And Venereal,,3751,https://qatar.arablocal.com/business/view/clinic-dr-ghazi-skin-and-venereal
Damascene Medical Center,+974 55913135,Muhammed,,,Qatar,Damascene Medical Center,,3716,https://qatar.arablocal.com/business/view/damascene-medical-center
arablocal.com | 520: Web server is returning an unknown error,,,,,Qatar,,,,https://qatar.arablocal.com/business/view/al-jazeera-medical-centre-mauither-branch
arablocal.com | 520: Web server is returning an unknown error,,,,,Qatar,,,,https://qatar.arablocal.com/business/view/dr-muhannad-children-s-clinic
arablocal.com | 520: Web server is returning an unknown error,,,,,Qatar,,,,https://qatar.arablocal.com/business/view/kings-dental-center-asian-town
arablocal.com | 520: Web server is returning an unknown error,,,,,Qatar,,,,https://qatar.arablocal.com/business/view/24-hours-pharmacies-in-qatar
arablocal.com | 520: Web server is returning an unknown error,,,,,Qatar,,,,https://qatar.arablocal.com/business/view/kulud-al-sadd-pharmacy
arablocal.com | 520: Web server is returning an unknown error,,,,,Qatar,,,,https://qatar.arablocal.com/business/view/hmc-staff-clinic
arablocal.com | 520: Web server is returning an unknown error,,,,,Qatar,,,,https://qatar.arablocal.com/business/view/pearl-medical-center
arablocal.com | 520: Web server is returning an unknown error,,,,,Qatar,,,,https://qatar.arablocal.com/business/view/al-dousari-veterinary-services-and-agriculture-co-ar-rayyan
arablocal.com | 520: Web server is returning an unknown error,,,,,Qatar,,,,https://qatar.arablocal.com/business/view/ebn-sina-pharmacy-msheireb
Al Dafna Medical Center,,"Al Jamiaa St, Doha",Al Jamiaa St,,Qatar,Al Dafna Medical Center,,3035,https://qatar.arablocal.com/business/view/al-dafna-medical-center
arablocal.com | 520: Web server is returning an unknown error,,,,,Qatar,,,,https://qatar.arablocal.com/business/view/family-medical-polyclinic-al-aziziyah
Aljazeera Medical center Abusidra Branch,+974 44688024,"Bldg.No.30 Al silia Road ST .No.870 Zone 55,Al Rayyan",Bldg.No.30 Al silia Road ST .No.870 Zone 55,,Qatar,Aljazeera Medical center Abusidra Branch,,4051,https://qatar.arablocal.com/business/view/aljazeera-medical-center-abusidra-branch
European For Medical Equipment And Services,+974 77889579,"Salwa Rd, Doha",Salwa Rd,,Qatar,European For Medical Equipment And Services,http://www.emesqatar.com,4083,https://qatar.arablocal.com/business/view/european-for-medical-equipment-and-services
Al Salam Medical Center Ein Khaled Branch,+974 44441042,Doha,,,Qatar,Al Salam Medical Center Ein Khaled Branch,http://www.alsalammedicalcenter.com,6922,https://qatar.arablocal.com/business/view/al-salam-medical-center-ein-khaled-branch
City Medical Center Al Maamoura Doha,+974 44414995,"Al Maamoura Saad Bin Majed Bldg, / 49 / Zone: 56 / Street: 780, Doha",Al Maamoura Saad Bin Majed Bldg,/ 49 / Zone: 56 / Street: 780,Qatar,City Medical Center Al Maamoura Doha,http://www.citymedical-center.com,3329,https://qatar.arablocal.com/business/view/city-medical-center-al-maamoura-doha
Kulud Pharmacy Hamad International airport Doha,+974 40182036,"Hamad International Airport, Departure terminal B, Taxi Rte, Doha",Hamad International Airport,Taxi Rte,Qatar,Kulud Pharmacy Hamad International airport Doha,http://www.kulud-pharmacy.com,3048,https://qatar.arablocal.com/business/view/kulud-pharmacy-hamad-international-airport-doha
Beauty Clinic By Turkish Hospital,+974 44992499,"Behind Turkish Hospital, Ali Bin Abi Talib St, Al nuzha Signal, Doha",Behind Turkish Hospital,Al nuzha Signal,Qatar,Beauty Clinic By Turkish Hospital,http://www.thbeautyclinic.com,2958,https://qatar.arablocal.com/business/view/beauty-clinic-by-turkish-hospital
Al Hekma Medical Center,+974 44141977,"Umm Al Dome St, Ar-Rayyan, Qatar",Umm Al Dome St,Ar-Rayyan,Qatar,Al Hekma Medical Center,http://www.hekmahealth.com,2790,https://qatar.arablocal.com/business/view/al-hekma-medical-center
