Category,URL,Scraped_At,Runtime_Sec,Name,Phone_1,Phone_2,Phone_3,WhatsApp,Email,Location,Area,Governorate,Country,About,Website,Rating,Views,Fax
construction,https://uae.arablocal.com/business/view/gemini-building-materials-mussafah-abu-dhabi,2026-04-14 15:53:28,19,Gemini Building Materials Mussafah Abu Dhabi,+971 25541410,+971 561197955,,,,"Ground Floor, Firdaus Building, Shop # 114-116, Mussafah (M-3),",Musaffah,Abu Dhabi,UAE,Gemini Building Materials Mussafah Abu Dhabi,,,7590,
construction,https://uae.arablocal.com/business/view/mohammed-abdul-mohsin-al-kharafi-and-sons-llc-dubai,2026-04-14 15:53:31,23,Mohammed Abdul Mohsin Al-Kharafi and Sons LLC Dubai,+971 43607754,,,,,"Building # 2, Office # 208, Dubai Industrial Park, DubaiP.O.Box: 11171, Dubai",Dubai Industrial Park,Dubai,UAE,"One of the largest in the Middle East area, classified in Category ""I""​ (First) with the Central Tenders Committee of Kuwait and treated at par with international contractors..",http://www.makharafi.net/,,13576,
construction,https://uae.arablocal.com/business/view/emirates-international-blocks-and-interlock-factory,2026-04-14 15:53:38,29,Emirates International Blocks and Interlock Factory,+971 72447555,,,,,Ras Al Khaimah,Al Jazirah Al Hamra,Ras Al Khaimah,UAE,Emirates International Blocks and Interlock Factory,,,9090,
construction,https://uae.arablocal.com/business/view/emirates-ceramic-factory,2026-04-14 15:53:40,32,Emirates Ceramic Factory,+971 92223995,,,,,Fujairah,Al Hayl,Fujairah,UAE,Emirates Ceramic Factory,,,4156,
construction,https://uae.arablocal.com/business/view/schindler-uae-abu-dhabi,2026-04-14 15:53:43,35,Schindler UAE Abu Dhabi,+971 26120000,,,,,"9th Floor, Tower B - Al Saman Tower, Hamdan Street,",Abu Dhabi Industrial City,Abu Dhabi,UAE,Schindler UAE Abu Dhabi,,,3516,
construction,https://uae.arablocal.com/business/view/osool-finance-co,2026-04-14 15:53:49,41,Osool Finance Co,+971 42979250,,,,,"Hor Al Anz East,",Deira,Dubai,UAE,Osool Finance Co,,,4276,
construction,https://uae.arablocal.com/business/view/mohammed-abdul-mohsin-al-kharafi-and-sons-llc-abu-dhabi,2026-04-14 15:53:55,47,Mohammed Abdul Mohsin Al-Kharafi and Sons LLC Abu Dhabi,+971 25542200,,,,,"ADMAK Building, Mussafah (M-15),",Musaffah,Abu Dhabi,UAE,Mohammed Abdul Mohsin Al-Kharafi and Sons LLC Abu Dhabi,http://www.makharafi.net/,,6122,
construction,https://uae.arablocal.com/business/view/dubai-adhesive-material-factory-llc,2026-04-14 15:53:58,50,Dubai Adhesive Material Factory LLC,+971 65349708,+971 552412975,,,,"Plot # 4, 8th Kalba Road, Industrial Area 17 ,",Industrial Area,Sharjah,UAE,Dubai Adhesive Material Factory LLC,http://www.dubaiadhesive.com/,,3376,
construction,https://uae.arablocal.com/business/view/abu-dhabi-precast-llc,2026-04-14 15:54:05,57,Abu Dhabi Precast LLC,+971 25501033,+971 565035567,,,,"Floor # 25, Sector # 1-25, ICAD City, Sanaya,",Musaffah,Abu Dhabi,UAE,Abu Dhabi Precast LLC,http://www.abudhabiprecast.com/adp/index.php?cmd=cms__message&msg=U29ycnkhIFlvdSBhcmUgbm90IGF1dGhvcml6aW5nZ2dnZ2dnZyB0byBhY2Nlc3MgdGhpcyBwYWdlLg==,,3449,
construction,https://uae.arablocal.com/business/view/al-gouz-block-factory-llc,2026-04-14 15:54:10,62,Al Gouz Block Factory LLC,+971 48802880,,,,,Dubai,Jebel Ali Industrial,Dubai,UAE,Al Gouz Block Factory LLC,,,2984,
construction,https://uae.arablocal.com/business/view/el-ezh-building-contracting-llc,2026-04-14 15:54:14,65,El Ezh Building Contracting LLC,+971 72221668,,,,,"Floor # 4, Julphar Tower, Al Hisn Road,",Al Nakheel,Ras Al Khaimah,UAE,El Ezh Building Contracting LLC,,,2955,
construction,https://uae.arablocal.com/business/view/al-futtaim-engineering-elevators-and-escalators-division-dubai,2026-04-14 15:54:17,69,Al Futtaim Engineering Elevators and Escalators Division Dubai,+971 42119111,,,,,Dubai,Garhoud,Dubai,UAE,Al Futtaim Engineering Elevators and Escalators Division Dubai,,,3201,
construction,https://uae.arablocal.com/business/view/ms-construction-l-l-c,2026-04-14 15:54:21,72,MS Construction L.L.C,+971 44079799,,,,,"Nadd Al Shiba 1,",Nad Al Sheba,Dubai,UAE,MS Construction L.L.C,,,3012,
construction,https://uae.arablocal.com/business/view/al-shallalat-well-drilling-est-al-mushrif-abu-dhabi,2026-04-14 15:54:24,75,Al Shallalat Well Drilling Est Al Mushrif Abu Dhabi,+971 26429962,+971 502199952,,,,"Mezzanine Floor, Building# 848, Office #01, Sheikh Rashid Bin Saeed Street,",Al Mushrif,Abu Dhabi,UAE,Al Shallalat Well Drilling Est Al Mushrif Abu Dhabi,,,3005,
construction,https://uae.arablocal.com/business/view/amar-al-khaleej-construction,2026-04-14 15:54:26,78,Amar Al Khaleej Construction,+971 42869966,,,,,"2, Flower of Garhoud Building, 208, Al Garhoud,",Al Garhoud,Dubai,UAE,Amar Al Khaleej Construction,,,2792,
construction,https://uae.arablocal.com/business/view/pioneer-precast-concrete-llc-abu-dhabi,2026-04-14 15:54:33,85,Pioneer Precast Concrete LLC Abu Dhabi,+971 25828438,,,,,"Mafraq Workers City # 1,",Al Mafraq Industrial Area,Abu Dhabi,UAE,Pioneer Precast Concrete LLC Abu Dhabi,http://pioneerprecast.com/,,2886,
construction,https://uae.arablocal.com/business/view/galadari-trucks-and-heavy-equipment-co-ltd-llc-mussafah-14-abu-dhabi,2026-04-14 15:54:35,86,Galadari Trucks and Heavy Equipment Co Ltd LLC Mussafah 14 Abu Dhabi,+971 25559700,,,,,"Mussafah Industrial Area,",Mussafah 14,Abu Dhabi,UAE,Galadari Trucks and Heavy Equipment Co Ltd LLC Mussafah 14 Abu Dhabi,,,2644,
business-b2b,https://uae.arablocal.com/business/view/australian-world-trading-llc,2026-04-14 15:54:37,89,Australian World Trading LLC,+971 3443500,,,,,Box No. 333455,Jebel Ali Freezone,Dubai,UAE,"AUSTRALIAN WORLD TRADING LLC is located in Dubai, UAE. Company is working in Trading business activities.",,,6523,
business-b2b,https://uae.arablocal.com/business/view/dubizzle-abu-dhabi,2026-04-14 15:54:39,91,Dubizzle Abu Dhabi,,,,,,Area :,Abu Dhabi City,Abu Dhabi,UAE,"dubizzle.com is the leading classifieds website for users in the Middle East and North Africa. Since its launch in 2005, dubizzle.com has become the number one platform for users to buy, sell, or find anything in their community. A community where underused goods are redistributed to fill a new need, and become wanted again, where non- product assets such as space, skills and money are exchanged and traded in new ways that don’t always require centralized institutions or ‘middlemen’. dubizzle...",http://abudhabi.dubizzle.com/,,2955,
business-b2b,https://uae.arablocal.com/business/view/fujairah-national-printing-press,2026-04-14 15:54:43,94,Fujairah National Printing Press,+971 92223388,,,,,"Industrial,",Fujairah,Fujairah,UAE,Fujairah National Printing Press,,,3159,
construction,https://uae.arablocal.com/business/view/nafees-bastan-general-trading-llc,2026-04-14 15:54:45,97,Nafees Bastan General Trading LLC,+971 43352355,,,,,"ToufiqY Building, Flat# 2, Manama Road, Ras Al Khor Industrial Area # 2,",Ras Al Khor,Dubai,UAE,Nafees Bastan General Trading LLC,,,2788,
construction,https://uae.arablocal.com/business/view/noor-al-sahara-general-contracting-l-l-c,2026-04-14 15:54:49,101,Noor Al Sahara General Contracting L.L.C,+971 25591901,,,,,Abu Dhabi,ICAD 3,Abu Dhabi,UAE,Noor Al Sahara General Contracting L.L.C,,,2723,
construction,https://uae.arablocal.com/business/view/abu-dhabi-national-cement-factory,2026-04-14 15:54:51,103,Abu Dhabi National Cement Factory,+971 25503766,,,,,"Ground Floor,",I CAD 1,Abu Dhabi,UAE,Abu Dhabi National Cement Factory,,,2688,
business-b2b,https://uae.arablocal.com/business/view/injaz-services-fz-llc,2026-04-14 15:54:53,105,Injaz Services FZ LLC,+971 44401818,,,,,"Dubai Outsource Zone,",Dubai Outsource Zone,Dubai,UAE,Injaz Services FZ LLC,,,2745,
business-b2b,https://uae.arablocal.com/business/view/al-khazna-chicken-farm,2026-04-14 15:54:55,107,Al Khazna Chicken Farm,+971 37372992,,,,,Area :,Al Ain,Abu Dhabi,UAE,"Al Khazna Chicken Farm is located in Al Ain, UAE. Company is working in Overseas Business, Import and Export Agents business activities. If you have any questions, please contact us",,,2722,
business-b2b,https://uae.arablocal.com/business/view/afdhal-auto-paints-trading,2026-04-14 15:54:57,108,Afdhal Auto Paints Trading,+971 65420451,,,,,Sharjah,Industrial Area 5,Sharjah,UAE,Afdhal Auto Paints Trading,,,3159,
business-b2b,https://uae.arablocal.com/business/view/bama-trading-company,2026-04-14 15:54:58,110,Bama Trading Company,,,,,,Po Box 17460 Free Zone,Dubai Others,Dubai,UAE,"BAMA TRADING COMPANY is located in Dubai, UAE. Company is working in Others business activities.",http://www.barrickgroup.net,,2490,
business-b2b,https://uae.arablocal.com/business/view/abdul-aziz-mohd-al-majid-est,2026-04-14 15:55:00,112,Abdul Aziz Mohd Al Majid Est,+971 65564447,,,,,Sharjah,Al Majaz 3,Sharjah,UAE,Abdul Aziz Mohd Al Majid Est,,,2399,
business-b2b,https://uae.arablocal.com/business/view/al-megido-electromechanical-works--llc,2026-04-14 15:55:02,114,Al Megido Electromechanical Works LLC,+971 2987818,,,,,Box No. 89385,Dubai Others,Dubai,UAE,"AL MEGIDO ELECTROMECHANICAL WORKS LLC is located in Dubai, UAE. Company is working in Professional Services, Air Conditioning, Civil Engineering, Lift Engineers, Electromechanical Equipment Installation, Plumbing & Sanitary business activities.",,,1985,
business-b2b,https://uae.arablocal.com/business/view/al-abad-manpower-supply,2026-04-14 15:55:04,116,Al Abad Manpower Supply,+971 92223302,,,,,Fujairah,Al Fujairah,Fujairah,UAE,Al Abad Manpower Supply,,,1922,
business-b2b,https://uae.arablocal.com/business/view/bahar-al-noor-trading,2026-04-14 15:55:06,118,Bahar Al Noor Trading,+971 42727391,,,,,Area :,Al Garhoud,Dubai,UAE,"Bahar Al Noor Trading is located in Dubai, UAE. Company is working in Trading, Blankets, Towels, Linens Trading business activities. If you have any questions, please contact us",http://www.balloonee.com,,1894,
business-b2b,https://uae.arablocal.com/business/view/al-khaleej-foam-factory,2026-04-14 15:55:08,120,Al Khaleej Foam Factory,+971 67438844,,,,,5274,Ajman Others,Ajman,UAE,"Al Khaleej Foam Factory is located in Ajman, UAE. Company is working in Others business activities. If you have any questions, please contact us",,,1789,
business-b2b,https://uae.arablocal.com/business/view/afaq-recruitment-and-manpower-supply-services,2026-04-14 15:55:10,122,Afaq Recruitment and Manpower Supply Services,+971 26457007,+971 564012035,,,,"Floor # 9, GTH Building, Electra Street, Tourist Club,",Abu Dhabi City,Abu Dhabi,UAE,Afaq Recruitment and Manpower Supply Services,,,1756,
business-b2b,https://uae.arablocal.com/business/view/simba-trading-llc,2026-04-14 15:55:13,124,Simba Trading Llc,+971 2226635,,,,,Box No. 33135,Dubai Others,Dubai,UAE,"SIMBA TRADING LLC is located in Dubai, UAE. Company is working in Secretarial Services, Photocopying, Trading, Air-Condition, Refrigeration Trading, Event Equipment, Audio Visual, Electrical Goods business activities. Visit our company website for more information about us : http://www.simbaglobal.com",http://www.simbaglobal.com,,1731,
business-b2b,https://uae.arablocal.com/business/view/holford-facilities-management-llc,2026-04-14 15:55:15,127,Holford Facilities Management LLC,+971 43793100,,,,,"2nd Floor, SIT Tower, Office 207, Street D 54,",Dubai Silicon Oasis,Dubai,UAE,Holford Facilities Management LLC,,,1702,
business-b2b,https://uae.arablocal.com/business/view/al-tareeq-al-saree-management-consultancy-industrial-area-4-sharjah,2026-04-14 15:55:17,129,Al Tareeq Al Saree Management Consultancy Industrial Area 4 Sharjah,+971 65215557,+971 556490500,,,,"4th Floor, Rolla Mall, Office # 407,",Industrial Area 4,Sharjah,UAE,Al Tareeq Al Saree Management Consultancy Industrial Area 4 Sharjah,http://www.sbs-uae.org/,,1700,
business-b2b,https://uae.arablocal.com/business/view/al-ain-glass-and-mirrors-factory,2026-04-14 15:55:19,131,Al Ain Glass and Mirrors Factory,+971 67432179,,,,,Ajman,Ajman Industrial 2,Ajman,UAE,Al Ain Glass and Mirrors Factory,,,2096,
business-b2b,https://uae.arablocal.com/business/view/asmacs-fze,2026-04-14 15:55:21,132,Asmacs FZE,+971 65260711,,,,,"Hamriyah Free Zone,",Hamriyah Free Zone,Sharjah,UAE,,,,1644,
business-b2b,https://uae.arablocal.com/business/view/gardenia-trading-est,2026-04-14 15:55:23,135,Gardenia Trading Est,+971 43961420,,,,,"Shop #2, Ground Floor, Ahmed Saif Belhasa, Al Karama,",Bur Dubai,Dubai,UAE,Gardenia Trading Est,,,1823,
business-b2b,https://uae.arablocal.com/business/view/ac-nielsen-amer-shj-branch,2026-04-14 15:55:25,137,Ac Nielsen Amer Shj Branch,+971 65724848,,,,,P.O Box 22525,Dubai Others,Dubai,UAE,"A/C Nielsen Amer (Shj. Branch) is located in Dubai, UAE. Company is working in Others business activities. If you have any questions, please contact us",,,1505,
industrial,https://uae.arablocal.com/business/view/al-haram-carton-ind-llc,2026-04-14 15:55:28,139,Al Haram Carton Ind LLC,+971 65334469,,,,,Sharjah,Industrial Area 1,Sharjah,UAE,Al Haram Carton Ind LLC,,,6916,
industrial,https://uae.arablocal.com/business/view/pasco-paving-stones-co-llc-mussafah-abu-dhabi,2026-04-14 15:55:29,141,Pasco Paving Stones Co LLC Mussafah Abu Dhabi,+971 25591088,,,,,"Mezannine Floor, Building #179, Office #M10, Mussafah (M-10),",Musaffah,Abu Dhabi,UAE,Pasco Paving Stones Co LLC Mussafah Abu Dhabi,,,5210,
industrial,https://uae.arablocal.com/business/view/pepsi-cola-international-ltd,2026-04-14 15:55:32,144,Pepsi-Cola International Ltd,+971 43393000,,,,,"Al Quoz First,",Al Quoz,Dubai,UAE,Pepsi-Cola International Ltd,,,4838,
industrial,https://uae.arablocal.com/business/view/al-kharashi-laundry-equipments,2026-04-14 15:55:35,146,Al Kharashi Laundry Equipments,+971 42677600,,,,,"Ground Floor, Al Kharashi Laundry Equipment Building, Shed # 5, Amman Street,",Al Qusais,Dubai,UAE,Al Kharashi Laundry Equipments,,,4569,
industrial,https://uae.arablocal.com/business/view/al-ain-national-juice-and-refreshment-company-llc,2026-04-14 15:55:37,149,Al Ain National Juice and Refreshment Company LLC,+971 37216555,,,,,"Al Rwaidhat,",Sanaiya,Abu Dhabi,UAE,Al Ain National Juice and Refreshment Company LLC,,,4498,
industrial,https://uae.arablocal.com/business/view/abu-dhabi-fibre-glass-factory,2026-04-14 15:55:39,151,Abu Dhabi Fibre Glass Factory,+971 25511444,,,,,Abu Dhabi,Mussafah Industrial Area mw 5,Abu Dhabi,UAE,Abu Dhabi Fibre Glass Factory,,,4435,
industrial,https://uae.arablocal.com/business/view/golden-paper-cups-manuf-co-l-l-c,2026-04-14 15:55:41,152,Golden Paper Cups Manuf. Co. L.L.C,+971 67489941,,,,,"Office # 1,",New Industrial Area,Ajman,UAE,Golden Paper Cups Manuf. Co. L.L.C,,,4250,
industrial,https://uae.arablocal.com/business/view/al-guthmi-trading-sharjah,2026-04-14 15:55:43,154,Al Guthmi Trading Sharjah,+971 65146999,,,,,"Maliha Road,",Industrial Area 17,Sharjah,UAE,Al Guthmi Trading Sharjah,,,4193,
industrial,https://uae.arablocal.com/business/view/lotus-general-trading-co-llc,2026-04-14 15:55:44,156,Lotus General Trading Co LLC,+971 43536862,,,,,Dubai,Al Souk Al Kabeer,Dubai,UAE,Lotus General Trading Co LLC,,,3773,
industrial,https://uae.arablocal.com/business/view/al-rams-scrap-co,2026-04-14 15:55:48,160,Al Rams Scrap Co,+971 72238904,,,,,Ras Al Khaimah,Al Ghubb,Ras Al Khaimah,UAE,Al Rams Scrap Co,,,3472,
industrial,https://uae.arablocal.com/business/view/jebel-ali-carton-factory-inc,2026-04-14 15:55:50,161,Jebel Ali Carton Factory Inc,+971 48816274,,,,,"Jebel Ali Port Zone,",Jebel Ali,Dubai,UAE,Jebel Ali Carton Factory Inc,,,3297,
industrial,https://uae.arablocal.com/business/view/al-ameer-keys-and-locks-al-khalidiyah-abu-dhabi,2026-04-14 15:55:52,164,Al Ameer Keys and Locks Al Khalidiyah Abu Dhabi,+971 26219090,,,,,"Ground Floor, Mubarak Abdulla Al Muraiki Building, Khalidiya Street,",Al Khalidiyah,Abu Dhabi,UAE,Al Ameer Keys and Locks Al Khalidiyah Abu Dhabi,,,3218,
industrial,https://uae.arablocal.com/business/view/arabian-extrusions-factory,2026-04-14 15:55:55,167,Arabian Extrusions Factory,+971 67646152,+971 504826160,,,,"Block #05, Arabian Extr Fact, Umm Al Thoube,",Emirates Modern Industrial Area,Umm Al Quwain,UAE,Arabian Extrusions Factory,http://www.arabianextrusion.com/,,3145,
industrial,https://uae.arablocal.com/business/view/al-masdar-al-awal-metal-scrap-trading-llc,2026-04-14 15:55:57,169,Al Masdar Al Awal Metal Scrap Trading LLC,+971 65344471,,,,,"Industrial Area 10,",Industrial Area,Sharjah,UAE,Al Masdar Al Awal Metal Scrap Trading LLC,,,3113,
industrial,https://uae.arablocal.com/business/view/al-jallaf-carton-boxes-manufacturing-llc,2026-04-14 15:55:59,170,Al Jallaf Carton Boxes Manufacturing LLC,+971 67490418,,,,,"Industrial Area# 1,",Industrial Area# 1,Ajman,UAE,Al Jallaf Carton Boxes Manufacturing LLC,,,3074,
industrial,https://uae.arablocal.com/business/view/dayal-metal-containers-factory-llc,2026-04-14 15:56:01,173,Dayal Metal Containers Factory LLC,+971 67430611,+971 567501659,,,,"Ground Floor,",New Industrial Area,Ajman,UAE,Dayal Metal Containers Factory LLC,,,3040,
industrial,https://uae.arablocal.com/business/view/union-chemical-factory-abu-dhabi,2026-04-14 15:56:03,175,Union Chemical Factory Abu dhabi,+971 25502026,,,,,"Ground Floor, ICAD Street,",I CAD 1,Abu Dhabi,UAE,Union Chemical Factory Abu dhabi,,,2997,
industrial,https://uae.arablocal.com/business/view/arrow-metals-and-scrap-trading-llc,2026-04-14 15:56:06,177,Arrow Metals and Scrap Trading LLC,+971 25575881,+971 506349984,,,,"Mussafah (M-17),",Musaffah,Abu Dhabi,UAE,Arrow Metals and Scrap Trading LLC,,,2902,
industrial,https://uae.arablocal.com/business/view/agricultural-materials-co-ltd-al-ain-abu-dhabi,2026-04-14 15:56:07,179,Agricultural Materials Co Ltd Al Ain Abu Dhabi,+971 37641064,,,,,"B F, Arab Bank Building,",Al Ain,Abu Dhabi,UAE,Agricultural Materials Co Ltd Al Ain Abu Dhabi,,,2761,
industrial,https://uae.arablocal.com/business/view/al-baha-trading-est,2026-04-14 15:56:10,181,Al Baha Trading Est,+971 26332115,+971 506132543,,,,"Ground Floor, Dana Masaoud Tower, Najda Street,",Al Danah,Abu Dhabi,UAE,Al Baha Trading Est,,,2749,
business-b2b,https://uae.arablocal.com/business/view/bank-saderat-iran-sharjah-branch,2026-04-14 15:56:12,184,Bank Saderat Iran Sharjah Branch,+971 65681121,+971 65682070,,,rofc@bsi.co.ae,Al Gharb - Sharjah - United Arab Emirates,Al Gharb,Sharjah,UAE,"Bank Saderat Iran was established in 1952 with the main objective to provide efficient and modern banking and is well reputed for the excellent services it is offering to customers throughout the world. Since the inception, BSI has expanded its network vigorously and established about 3400 branches in Iran and abroad. With over 32000 employees, the Bank has one of the largest Banking Network in Iran and the Middle East. BSI with its competent and innovative Management has used its extensive m...",http://www.banksaderat.ae/,,1930,46035555
business-b2b,https://uae.arablocal.com/business/view/al-hiba-intellectual-property,2026-04-14 15:56:14,186,Al-Hiba Intellectual Property,+971 42547700,,,,,"Floor #1, Office #109,",Hor Al Anz East,Dubai,UAE,Al-Hiba Intellectual Property,,,1493,
business-b2b,https://uae.arablocal.com/business/view/al-arabia-operation-and-maintenance-llc,2026-04-14 15:56:18,190,Al Arabia Operation and Maintenance LLC,+971 42851145,,,,,"Juma Al Majid Building, Al Marakech Street, Umm Ramool,",Al Rashidiya,Dubai,UAE,Al Arabia Operation and Maintenance LLC,,,1404,
construction,https://uae.arablocal.com/business/view/al-jazeera-factory-for-const-materials-aac-thermalite-blocks,2026-04-14 15:56:21,193,Al Jazeera Factory for Const Materials AAC Thermalite Blocks,+971 25822768,,,,,"Al Ain Truck Road, Industrial Area,",Al Mafraq,Abu Dhabi,UAE,Al Jazeera Factory for Const Materials AAC Thermalite Blocks,,,2525,
business-b2b,https://uae.arablocal.com/business/view/opensooq,2026-04-14 15:56:25,197,Opensooq,+971 44489205,,,,,DIC - Bldg 02 - Floor 1 - 121,Dubai Internet City,Dubai,UAE,"OpenSooq is the largest marketplace in MENA with over 12 million downloads. Buy and sell your car, mobile phone, home furniture, or any other item, find a place to live or find your dream job while in the comfort of your home. All of this is for free, without commission and just a few clicks away!",http://ae.opensooq.com,,1398,
industrial,https://uae.arablocal.com/business/view/stars-poly-storage-tanks-factory-llc-al-quoz-dubai,2026-04-14 15:56:28,200,Stars Poly Storage Tanks Factory LLC Al Quoz Dubai,+971 43476200,+971 504696964,,,,"Warehouse, 22nd Street,",Al Quoz,Dubai,UAE,Stars Poly Storage Tanks Factory LLC Al Quoz Dubai,,,2685,
industrial,https://uae.arablocal.com/business/view/al-zayat-carton-production-factory-llc,2026-04-14 15:56:31,202,Al Zayat Carton Production Factory LLC,+971 65360055,,,,,"Ground Floor, Sajaa Industrial Area,",Saja'a Industrial,Sharjah,UAE,Al Zayat Carton Production Factory LLC,http://www.zayatpkg.onuae.net/,,2662,
business-b2b,https://uae.arablocal.com/business/view/shuraa-business-setup-services,2026-04-14 15:56:34,206,Shuraa Business Setup Services,+971 44081900,+971 43510077,,,info@shuraa.com,"Sheikh Zayed Road, Office 501, 5th floor, Aspin Commercial Tower, Dubai, UAE",Sheikh Zayed Road,Dubai,UAE,"Shuraa Business Setup is a leading business setup company in Dubai, offering consultation and company formation services all over the UAE. Established in 2001, Shuraa is an organization which encompasses a complete range of business setup services including trade licensing, PRO service, company management and establishing business centers and more. We are a renowned name in the sector of business consultation and are known for providing complete solutions to our clients for setting up busines...",http://www.shuraa.com/,,1393,,https://www.facebook.com/shuraabusinesssetup/,https://www.instagram.com/shuraabusinesssetup/,https://www.linkedin.com/company/shuraabusinesssetup,https://twitter.com/shuraabusiness,https://www.youtube.com/c/ShuraaBusinessSetup
construction,https://uae.arablocal.com/business/view/mohamed-abdulrahman-al-bahar-sharjah,2026-04-14 15:56:37,208,Mohamed Abdulrahman Al-Bahar Sharjah,+971 65433555,,,,,Sharjah,Industrial Area 3,Sharjah,UAE,Mohamed Abdulrahman Al-Bahar Sharjah,,,2529,
construction,https://uae.arablocal.com/business/view/a-m-v-i-n-construction-llc,2026-04-14 15:56:39,211,A M V I N Construction LLC,+971 43883928,,,,,"Al Quoz 4,",Al Quoz 4,Dubai,UAE,A M V I N Construction LLC,,,2426,
business-b2b,https://uae.arablocal.com/business/view/dumarques--llc,2026-04-14 15:56:44,215,Dumarques Llc,+971 2211425,,,,,Box No. 5899,Dubai Others,Dubai,UAE,"DUMARQUES LLC is located in Dubai, UAE. Company is working in Trading business activities.",,,1388,
construction,https://uae.arablocal.com/business/view/al-nakheel-industrial-marble,2026-04-14 15:56:47,218,Al Nakheel Industrial Marble,+971 72223486,,,,,Ras Al Khaimah,Al Sall,Ras Al Khaimah,UAE,Al Nakheel Industrial Marble,,,2461,
business-b2b,https://uae.arablocal.com/business/view/al-arab-and-asia-oil-fields-services-llc,2026-04-14 15:56:49,220,Al Arab and Asia Oil Fields Services LLC,+971 65615711,,,,,Sharjah,Umm Altaraffa,Sharjah,UAE,Al Arab and Asia Oil Fields Services LLC,,,1380,
construction,https://uae.arablocal.com/business/view/abdul-aziz-mohd-al-majid-est,2026-04-14 15:56:51,223,Abdul Aziz Mohd Al Majid Est,+971 65564447,,,,,Sharjah,Al Majaz 3,Sharjah,UAE,Abdul Aziz Mohd Al Majid Est,,,2399,
business-b2b,https://uae.arablocal.com/business/view/binghatti-holding-limited,2026-04-14 15:56:55,227,Binghatti Holding Limited,+971 43863538,,,,,"Level 1, Gate Village 6, Office 8 and 9, 312th Road,",Dubai International Financial Centre,Dubai,UAE,Binghatti Holding Limited,,,1358,
construction,https://uae.arablocal.com/business/view/al-sahel-contracting-co-llc,2026-04-14 15:56:58,230,Al Sahel Contracting Co LLC,+971 42857324,,,,,"Umm Ramool,",Al Rashidiya,Dubai,UAE,Al Sahel Contracting Co LLC,http://alsahelcon.com/,,2363,
construction,https://uae.arablocal.com/business/view/al-sharqia-gypsum-and-ceramic-factory,2026-04-14 15:57:06,237,Al Sharqia Gypsum and Ceramic Factory,+971 37213433,,,,,Abu Dhabi,Al Ain,Abu Dhabi,UAE,Al Sharqia Gypsum and Ceramic Factory,,,2274,
industrial,https://uae.arablocal.com/business/view/jsw-steel-limited-dmcc,2026-04-14 15:57:07,239,JSW Steel Limited DMCC,+971 44385286,,,,,"Jumeirah Bay Tower X3, Unit # 309,",Jumeirah Lakes towers,Dubai,UAE,JSW Steel Limited DMCC,,,2616,
industrial,https://uae.arablocal.com/business/view/al-bassam-rak-for-tanks-llc,2026-04-14 15:57:10,242,Al Bassam RAK for Tanks LLC,+971 72221026,,,,,"Al Nakheel Street, Dafan Al Nakheel,",Dafan Al Nakheel,Ras Al Khaimah,UAE,Al Bassam RAK for Tanks LLC,,,2612,
construction,https://uae.arablocal.com/business/view/almoftah-aldhabi-building-contracting-l-l-c,2026-04-14 15:57:13,245,Almoftah Aldhabi Building Contracting L.L.C,+971 42507444,,,,,"3, Nissan Showroom, 310, Al Ittihad Road, Port Saeed,",Deira,Dubai,UAE,Almoftah Aldhabi Building Contracting L.L.C,,,2262,
construction,https://uae.arablocal.com/business/view/abu-dhabi-precast-concrete-plant,2026-04-14 15:57:16,248,Abu Dhabi Precast Concrete Plant,+971 37838355,+971 521875644,,,,"Ground Floor, Truck Road,",New Industrial Area,Abu Dhabi,UAE,Abu Dhabi Precast Concrete Plant,,,2378,
business-b2b,https://uae.arablocal.com/business/view/fujairah-marble-and-tiles-factory,2026-04-14 15:57:19,251,Fujairah Marble and Tiles Factory,+971 92444101,,,,,"Dibba,",Dibba,Fujairah,UAE,Fujairah Marble and Tiles Factory,,,1660,
business-b2b,https://uae.arablocal.com/business/view/flex-facility-management-llc,2026-04-14 15:57:21,252,Flex Facility Management LLC,+971 42205999,,,,,"Office # 124, 1st Floor, Al Fahad Building # 4, Damascus Street, Al Qusais Ind. Second,",Al Qusais,Dubai,UAE,Flex Facility Management LLC,,,1324,
business-b2b,https://uae.arablocal.com/business/view/kiltons-business-setup-services,2026-04-14 15:57:24,256,Kiltons Business Setup Services,+971 43920111,,,,contact@kiltons.com,"G06, Bin Thani Building, Near Hilal Bank, Al Qusais, Dubai, UAE. P.O. Box 237739",Al Qusais,Dubai,UAE,"Planning a Business setup in Dubai? Contact Kiltons Business Setup Services LLC, one of the top business consultants in Dubai for business setup services in UAE. Start your business in Dubai UAE easily and Get the best price for business setup, Business Setup in Ajman Mainland, Business Setup In RAK, Business SetUp In Abu Dhabi,, free zone company formation, business licensing, visa, and PRO services in Dubai. We also help in Obtaining a UAE national sponsor for our clients. Other services th...",http://kiltons.com/,,1321,,https://www.facebook.com/kiltonsdubai/,https://www.instagram.com/kiltonsdubai/,https://www.linkedin.com/company/kiltons-business-setup-services-llc/,https://twitter.com/kiltonsdubai,https://www.youtube.com/channel/UCl3dIkJgXY-UZjrVZ0IlZEg?view_as=subscriber
business-b2b,https://uae.arablocal.com/business/view/mainland-dubai-company-formation-aa-associate-llc,2026-04-14 15:57:27,258,Mainland Dubai Company Formation -A&A Associate LLC,+971 564086728,,,,sales@aaconsultancy.ae,Dubai - United Arab Emirates,Dubai Others,Dubai,UAE,A&A Associate LLC is a business setup consultancy firm that specializes in mainland company setup in the UAE. If you are looking to setup your business in Dubai mainland. A&A Associate LLC can be consulted on for all matters relating to Dubai mainland company formation.We are one of the best mainland business setup consultants in Dubai and our expertise encompasses all areas of UAE mainland company formation. Our experienced consultants can tell you everything there is to know about mainland ...,http://www.aaconsultancy.ae/dubai/mainland-company-setup/,,1316,
business-b2b,https://uae.arablocal.com/business/view/avenues-world-fz-llc,2026-04-14 15:57:29,261,Avenues World FZ LLC,+971 45531029,,,,,"Building #10, 3rd Floor, Office #313,",Dubai Internet City,Dubai,UAE,Avenues World FZ LLC,,,1302,
business-b2b,https://uae.arablocal.com/business/view/fun-fashion-emirates--llc,2026-04-14 15:57:31,263,Fun Fashion Emirates Llc,+971 3511833,,,,,Box No. 117965,Dubai Others,Dubai,UAE,"Discover the Italian luxury fashion house of Fendi. Explore runway videos, interviews and browse the latest collections, handbags and accessories.",http://www.fendi.com,,1294,
business-b2b,https://uae.arablocal.com/business/view/frontier-general-trading--llc,2026-04-14 15:57:33,265,Frontier General Trading Llc,+971 3517712,,,,,P.O Box 120181,Dubai Others,Dubai,UAE,"FRONTIER GENERAL TRADING (L.L.C) is located in Dubai, UAE. Company is working in Small Business, General Traders business activities. If you have any questions, please contact us",,,1281,
construction,https://uae.arablocal.com/business/view/al-satari-trading-est,2026-04-14 15:57:36,267,Al Satari Trading Est,+971 37211611,,,,,Abu Dhabi,Al Ain,Abu Dhabi,UAE,Al Satari Trading Est,,,2255,
industrial,https://uae.arablocal.com/business/view/packart-packing-and-packaging-ajman,2026-04-14 15:57:38,270,Packart Packing and Packaging Ajman,+971 67431166,,,,,"Shed# 3 & 4, Lootah Street,",New Industrial Area,Ajman,UAE,Packart Packing and Packaging Ajman,,,2605,
business-b2b,https://uae.arablocal.com/business/view/1765-gemini-llc,2026-04-14 15:57:40,272,1765 Gemini LLC,+971 43884773,,,,,Box No. 125434,Dubai Others,Dubai,UAE,"1765 GEMINI LLC is located in Dubai, UAE. Company is working in Trading business activities. Visit our company website for more information about us : http://www.1765gemini.com If you have any questions, please contact us",http://www.1765gemini.com,,1274,
business-b2b,https://uae.arablocal.com/business/view/american-global-international-university,2026-04-14 15:57:42,274,American Global International University,,,,,,Po Box 39362,Dubai Others,Dubai,UAE,"AMERICAN GLOBAL INTERNATIONAL UNIVERSITY is located in Dubai, UAE. Company is working in Trading, Agricultural, Veterinary Pesticides Trading, Colleges and Universities, Schools business activities.",,,1272,
business-b2b,https://uae.arablocal.com/business/view/fujairah-national-dairy-farm,2026-04-14 15:57:44,276,Fujairah National Dairy Farm,+971 92443021,,,,,"P.O.Box No.11680, DIB",Dibba,Fujairah,UAE,"FUJAIRAH NATL DAIRY FARM is located in P.O.Box No.11680, DIB, UAE. Company is working in Others business activities. If you have any questions, please contact us",,,1266,
business-b2b,https://uae.arablocal.com/business/view/al-suraa-al-faiqah-electrical-devices-trading,2026-04-14 15:57:47,279,Al Suraa Al Faiqah Electrical Devices Trading,+971 65562505,,,,,"Tehsil Building - Block B, 1st Floor, Industrial Area 13,",Industrial Area,Sharjah,UAE,Al Suraa Al Faiqah Electrical Devices Trading,,,1260,
industrial,https://uae.arablocal.com/business/view/union-fiber-glass-factory-llc-jebel-ali-dubai,2026-04-14 15:57:51,283,Union Fiber Glass Factory LLC Jebel Ali Dubai,+971 45515847,+971 505354957,,,,"4th Floor, Ibn Batuta Building, Office # 403/C,",Jebel Ali,Dubai,UAE,Union Fiber Glass Factory LLC Jebel Ali Dubai,http://www.unionfibreglass.com/,,2581,
business-b2b,https://uae.arablocal.com/business/view/east-sun-trading,2026-04-14 15:57:53,285,East Sun Trading,+971 42732812,,,,,Area :,Dubai Others,Dubai,UAE,"East Sun Trading is located in Dubai, UAE. Company is working in Trading, Blankets, Towels, Linens Trading business activities. If you have any questions, please contact us",,,1259,
industrial,https://uae.arablocal.com/business/view/ahmad-talha-carton-boxes-factory-llc,2026-04-14 15:57:55,287,Ahmad Talha Carton Boxes Factory LLC,+971 65384814,+971 503265409,,,,"Warehouse #54,",Industrial Area 12,Sharjah,UAE,Ahmad Talha Carton Boxes Factory LLC,,,2506,
construction,https://uae.arablocal.com/business/view/al-amana-marble-and-granite-factory,2026-04-14 15:57:58,289,Al Amana Marble and Granite Factory,+971 67407950,,,,,"Ground Floor,",Al Rashidiya 1,Ajman,UAE,Al Amana Marble and Granite Factory,,,2245,
industrial,https://uae.arablocal.com/business/view/mohammed-ibrahim-haji-aluminium-trading,2026-04-14 15:58:00,292,Mohammed Ibrahim Haji Aluminium Trading,+971 42691523,,,,,"Al Khabaisi,",Deira,Dubai,UAE,Mohammed Ibrahim Haji Aluminium Trading,,,2496,
construction,https://uae.arablocal.com/business/view/emirates-precast-fences-factory-aswar,2026-04-14 15:58:05,297,Emirates Precast Fences Factory Aswar,+971 25500911,,,,,"Mussafah,",Al Selmiyyah,Abu Dhabi,UAE,Emirates Precast Fences Factory Aswar,,0,2254,
industrial,https://uae.arablocal.com/business/view/al-wadi-sanitary-wares-company-llc-mussafah-abu-dhabi,2026-04-14 15:58:07,299,Al Wadi Sanitary Wares Company LLC Mussafah Abu Dhabi,+971 25551941,,,,,"Mussafah (M-9),",Musaffah,Abu Dhabi,UAE,Al Wadi Sanitary Wares Company LLC Mussafah Abu Dhabi,,,2463,
industrial,https://uae.arablocal.com/business/view/sawas-kitchen-equipment-co-llc-sharjah,2026-04-14 15:58:10,301,Sawas Kitchen Equipment Co LLC Sharjah,+971 65554410,,,,,"Ground Floor, Sawas kitchen & Bakeries Equip Building, Jamal Abdel Nasser Road, Al Majaz 2,",Al Majaz District,Sharjah,UAE,Sawas Kitchen Equipment Co LLC Sharjah,,,2447,
industrial,https://uae.arablocal.com/business/view/al-abbar-glass-and-trading-co,2026-04-14 15:58:11,303,Al Abbar Glass and Trading Co,+971 43331588,,,,,Dubai,Ras Al Khor Industrial Area 2,Dubai,UAE,Al Abbar Glass and Trading Co,,,2363,
industrial,https://uae.arablocal.com/business/view/cosmoplast-industrial-co-llc,2026-04-14 15:58:13,305,Cosmoplast Industrial Co LLC,+971 65331264,,,,,Sharjah,Industrial Area 1,Sharjah,UAE,Cosmoplast Industrial Co LLC,,,2347,
industrial,https://uae.arablocal.com/business/view/blue-sea-metal-scrap-trading-llc-sharjah,2026-04-14 15:58:16,307,Blue Sea Metal Scrap Trading LLC Sharjah,+971 65310629,,,,,"Ground Floor, Al Dhaid Road,",Saja'a Industrial,Sharjah,UAE,Blue Sea Metal Scrap Trading LLC Sharjah,http://www.blueseametal.com/,,2294,
construction,https://uae.arablocal.com/business/view/abdul-aziz-al-majid-est,2026-04-14 15:58:18,310,Abdul Aziz Al Majid Est,+971 42664116,,,,,"Al Muraqqabat,",Deira,Dubai,UAE,Abdul Aziz Al Majid Est,,,2164,
construction,https://uae.arablocal.com/business/view/al-tamayoz-contracting-co-l-l-c,2026-04-14 15:58:22,314,Al Tamayoz Contracting Co L.L.C,+971 43520985,,,,,"1st Floor, Unimix, 102-104, Sheikh Zayed Rd,",Al Quoz 3,Dubai,UAE,Al Tamayoz Contracting Co L.L.C,,,2159,
industrial,https://uae.arablocal.com/business/view/al-fajer-detergent-industries-co-llc,2026-04-14 15:58:25,316,Al Fajer Detergent Industries Co LLC,+971 67436675,,,,,Ajman,Ajman Industrial 1,Ajman,UAE,Al Fajer Detergent Industries Co LLC,,,2291,
business-b2b,https://uae.arablocal.com/business/view/huawei-tech-uae-fz-llc,2026-04-14 15:58:26,318,Huawei Tech UAE FZ LLC,+971 43915608,,,,,Dubai,Al Sufouh 2,Dubai,UAE,Huawei Tech UAE FZ LLC,,,1564,
industrial,https://uae.arablocal.com/business/view/al-sharqia-gypsum-and-ceramic-factory,2026-04-14 15:58:28,320,Al Sharqia Gypsum and Ceramic Factory,+971 37213433,,,,,Abu Dhabi,Al Ain,Abu Dhabi,UAE,Al Sharqia Gypsum and Ceramic Factory,,,2274,
construction,https://uae.arablocal.com/business/view/al-khalidiya-concrete-readymix,2026-04-14 15:58:35,326,Al Khalidiya Concrete Readymix,+971 37213070,,,,,Abu Dhabi,Al Ain,Abu Dhabi,UAE,Al Khalidiya Concrete Readymix,,,2099,
construction,https://uae.arablocal.com/business/view/tamil-sandhai-supermarket-l-l-c,2026-04-14 15:58:37,329,Tamil Sandhai Supermarket L L C,+971 25500911,,,,,Abu Dhabi,I CAD 1,Abu Dhabi,UAE,Tamil Sandhai Supermarket L L C,,,2147,
industrial,https://uae.arablocal.com/business/view/abdul-aziz-jassem-textiles-llc,2026-04-14 15:58:39,330,Abdul Aziz Jassem Textiles LLC,+971 42353947,,,,,"Ground Floor, Al Buteen Building, Shop # 11, Murshid Bazaar Road,",Deira,Dubai,UAE,Abdul Aziz Jassem Textiles LLC,,,2254,
industrial,https://uae.arablocal.com/business/view/al-bayan-kitchen-equipment-llc-sharjah,2026-04-14 15:58:42,333,Al Bayan Kitchen Equipment LLC Sharjah,+971 65550991,,,,,Sharjah,Industrial Area 4,Sharjah,UAE,Al Bayan Kitchen Equipment LLC Sharjah,,,2254,
business-b2b,https://uae.arablocal.com/business/view/a-a-trading-llc,2026-04-14 15:58:44,335,A A Trading LLC,+971 3248000,,,,,Box No. 50837,Dubai Others,Dubai,UAE,"A A TRADING LLC is located in Dubai, UAE. Company is working in Trading business activities. Visit our company website for more information about us : http://www.aqili.com",http://www.aqili.com,,1228,
construction,https://uae.arablocal.com/business/view/abu-faisal-auto-motive-parts-llc-mussafah-abu-dhabi,2026-04-14 15:58:47,338,Abu Faisal Auto Motive Parts LLC Mussafah Abu Dhabi,+971 25555414,,,,,"Shop #3, Ground Floor, Plot #57, Mussafah (M-11),",Musaffah,Abu Dhabi,UAE,Abu Faisal Auto Motive Parts LLC Mussafah Abu Dhabi,,,2099,
construction,https://uae.arablocal.com/business/view/al-muhairy-general-contracting-co-industrial-area-abu-dhabi,2026-04-14 15:58:49,341,Al Muhairy General Contracting Co Industrial Area Abu Dhabi,+971 26334100,,,,,Abu Dhabi,Industrial Area,Abu Dhabi,UAE,Al Muhairy General Contracting Co Industrial Area Abu Dhabi,,,2083,
construction,https://uae.arablocal.com/business/view/abu-faisal-automotive-parts-llc-sharjah,2026-04-14 15:58:52,344,Abu Faisal Automotive Parts LLC Sharjah,+971 65390882,,,,,"Ground Floor, Office # 4, Caterpillar Road,",Industrial Area,Sharjah,UAE,Abu Faisal Automotive Parts LLC Sharjah,,,2135,
industrial,https://uae.arablocal.com/business/view/professional-laundry-equipment-trading-plet-al-rashidiya-dubai,2026-04-14 15:58:56,348,Professional Laundry Equipment Trading PLET Al rashidiya Dubai,+971 46085578,+971 504503667,,,,"Professional Laundry Building, Street # 32-A, Umm Ramool,",Al Rashidiya,Dubai,UAE,Professional Laundry Equipment Trading PLET Al rashidiya Dubai,http://alhathboor.com/,,2229,
business-b2b,https://uae.arablocal.com/business/view/110-general-trading-llc,2026-04-14 15:58:58,349,110 General Trading LLC,+971 2738510,,,,,Box No. 11217,Dubai Others,Dubai,UAE,"110 GENERAL TRADING LLC is located in Dubai, UAE. Company is working in Trading business activities.",,,1214,
industrial,https://uae.arablocal.com/business/view/al-bahar-caterpillar,2026-04-14 15:59:00,352,Al Bahar Caterpillar,+971 65433555,,,,,"Al-Wasit Street,",Industrial Area 3,Sharjah,UAE,Al Bahar Caterpillar,,,2222,
business-b2b,https://uae.arablocal.com/business/view/abu-faisal-services-est,2026-04-14 15:59:02,354,Abu Faisal Services Est,+971 37654783,,,,,"Khalifa Street,",Al Ain,Abu Dhabi,UAE,Abu Faisal Services Est,,,1209,
business-b2b,https://uae.arablocal.com/business/view/delma-co-operative-society,2026-04-14 15:59:04,356,Delma Co-Operative Society,+971 26669440,,,,,Abu Dhabi,Al Danah,Abu Dhabi,UAE,Delma Co-Operative Society,,,1536,
industrial,https://uae.arablocal.com/business/view/atlas-plastic-factory-llc,2026-04-14 15:59:07,358,Atlas Plastic Factory LLC,+971 43479793,,,,,"Al Quoz Industrial,",Al Quoz,Dubai,UAE,Atlas Plastic Factory LLC,,,2197,
business-b2b,https://uae.arablocal.com/business/view/asc-fz-llc,2026-04-14 15:59:09,360,ASC FZ LLC,+971 44293900,,,,,"2nd Floor, Building 4,",Dubai Outsource Zone,Dubai,UAE,,,,1197,
construction,https://uae.arablocal.com/business/view/ajman-cement-co,2026-04-14 15:59:11,363,Ajman Cement Co,+971 67481999,,,,,Ajman,Al Jerf Industrial 3,Ajman,UAE,Ajman Cement Co,,,2075,
business-b2b,https://uae.arablocal.com/business/view/chloride-industrial-middle-east,2026-04-14 15:59:13,365,Chloride Industrial Middle East,+971 43915333,,,,,P.O Box 500221,Al Qusais,Dubai,UAE,"Chloride Industrial Middle East is located in Dubai, UAE. Company is working in Others business activities. If you have any questions, please contact us",http://www.ascentattestation,,1196,
business-b2b,https://uae.arablocal.com/business/view/al-sariya-general-trading,2026-04-14 15:59:15,367,Al Sariya General Trading,+971 42266110,,,,,Al Shamal St,Dubai Others,Dubai,UAE,"AL SARIYA GENERAL TRADING is located in Dubai, UAE. Company is working in Overseas Business, Import and Export Agents, Trading business activities. If you have any questions, please contact us",,,1195,
business-b2b,https://uae.arablocal.com/business/view/ali-khalifa-ali-trading-llc,2026-04-14 15:59:18,370,Ali Khalifa Ali Trading LLC,,,,,,"Ground Floor, Bin Thani Building,",Deira,Dubai,UAE,Ali Khalifa Ali Trading LLC,,,1496,
business-b2b,https://uae.arablocal.com/business/view/appwhiz,2026-04-14 15:59:20,372,AppWhiz,+971 42949442,,,,,"Business Avenue Building, Suite # 806, Sheikh Rashid Road,",Al Khabaisi,Dubai,UAE,,,,1192,
business-b2b,https://uae.arablocal.com/business/view/links-commercial-brokers-llc,2026-04-14 15:59:23,374,Links Commercial Brokers LLC,+971 43325777,,,,,"Third Floor, Fairmont Hotel, Sheikh Zayed Road,",Trade Center,Dubai,UAE,Links Commercial Brokers LLC,,,1181,
business-b2b,https://uae.arablocal.com/business/view/alwafaa-group,2026-04-14 15:59:27,379,Alwafaa Group,,,,,,"Mezzanine Floor , Atrium Building / NBQ Bank Building, Office # M23, Al Doha Street, Abu Hail,",Deira,Dubai,UAE,Alwafaa Group,,,1182,
business-b2b,https://uae.arablocal.com/business/view/leadergate-typing-and-administration,2026-04-14 15:59:30,382,Leadergate Typing and Administration,+971 25566051,,,,,"Ground Floor, Building # 13, Mussafah (M-9),",Musaffah,Abu Dhabi,UAE,Leadergate Typing and Administration,,,1160,
construction,https://uae.arablocal.com/business/view/best-block-and-precast-products-factory,2026-04-14 15:59:32,384,Best Block and Precast Products Factory,+971 67439332,,,,,Ajman,Al Jerf Industrial 1,Ajman,UAE,Best Block and Precast Products Factory,,,2049,
business-b2b,https://uae.arablocal.com/business/view/al-baraka-manpower-supply-services,2026-04-14 15:59:35,387,Al Baraka Manpower Supply Services,+971 42628816,,,,,Dubai,Hor Al Anz,Dubai,UAE,Al Baraka Manpower Supply Services,,,1155,
industrial,https://uae.arablocal.com/business/view/international-rubber-company-llc,2026-04-14 15:59:37,389,International Rubber Company LLC,+971 48859880,,,,,"Ground Floor, Warehouse, Dubai Investment Park (DIP) First,",Jebel Ali,Dubai,UAE,International Rubber Company LLC,,,2180,
business-b2b,https://uae.arablocal.com/business/view/etisalat-business-center-dubai,2026-04-14 15:59:39,391,Etisalat Business Center Dubai,+971 800 5800,,,,,"Etisalat Business Center, Etisalat Bulding, Near Jabal Ali Police Station",Jebel Ali,Dubai,UAE,"7) - Free calling number for private users in the UAE: 101 - For private users outside the UAE: +971 800 2 300 - Free calling number for business users in the UAE: 800 5800 - For business users outside the UAE: +971 800 5800 https://www.etisalat.ae Etisalat is the UAE's leading telecommunications operator. https://itunes.apple.com/ae/app/etisalat-uae/id866147547?mt=8 My Etisalat App UAE ETISALAT CORPORATION Headquartered in Abu Dhabi, UAE etisalat serves 11.6 million resident customers and ov...",http://speedtest.etisalat.ae,,1152,
business-b2b,https://uae.arablocal.com/business/view/belad-alkhair-general-trading-llc,2026-04-14 15:59:41,393,Belad Alkhair General Trading LLC,+971 2583559,,,,,Box No. 7648,Dubai Airport Free Zone,Dubai,UAE,"BELAD ALKHAIR GENERAL TRADING LLC is located in Dubai, UAE. Company is working in Trading business activities.",,,1149,
industrial,https://uae.arablocal.com/business/view/al-khowahir-chemicals-mat-trading-llc-sharjah,2026-04-14 15:59:46,398,Al Khowahir Chemicals Mat Trading LLC Sharjah,+971 65424694,,,,,"Ground Floor, Salah Bin Salah Building, Caterpillar Street, Industrial Area 2,",Industrial Area,Sharjah,UAE,Al Khowahir Chemicals Mat Trading LLC Sharjah,,,2178,
industrial,https://uae.arablocal.com/business/view/ibn-al-haj-chemicals,2026-04-14 15:59:49,400,Ibn Al Haj Chemicals,+971 43426464,,,,,"Plot # TP 040316,",Dubai World Central,Dubai,UAE,Ibn Al Haj Chemicals,http://www.iahchemicals.com/,,2154,
construction,https://uae.arablocal.com/business/view/al-yamama-pile-foundation-llc,2026-04-14 15:59:51,402,Al Yamama Pile Foundation LLC,+971 67494199,,,,,Ajman,Al Muwaihat 2,Ajman,UAE,Al Yamama Pile Foundation LLC,,,2015,
construction,https://uae.arablocal.com/business/view/abr-al-khaleej-construction,2026-04-14 15:59:53,405,Abr Al Khaleej Construction,+971 26711881,,,,,Abu Dhabi,Al Danah,Abu Dhabi,UAE,Abr Al Khaleej Construction,,,2031,
business-b2b,https://uae.arablocal.com/business/view/fitra-international-fzco,2026-04-14 15:59:57,409,Fitra International Fzco,+971 48045300,,,,,P.O Box 16946,Dubai Others,Dubai,UAE,"Fitra International FZCO is located in Dubai, UAE. Company is working in Others business activities. If you have any questions, please contact us",,,1142,
industrial,https://uae.arablocal.com/business/view/abu-dhabi-weaving-and-cloak-tailoring-factory,2026-04-14 15:59:59,411,Abu Dhabi Weaving and Cloak Tailoring Factory,+971 25554187,,,,,Abu Dhabi,Mussafah 14,Abu Dhabi,UAE,Abu Dhabi Weaving and Cloak Tailoring Factory,,,2141,
industrial,https://uae.arablocal.com/business/view/noor-asadi-mirror-and-frames-l-l-c,2026-04-14 16:00:03,414,Noor Asadi Mirror and Frames L.L.C,+971 25552460,,,,,"Plot No # 28, Mussafah (M-13),",Musaffah,Abu Dhabi,UAE,Noor Asadi Mirror and Frames L.L.C,,,2107,
business-b2b,https://uae.arablocal.com/business/view/cactus-general-trading-llc,2026-04-14 16:00:07,418,Cactus General Trading LLC,+971 44477428,,,,,P.O. Box: 234307,Sharjah Others,Sharjah,UAE,"Cactus Gen Trdg LLC is located in Dubai, UAE. Company is working in Small Business, General Traders business activities.",,,1131,
industrial,https://uae.arablocal.com/business/view/crown-emirates-co-ltd,2026-04-14 16:00:09,421,Crown Emirates Co Ltd,+971 48835452,,,,,"Plot WWA, Office #160, Jebel Ali,",Jebel Ali Freezone,Dubai,UAE,Crown Emirates Co Ltd,,,2097,
construction,https://uae.arablocal.com/business/view/abdul-latif-mohammed-al-zarooni-contracting-co,2026-04-14 16:00:12,423,Abdul Latif Mohammed Al Zarooni Contracting Co,+971 67656236,,,,,Umm Al Quwain,Al Hawiyah,Umm Al Quwain,UAE,Abdul Latif Mohammed Al Zarooni Contracting Co,,,2016,
industrial,https://uae.arablocal.com/business/view/al-ain-glass-and-mirrors-factory,2026-04-14 16:00:14,425,Al Ain Glass and Mirrors Factory,+971 67432179,,,,,Ajman,Ajman Industrial 2,Ajman,UAE,Al Ain Glass and Mirrors Factory,,,2096,
construction,https://uae.arablocal.com/business/view/ghantoot-transport-and-general-contracting-llc-al-ajban-abu-dhabi,2026-04-14 16:00:16,428,Ghantoot Transport and General Contracting LLC Al Ajban Abu Dhabi,+971 26214466,,,,,Abu Dhabi,Al Ajban,Abu Dhabi,UAE,Ghantoot Transport and General Contracting LLC Al Ajban Abu Dhabi,,,1996,
construction,https://uae.arablocal.com/business/view/dafco-concrete-products-inds-co-wll,2026-04-14 16:00:18,430,Dafco Concrete Products Inds Co WLL,+971 68825447,,,,,"Dhaid,",Dhaid,Sharjah,UAE,Dafco Concrete Products Inds Co WLL,,,1938,
business-b2b,https://uae.arablocal.com/business/view/al-tariq-trading-company--llc,2026-04-14 16:00:21,432,Al Tariq Trading Company LLC,+971 42263605,,,,,"Al Zarooni building, Murshid Bazaar, , P.O. Box: 3305",Deira,Dubai,UAE,"Al Tariq Trading Company LLC is located in Dubai, UAE. Company is working in Trading, Blankets, Towels, Linens Trading business activities.",,,1118,
industrial,https://uae.arablocal.com/business/view/al-hamra-steel-pipe-factory-co-llc-al-sajaa-sharjah,2026-04-14 16:00:24,436,Al Hamra Steel Pipe Factory Co LLC Al Sajaa Sharjah,+971 65360127,,,,,"Al Sajaa,",Al Sajaa,Sharjah,UAE,Al Hamra Steel Pipe Factory Co LLC Al Sajaa Sharjah,,,2094,
construction,https://uae.arablocal.com/business/view/al-ain-general-contracting-co-llc-algeco-companies-camp-abu-dhabi,2026-04-14 16:00:28,439,Al Ain General Contracting Co LLC ALGECO Companies Camp Abu Dhabi,+971 37825606,,,,,"Mazyad Road,",Companies camps,Abu Dhabi,UAE,Al Ain General Contracting Co LLC ALGECO Companies Camp Abu Dhabi,,,1993,
industrial,https://uae.arablocal.com/business/view/al-yamama-upvc-doors-and-windows,2026-04-14 16:00:32,444,Al Yamama UPVC Doors and Windows,+971 37216602,,,,,"Ground Floor, Al Rauwaidhi Building, Street # 16,",Sanaiya,Abu Dhabi,UAE,Al Yamama UPVC Doors and Windows,,,2079,
industrial,https://uae.arablocal.com/business/view/al-waleed-refrigerant-gas-industry-llc,2026-04-14 16:00:35,446,Al Waleed Refrigerant Gas Industry LLC,+971 42730844,,,,,"5th Floor, Technic Building, Office # 502, Salahuddin Road, Al Muraqqabat,",Deira,Dubai,UAE,Al Waleed Refrigerant Gas Industry LLC,,,2441,
business-b2b,https://uae.arablocal.com/business/view/al-furqan-trading-co,2026-04-14 16:00:39,451,Al Furqan Trading Co,+971 42676634,,,,,Dubai,Deira,Dubai,UAE,Al Furqan Trading Co,,,1376,
industrial,https://uae.arablocal.com/business/view/jindal-steel-dmcc,2026-04-14 16:00:41,453,Jindal Steel DMCC,+971 44264026,,,,,"Jumeirah Bay 2, Unit # 3309,",Jumeirah Lakes towers,Dubai,UAE,Jindal Steel DMCC,,,2064,
construction,https://uae.arablocal.com/business/view/ceramica-cleopatra,2026-04-14 16:00:43,455,Ceramica Cleopatra,+971 42627877,,,,,Dubai,Hor Al Anz,Dubai,UAE,Ceramica Cleopatra,,,1861,
construction,https://uae.arablocal.com/business/view/al-zamalek-gen-contg-co,2026-04-14 16:00:45,457,Al Zamalek Gen Contg Co,+971 67423706,,,,,Ajman,Al Rashidiya 3,Ajman,UAE,Al Zamalek Gen Contg Co,,,1920,
industrial,https://uae.arablocal.com/business/view/al-jazeera-city-trailers-industries-llc,2026-04-14 16:00:47,459,Al Jazeera City Trailers Industries LLC,+971 43338942,,,,,Dubai,Ras al khor industrial area 1,Sharjah,UAE,Al Jazeera City Trailers Industries LLC,,,2055,
construction,https://uae.arablocal.com/business/view/al-wathba-al-mafraq-and-al-ain-concrete-block-factories,2026-04-14 16:00:49,461,Al Wathba Al Mafraq And Al Ain Concrete Block Factories,+971 25822400,,,,,"Al Mafraq Industrial Area, P.O. Box: 31901",Al Mafraq Industrial Area,Abu Dhabi,UAE,"Al Wathba, Al Mafraq and Al Ain Concrete Block Factories is located in Abu Dhabi, UAE. Company is working in Building Materials, Construction Services business activities.",,,1856,
construction,https://uae.arablocal.com/business/view/transgulf-readymix-concrete-co-ltd-abu-dhabi,2026-04-14 16:00:52,464,Transgulf Readymix Concrete Co Ltd Abu dhabi,+971 25511777,,,,,"Plot # 58/59/60, Street # 15,",Musaffah,Abu Dhabi,UAE,Transgulf Readymix Concrete Co Ltd Abu dhabi,,,1910,
industrial,https://uae.arablocal.com/business/view/abid-textile,2026-04-14 16:00:54,466,Abid Textile,+971 37514030,,,,,Abu Dhabi,Al Ain,Abu Dhabi,UAE,Abid Textile,,,2048,
construction,https://uae.arablocal.com/business/view/belhasa-industrial-stones-llc-sharjah,2026-04-14 16:00:57,469,Belhasa Industrial Stones LLC Sharjah,+971 65443336,,,,,"Al Doori Building, Industrial Area 15,",Industrial Area,Sharjah,UAE,Belhasa Industrial Stones LLC Sharjah,,,1906,
industrial,https://uae.arablocal.com/business/view/al-mawsim-tents-industries-llc,2026-04-14 16:01:00,472,Al Mawsim Tents Industries LLC,+971 65319983,,,,,"Ground Floor, Al Mawasim Tents Building, Office # 1, Al Ittihad Road,",Industrial Area # 7,Sharjah,UAE,Al Mawsim Tents Industries LLC,http://www.almawsimtents.com/,,1983,
business-b2b,https://uae.arablocal.com/business/view/leader-express,2026-04-14 16:01:02,474,Leader Express,+971 42384664,,,,,"5th Floor, Ministry of Economy Building, Office # 501, Near Clock Tower,",Business Village,Dubai,UAE,Leader Express,,,1109,
industrial,https://uae.arablocal.com/business/view/gt-steel-recycling-dmcc,2026-04-14 16:01:05,476,GT Steel Recycling DMCC,+971 44208385,,,,,"ALMAS Tower, Unit # ALMAS-06-A,",Jumeirah Lakes towers,Dubai,UAE,GT Steel Recycling DMCC,,,1980,
industrial,https://uae.arablocal.com/business/view/arab-emirates-bandac-co-llc-dubai,2026-04-14 16:01:07,479,Arab Emirates Bandac Co LLC Dubai,+971 42858317,,,,,"Ground Floor, Umm Ramool,",Al Rashidiya,Dubai,UAE,Arab Emirates Bandac Co LLC Dubai,,,1959,
industrial,https://uae.arablocal.com/business/view/al-ain-glass-and-mirror-co-llc,2026-04-14 16:01:13,485,Al Ain Glass and Mirror Co LLC,+971 37641442,,,,,Abu Dhabi,Al Ain,Abu Dhabi,UAE,Al Ain Glass and Mirror Co LLC,,,1929,
business-b2b,https://uae.arablocal.com/business/view/khazan,2026-04-14 16:01:16,488,Khazan,+971 65350606,,,,,"11, P.O. Box: 66335",Industrial Area 11,Sharjah,UAE,"Khazan is located in Sharjah, UAE. Company is working in Overseas Business, Import and Export Agents business activities.",,,1104,
business-b2b,https://uae.arablocal.com/business/view/al-nameer-trading-agencies-co,2026-04-14 16:01:18,490,Al Nameer Trading Agencies Co,+971 3349993,,,,,Box No. 1604,Dubai Others,Dubai,UAE,"AL NAMEER TRADING AGENCIES CO. is located in Dubai, UAE. Company is working in Trading business activities.",,,1099,
business-b2b,https://uae.arablocal.com/business/view/al-wasi-technical-service--llc,2026-04-14 16:01:20,492,Al Wasi Technical Service LLC,+971 3937132,,,,,Box No. 46486,Dubai Others,Dubai,UAE,"AL WASI TECHNICAL SERVICE LLC is located in Dubai, UAE. Company is working in Professional Services, Air Conditioning, Carpentry & Flooring, Contractors, Electromechanical Equipment Installation business activities.",,,1098,
industrial,https://uae.arablocal.com/business/view/al-muntadhim-copper-and-aluminium-scrap-trading,2026-04-14 16:01:22,494,Al Muntadhim Copper and Aluminium Scrap Trading,+971 65350060,,,,,"Industrial 10,",Industrial Area 10,Sharjah,UAE,Al Muntadhim Copper and Aluminium Scrap Trading,,,1917,
construction,https://uae.arablocal.com/business/view/bin-harmal-cement-products-factory,2026-04-14 16:01:25,497,Bin Harmal Cement Products Factory,+971 37222313,,,,,"Office # 1, 1st Floor, Italian Palace Bldg, Sanaiya Street,",Al Ain,Abu Dhabi,UAE,Bin Harmal Cement Products Factory,,,1851,
industrial,https://uae.arablocal.com/business/view/mohamed-hareb-al-otaiba-kitchen-supplies-llc,2026-04-14 16:01:28,500,Mohamed Hareb Al Otaiba Kitchen Supplies LLC,+971 43414900,+971 504548187,,,,"Ground Floor, Mohamed Hareb Al Otaiba Building, Al Marabea Street, 65D,",Al Quoz Industrial Area,Dubai,UAE,Mohamed Hareb Al Otaiba Kitchen Supplies LLC,,,1908,
construction,https://uae.arablocal.com/business/view/emirates-roads-contracting-co-llc-ras-al-khaimah,2026-04-14 16:01:31,502,Emirates Roads Contracting Co LLC Ras Al Khaimah,+971 72446662,,,,,Ras Al Khaimah,Business Bay,Ras Al Khaimah,UAE,Emirates Roads Contracting Co LLC Ras Al Khaimah,,,1846,
construction,https://uae.arablocal.com/business/view/acttell-construction-llc-dubai,2026-04-14 16:01:34,505,Acttell Construction LLC Dubai,+971 42844166,,,,,"Ground Floor, Bin Drai Building, Office R2A, Umm Ramool,",Al Garhoud,Dubai,UAE,Acttell Construction LLC Dubai,,,1823,
industrial,https://uae.arablocal.com/business/view/abdul-hameed-khouri-aluminium-glass-factory-llc,2026-04-14 16:01:35,507,Abdul Hameed Khouri Aluminium Glass Factory LLC,+971 65346800,,,,,Sharjah,Industrial Area 12,Sharjah,UAE,Abdul Hameed Khouri Aluminium Glass Factory LLC,,,1904,
business-b2b,https://uae.arablocal.com/business/view/al-rubaya-group,2026-04-14 16:01:39,511,Al Rubaya Group,+971 26272000,,,,,"7, ADNIC Bldg, Khalifa,",Al Danah,Abu Dhabi,UAE,Al Rubaya Group,,,1084,
business-b2b,https://uae.arablocal.com/business/view/wimpey-laboratories-dubai,2026-04-14 16:01:44,516,Wimpey Laboratories Dubai,+971 44410518,,,,,"Floor # 41, Platinum Tower, Office # 4105,",Jumeirah Lakes towers,Dubai,UAE,Wimpey Laboratories Dubai,,,1071,
business-b2b,https://uae.arablocal.com/business/view/omran-al-rawi-lawyer-and-legal-consultancy,2026-04-14 16:01:47,519,Omran Al Rawi Lawyer and Legal Consultancy,+971 42776297,,,,,"Floor # 10 & 26, JBC # 04, Office # 1002 & 2603, AL Sarayat Street,",Jumeirah Lakes towers,Dubai,UAE,Omran Al Rawi Lawyer and Legal Consultancy,,,1061,
construction,https://uae.arablocal.com/business/view/emirates-roads-contracting-co-llc-sharjah,2026-04-14 16:01:51,523,Emirates Roads Contracting Co LLC Sharjah,+971 92220964,,,,,Fujairah,Business Bay,Dubai,UAE,Emirates Roads Contracting Co LLC Sharjah,,,1801,
business-b2b,https://uae.arablocal.com/business/view/all-details-middle-east-fz-llc,2026-04-14 16:01:53,525,All Details Middle East Fz LLC,+971 44484670,,,,,"Floor # 3, Building # 10, Dubai Media City(DMC),",Umm Suqeim,Dubai,UAE,All Details Middle East Fz LLC,,,1054,
construction,https://uae.arablocal.com/business/view/ab-building-contracting-co-llc,2026-04-14 16:01:56,528,AB Building Contracting Co LLC,+971 43312371,,,,,"2nd Floor, Union Co-operative Society, Al Dhiyafah Street, Al Satwa,",Al Zaabeel,Dubai,UAE,AB Building Contracting Co LLC,,,1797,
construction,https://uae.arablocal.com/business/view/abu-hail-contracting-co-llc-deira-dubai,2026-04-14 16:01:58,530,Abu Hail Contracting Co. LLC Deira Dubai,+971 42975757,,,,,"Mezzanine Floor, Al Bassam Building, Office # 446, Al Riqqa,",Deira,Dubai,UAE,Abu Hail Contracting Co. LLC Deira Dubai,,,1783,
construction,https://uae.arablocal.com/business/view/al-telal-cement-trading,2026-04-14 16:02:01,532,Al Telal Cement Trading,+971 72225566,,,,,Ras Al Khaimah,Al Nakheel,Ras Al Khaimah,UAE,Al Telal Cement Trading,,,1779,
industrial,https://uae.arablocal.com/business/view/ahmed-ramadhan-juma-arj-group,2026-04-14 16:02:06,538,Ahmed Ramadhan Juma ARJ Group,+971 37218144,,,,,Abu Dhabi,Al Ain,Abu Dhabi,UAE,Ahmed Ramadhan Juma ARJ Group,,,1846,
construction,https://uae.arablocal.com/business/view/mcdermott-middle-east-inc-jebel-ali-free-zone-dubai,2026-04-14 16:02:09,541,Mcdermott Middle East INC. Jebel Ali Free Zone Dubai,+971 48835200,,,,,"Jebel Ali Free Zone,",Jebel Ali Freezone,Dubai,UAE,Mcdermott Middle East INC. Jebel Ali Free Zone Dubai,,,1773,
industrial,https://uae.arablocal.com/business/view/fikree-group-of-companies-l-l-c,2026-04-14 16:02:12,544,Fikree Group of Companies L.L.C,+971 43377911,,,,,"Floor # 4, Montawa Building, Office # 406, Al Zabeel Street, Al Karama,",Bur Dubai,Dubai,UAE,Fikree Group of Companies L.L.C,,,1813,
business-b2b,https://uae.arablocal.com/business/view/lucky-engineering-services,2026-04-14 16:02:14,546,Lucky Engineering Services,+971 5395075,,,,,P.O Box 40432,Dubai Others,Dubai,UAE,"Lucky Engineering Services is located in Dubai, UAE. Company is working in Trading, Basic Steel Products business activities.",,,1052,
business-b2b,https://uae.arablocal.com/business/view/arab-coupons,2026-04-14 16:02:16,547,Arab coupons,+971 44179611,,,,,"Tower X2, Suite 403,",Jumeirah Lakes towers,Dubai,UAE,Arab coupons,,,1046,
industrial,https://uae.arablocal.com/business/view/qasr-al-ahlam-trading,2026-04-14 16:02:18,550,Qasr Al Ahlam Trading,+971 6331224,,,,,11857,Abu Dhabi City,Abu Dhabi,UAE,"QASR AL AHLAM TRADING is located in Abu Dhabi, UAE. Company is working in Clothing and Accessories, Textile business activities.",,,1808,
business-b2b,https://uae.arablocal.com/business/view/anderson-hr-consulting-and-training-ahrc-fz-llc,2026-04-14 16:02:20,551,Anderson HR Consulting and Training -AHRC FZ LLC,+971 43658363,,,,,"Floor # 8, Business Central Tower WA, Dubai Media City(DMC),",Umm Suqeim,Dubai,UAE,Anderson HR Consulting and Training -AHRC FZ LLC,,,1044,
construction,https://uae.arablocal.com/business/view/jesr-al-sharq-wa-al-gharb-marbles-and-granite-trdg-llc,2026-04-14 16:02:22,553,Jesr Al Sharq Wa Al Gharb Marbles and Granite Trdg.LLC,+971 65352687,+971 566516227,,,,"Ground Floor, Industrial Area 15,",Industrial Area,Sharjah,UAE,Jesr Al Sharq Wa Al Gharb Marbles and Granite Trdg.LLC,,,1769,
business-b2b,https://uae.arablocal.com/business/view/almentor-fzco,2026-04-14 16:02:24,555,Almentor FZCO,+971 43448248,,,,,"Floor # 2, Techno Hub 2, 1A 4 A Street,",Dubai Silicon Oasis,Dubai,UAE,Almentor FZCO,,,1044,
business-b2b,https://uae.arablocal.com/business/view/farooq-international-stationery--w-l-l--abu-dhabi--branch,2026-04-14 16:02:26,558,Farooq International Stationery W L L Abu Dhabi Branch,+971 26210056,,,,,44306,Abu Dhabi City,Abu Dhabi,UAE,"Farooq International Stationery - W L L - Abu Dhabi - Branch is located in Abu Dhabi, UAE. Company is working in Others business activities. If you have any questions, please contact us",,,1037,
industrial,https://uae.arablocal.com/business/view/al-sindbad-insulation-materials-and-al-reem-building-materials,2026-04-14 16:02:28,559,Al Sindbad Insulation Materials and Al Reem Building Materials,+971 65345994,,,,,"Sindbad group building,",Saja'a Industrial,Sharjah,UAE,Al Sindbad Insulation Materials and Al Reem Building Materials,http://www.alsindbadgroup.com/,,1810,
construction,https://uae.arablocal.com/business/view/star-cement-co-llc,2026-04-14 16:02:33,565,Star Cement Co LLC,+971 47073382,,,,,Dubai,Al Muraqqabat,Dubai,UAE,Star Cement Co LLC,,,1758,
industrial,https://uae.arablocal.com/business/view/al-reyami-glass-and-aluminium-llc-al-quoz-industrial-area-2-dubai,2026-04-14 16:02:35,567,Al Reyami Glass and Aluminium LLC Al Quoz Industrial area 2 Dubai,+971 44329829,+971 800739264,,,,Dubai,Al Quoz Industrial Area 2,Dubai,UAE,Al Reyami Glass and Aluminium LLC Al Quoz Industrial area 2 Dubai,,,1791,
business-b2b,https://uae.arablocal.com/business/view/advanced-facilities-management,2026-04-14 16:02:37,569,Advanced Facilities Management,+971 28829023,,,,,Abu Dhabi,Al Bateen,Abu Dhabi,UAE,Advanced Facilities Management,,,1036,
business-b2b,https://uae.arablocal.com/business/view/al-nasr-services-co,2026-04-14 16:02:40,572,Al Nasr Services Co,+971 65690348,,,,,Sharjah,Al Jubail,Sharjah,UAE,Al Nasr Services Co,,,1416,
business-b2b,https://uae.arablocal.com/business/view/al-khawaneej-tyre-co,2026-04-14 16:02:44,575,Al Khawaneej Tyre Co,+971 65338271,,,,,Sharjah,Industrial Area 7,Sharjah,UAE,Al Khawaneej Tyre Co,,,1348,
industrial,https://uae.arablocal.com/business/view/campro-technical-services-llc,2026-04-14 16:02:45,577,Campro Technical Services LLC,+971 42678731,,,,,Box No. 31920,Dubai Silicon Oasis,Dubai,UAE,"CAMPRO TECHNICAL SERVICES LLC is located in Dubai, UAE. Company is working in Metal Products, Contractors business activities.",http://www.carcility.com/,,1792,
construction,https://uae.arablocal.com/business/view/al-kauther-contracting-co-llc-sharjah,2026-04-14 16:02:48,580,Al Kauther Contracting Co LLC Sharjah,+971 65629660,,,,,"Ground Floor, Al Kauther Building,",Al Shuwaihean,Sharjah,UAE,Al Kauther Contracting Co LLC Sharjah,,,1770,
construction,https://uae.arablocal.com/business/view/gulf-gypsum-industries-co-llc,2026-04-14 16:02:51,582,Gulf Gypsum Industries Co LLC,+971 42242424,,,,,"Al Maktoum St,",Deira,Dubai,UAE,Gulf Gypsum Industries Co LLC,,,1749,
business-b2b,https://uae.arablocal.com/business/view/gulf-horizon-international-establishment,2026-04-14 16:02:53,584,Gulf Horizon International Establishment,+971 6347888,,,,,P.O Box 43248,Dubai Others,Dubai,UAE,"GULF HORIZON INTERNATIONAL ESTABLISHMENT is located in Dubai, UAE. Company is working in Overseas Business, Import and Export Agents business activities.",,,1023,
industrial,https://uae.arablocal.com/business/view/national-finland-auto-glass-co-llc-umm-al-quwain,2026-04-14 16:02:56,588,National Finland Auto Glass Co LLC Umm Al quwain,+971 67662630,,,,,Umm Al Quwain,Industrial Area,Sharjah,UAE,National Finland Auto Glass Co LLC Umm Al quwain,,,1788,
construction,https://uae.arablocal.com/business/view/bucomac-industries-ltd-block-factory-sharjah,2026-04-14 16:02:59,591,Bucomac Industries Ltd - Block Factory Sharjah,+971 65333549,,,,,"BMW Road,",Industrial Area 2,Sharjah,UAE,Bucomac Industries Ltd - Block Factory Sharjah,,,1759,
business-b2b,https://uae.arablocal.com/business/view/1890-llc,2026-04-14 16:03:02,593,1890 LLC,+971 3933633,,,,,Box No. 290,Dubai Others,Dubai,UAE,"1890 LLC is located in Dubai, UAE. Company is working in Trading, Fire Safety Equipment business activities. If you have any questions, please contact us",,,1021,
industrial,https://uae.arablocal.com/business/view/obaid-al-shamsi-aluminium-and-glass-industries-llc,2026-04-14 16:03:04,595,Obaid Al Shamsi Aluminium and Glass Industries LLC,+971 42679100,,,,,"Al Qusais 4,",Al Qusais,Dubai,UAE,Obaid Al Shamsi Aluminium and Glass Industries LLC,,,1773,
construction,https://uae.arablocal.com/business/view/dream-house-contracting-l-l-c,2026-04-14 16:03:09,600,Dream House Contracting L.L.C,+971 42945008,,,,,"2, Al Huda Building, 204, Service Rd, Al Garhoud,",Al Garhoud,Dubai,UAE,Dream House Contracting L.L.C,,,1704,
construction,https://uae.arablocal.com/business/view/otis-llc-abu-dhabi,2026-04-14 16:03:12,604,Otis LLC Abu Dhabi,+971 26446550,,,,,Abu Dhabi,Al Danah,Abu Dhabi,UAE,Otis LLC Abu Dhabi,,,1741,
business-b2b,https://uae.arablocal.com/business/view/al-kharbash-facilities-management,2026-04-14 16:03:14,605,Al Kharbash Facilities Management,+971 43338733,,,,,"Ras Al Khor Industrial Area # 2,",Ras Al Khor,Dubai,UAE,Al Kharbash Facilities Management,,,1014,
business-b2b,https://uae.arablocal.com/business/view/al-warda-al-masiyah-facilities-management-services-llc,2026-04-14 16:03:16,608,Al Warda Al Masiyah Facilities Management Services LLC,+971 43244303,,,,,"Ground Floor, Deira Business Center, Office # 09, Street # 16-A, Al Khabaisi,",Deira,Dubai,UAE,Al Warda Al Masiyah Facilities Management Services LLC,,,1012,
industrial,https://uae.arablocal.com/business/view/gulf-gypsum-industries-co-llc,2026-04-14 16:03:19,610,Gulf Gypsum Industries Co LLC,+971 42242424,,,,,"Al Maktoum St,",Deira,Dubai,UAE,Gulf Gypsum Industries Co LLC,,,1749,
construction,https://uae.arablocal.com/business/view/delmon-autoclaved-aerated-concrete-factory-aac-thermalite-blocks,2026-04-14 16:03:21,613,Delmon Autoclaved Aerated Concrete Factory - AAC Thermalite Blocks,+971 48842280,+971 504467394,,,,"Jebel Ali Industrial Area # 2,",Jebel Ali Industrial Area # 2,Dubai,UAE,Delmon Autoclaved Aerated Concrete Factory - AAC Thermalite Blocks,,,1683,
construction,https://uae.arablocal.com/business/view/ali-mousa-and-sons-group,2026-04-14 16:03:23,615,Ali Mousa and Sons Group,+971 65311444,,,,,Sharjah,Al Sajaa,Sharjah,UAE,Ali Mousa and Sons Group,,,1727,
construction,https://uae.arablocal.com/business/view/al-nasr-contracting-co-llc-mussafah-abu-dhabi,2026-04-14 16:03:26,618,Al Nasr Contracting Co LLC Mussafah Abu Dhabi,+971 26420002,,,,,"3rd Floor, Hamad Bahyer Al Amiri Building, Defence Road,",Mussafah 32/1,Abu Dhabi,UAE,Al Nasr Contracting Co LLC Mussafah Abu Dhabi,http://www.mrtool.ae/,,1679,
industrial,https://uae.arablocal.com/business/view/daeah-engineering-construction-co-ltd,2026-04-14 16:03:28,620,Daeah Engineering Construction Co.Ltd,+971 26426442,,,,,"Mussafah (M-4),",Musaffah,Abu Dhabi,UAE,Daeah Engineering Construction Co.Ltd,,,1750,
construction,https://uae.arablocal.com/business/view/al-ain-ready-mix-co,2026-04-14 16:03:31,622,Al Ain Ready Mix Co,+971 37211120,,,,,Abu Dhabi,Al Ain,Abu Dhabi,UAE,Al Ain Ready Mix Co,,,1703,
industrial,https://uae.arablocal.com/business/view/al-asfar-heavy-equipment-spare-parts-trading-llc,2026-04-14 16:03:50,641,Al Asfar Heavy Equipment Spare Parts Trading LLC,+971 65424677,,,,,"Industrial Area 13,",Industrial Area,Sharjah,UAE,Al Asfar Heavy Equipment Spare Parts Trading LLC,,,1732,
construction,https://uae.arablocal.com/business/view/fujairah-marble-and-tiles-factory,2026-04-14 16:03:52,644,Fujairah Marble and Tiles Factory,+971 92444101,,,,,"Dibba,",Dibba,Fujairah,UAE,Fujairah Marble and Tiles Factory,,,1660,
industrial,https://uae.arablocal.com/business/view/al-madeena-plastic-pipe-mfrg-factory-llc,2026-04-14 16:03:54,646,Al Madeena Plastic Pipe Mfrg Factory LLC,+971 67480226,,,,,"1, G Industrial,",Ajman Industrial 2,Ajman,UAE,Al Madeena Plastic Pipe Mfrg Factory LLC,,,1729,
industrial,https://uae.arablocal.com/business/view/gelaf-carton-boxes-manufacturing-llc,2026-04-14 16:03:56,648,Gelaf Carton Boxes Manufacturing LLC,+971 67673828,,,,,"Ground Floor, Al Ittihad Road,",Industrial Area,Sharjah,UAE,Gelaf Carton Boxes Manufacturing LLC,,,1716,
construction,https://uae.arablocal.com/business/view/adnan-contracting-co-llc,2026-04-14 16:04:03,655,Adnan Contracting Co LLC,+971 43369550,,,,,Dubai,Oud Metha,Dubai,UAE,Adnan Contracting Co LLC,,,1662,
business-b2b,https://uae.arablocal.com/business/view/elixir-general-trading--llc,2026-04-14 16:04:06,657,Elixir General Trading Llc,+971 42251265,,,,,"103, Al Buteen building, Murshid Bazar, P.O. Box: 1549",Deira,Dubai,UAE,"Elixir General Trading LLC is located in Dubai, UAE. Company is working in Overseas Business, Import and Export Agents business activities.",,,1004,
industrial,https://uae.arablocal.com/business/view/al-ain-mineral-water-bottling-factory-cold-stores-and-ice-plant-dept,2026-04-14 16:04:07,659,Al Ain Mineral Water Bottling Factory Cold Stores and Ice Plant Dept,+971 37214377,,,,pridepowermech@gmail.com,Al Ain,Al Ain,Abu Dhabi,UAE,Al Ain Mineral Water Bottling Factory Cold Stores and Ice Plant Dept,,,1715,
industrial,https://uae.arablocal.com/business/view/al-furat-refrigeration-devices-trading-co,2026-04-14 16:04:11,662,Al Furat Refrigeration Devices Trading Co,+971 65342622,,,,,Sharjah,Industrial Area 11,Sharjah,UAE,Al Furat Refrigeration Devices Trading Co,,,1705,
construction,https://uae.arablocal.com/business/view/masters-crane-co-llc,2026-04-14 16:04:13,665,Masters Crane Co LLC,+971 65282111,,,,,Sharjah,Al Layyeh Suburb,Sharjah,UAE,Masters Crane Co LLC,,,1655,
construction,https://uae.arablocal.com/business/view/bin-ojan-group,2026-04-14 16:04:15,667,Bin Ojan Group,+971 26457777,,,,,Abu Dhabi,Al Zahiyah,Abu Dhabi,UAE,Bin Ojan Group,,,1655,
construction,https://uae.arablocal.com/business/view/al-rayan-marble-factory-llc,2026-04-14 16:04:17,669,Al Rayan Marble Factory LLC,+971 67662341,,,,,"Umm Al Quwain-Industrial area,",Umm Al Quwain-Industrial area,Umm Al Quwain,UAE,Al Rayan Marble Factory LLC,,,1649,
construction,https://uae.arablocal.com/business/view/car-parking-shades-suppliers,2026-04-14 16:04:21,673,Car Parking Shades Suppliers,+971 543839003,+971505773027,+971543839003,,maqavisuhatents@gmail.com,2b Street al quoz,Al Quoz Industrial Area 3,Dubai,UAE,"CAR PARKING SHADED SUPPLIERS IN JUMAIRAH PARK 0543839003 Car Park Shades, Tents, Dubai Wedding Tents, Shades and Tents, Tents And Shades, Parking Shades Dubai, Rental Tents, Canopies, Awnings Suppliers, Patio Awnings, Garden Shades, Tensile Shades. https://youtu.be/txv2IGlDUDo Best and High Quality Suppliers Car park Shades, Our Products are. Car Park Sheds, Tents, Awnings, Canopies, Tensile Fabric Shades, Pergola, Sail Shades, Garden Sun Shades, Swimming Pool Shades, Playground shades, Tents...",https://posts.gle/pFWBT,,1621,054382900,https://www.facebook.com/alduhatents,https://www.instagram.com/tentsandshades,https://twitter.com/maqavutents
business-b2b,https://uae.arablocal.com/business/view/cluster-general-trading--llc,2026-04-14 16:04:40,692,Cluster General Trading Llc,+971 2222207,,,,,Box No. 35888,Dubai Others,Dubai,UAE,"CLUSTER GENERAL TRADING LLC is located in Dubai, UAE. Company is working in Trading business activities.",,,1004,
construction,https://uae.arablocal.com/business/view/national-ready-mix-concrete-co-sharjah,2026-04-14 16:04:43,694,National Ready Mix Concrete Co Sharjah,+971 65345544,,,,,Sharjah,Industrial Area 17,Sharjah,UAE,National Ready Mix Concrete Co Sharjah,,,1638,
business-b2b,https://uae.arablocal.com/business/view/mohammed-al-qubaisi-enterprises-llc,2026-04-14 16:04:45,697,Mohammed AL Qubaisi Enterprises LLC,+971 26423999,,,,,"Al Dhafrah,",Abu Dhabi City,Abu Dhabi,UAE,Mohammed AL Qubaisi Enterprises LLC,,,1000,
industrial,https://uae.arablocal.com/business/view/al-dhaid-tents-tr,2026-04-14 16:04:47,699,Al Dhaid Tents Tr,+971 68823892,,,,,Sharjah,Al Dhaid,Sharjah,UAE,Al Dhaid Tents Tr,,,1705,
