Name,Email,Location,Area,Governorate,Country,About,Website,Views,Fax,URL,Facebook,Instagram,LinkedIn,Phone,Twitter,YouTube
Australian World Trading LLC,,Box No. 333455,Jebel Ali Freezone,Dubai,UAE,"AUSTRALIAN WORLD TRADING LLC is located in Dubai, UAE. Company is working in Trading business activities.",,6523,,https://uae.arablocal.com/business/view/australian-world-trading-llc,,,,+971 3443500,,
Fujairah National Printing Press,,"Industrial,",Fujairah,Fujairah,UAE,Fujairah National Printing Press,,3159,,https://uae.arablocal.com/business/view/fujairah-national-printing-press,,,,+971 92223388,,
Injaz Services FZ LLC,,"Dubai Outsource Zone,",Dubai Outsource Zone,Dubai,UAE,Injaz Services FZ LLC,,2745,,https://uae.arablocal.com/business/view/injaz-services-fz-llc,,,,+971 44401818,,
Afdhal Auto Paints Trading,,Sharjah,Industrial Area 5,Sharjah,UAE,Afdhal Auto Paints Trading,,3159,,https://uae.arablocal.com/business/view/afdhal-auto-paints-trading,,,,+971 65420451,,
Al Khazna Chicken Farm,,Area :,Al Ain,Abu Dhabi,UAE,"Al Khazna Chicken Farm is located in Al Ain, UAE. Company is working in Overseas Business, Import and Export Agents business activities. If you have any questions, please contact us",,2722,,https://uae.arablocal.com/business/view/al-khazna-chicken-farm,,,,+971 37372992 37372995,,
Al Megido Electromechanical Works LLC,,Box No. 89385,Dubai Others,Dubai,UAE,"AL MEGIDO ELECTROMECHANICAL WORKS LLC is located in Dubai, UAE. Company is working in Professional Services, Air Conditioning, Civil Engineering, Lift Engineers, Electromechanical Equipment Installation, Plumbing & Sanitary business activities.",,1985,,https://uae.arablocal.com/business/view/al-megido-electromechanical-works--llc,,,,+971 2987818 2981817,,
Abdul Aziz Mohd Al Majid Est,,Sharjah,Al Majaz 3,Sharjah,UAE,Abdul Aziz Mohd Al Majid Est,,2399,,https://uae.arablocal.com/business/view/abdul-aziz-mohd-al-majid-est,,,,+971 65564447,,
Al Abad Manpower Supply,,Fujairah,Al Fujairah,Fujairah,UAE,Al Abad Manpower Supply,,1922,,https://uae.arablocal.com/business/view/al-abad-manpower-supply,,,,+971 92223302,,
Al Khaleej Foam Factory,,5274,Ajman Others,Ajman,UAE,"Al Khaleej Foam Factory is located in Ajman, UAE. Company is working in Others business activities. If you have any questions, please contact us",,1789,,https://uae.arablocal.com/business/view/al-khaleej-foam-factory,,,,+971 67438844 67439800,,
Afaq Recruitment and Manpower Supply Services,,"Floor # 9, GTH Building, Electra Street, Tourist Club,",Abu Dhabi City,Abu Dhabi,UAE,Afaq Recruitment and Manpower Supply Services,,1756,,https://uae.arablocal.com/business/view/afaq-recruitment-and-manpower-supply-services,,,,+971 26457007; +971 564012035 26457006,,
Holford Facilities Management LLC,,"2nd Floor, SIT Tower, Office 207, Street D 54,",Dubai Silicon Oasis,Dubai,UAE,Holford Facilities Management LLC,,1702,,https://uae.arablocal.com/business/view/holford-facilities-management-llc,,,,+971 43793100 43793200,,
Asmacs FZE,,"Hamriyah Free Zone,",Hamriyah Free Zone,Sharjah,UAE,,,1644,,https://uae.arablocal.com/business/view/asmacs-fze,,,,+971 65260711,,
Gardenia Trading Est,,"Shop #2, Ground Floor, Ahmed Saif Belhasa, Al Karama,",Bur Dubai,Dubai,UAE,Gardenia Trading Est,,1823,,https://uae.arablocal.com/business/view/gardenia-trading-est,,,,+971 43961420 43962504,,
Ac Nielsen Amer Shj Branch,,P.O Box 22525,Dubai Others,Dubai,UAE,"A/C Nielsen Amer (Shj. Branch) is located in Dubai, UAE. Company is working in Others business activities. If you have any questions, please contact us",,1505,,https://uae.arablocal.com/business/view/ac-nielsen-amer-shj-branch,,,,+971 65724848 65728153,,
Al-Hiba Intellectual Property,,"Floor #1, Office #109,",Hor Al Anz East,Dubai,UAE,Al-Hiba Intellectual Property,,1493,,https://uae.arablocal.com/business/view/al-hiba-intellectual-property,,,,+971 42547700 42547772,,
Al Arabia Operation and Maintenance LLC,,"Juma Al Majid Building, Al Marakech Street, Umm Ramool,",Al Rashidiya,Dubai,UAE,Al Arabia Operation and Maintenance LLC,,1404,,https://uae.arablocal.com/business/view/al-arabia-operation-and-maintenance-llc,,,,+971 42851145 42857890,,
Al Arab and Asia Oil Fields Services LLC,,Sharjah,Umm Altaraffa,Sharjah,UAE,Al Arab and Asia Oil Fields Services LLC,,1380,,https://uae.arablocal.com/business/view/al-arab-and-asia-oil-fields-services-llc,,,,+971 65615711,,
Binghatti Holding Limited,,"Level 1, Gate Village 6, Office 8 and 9, 312th Road,",Dubai International Financial Centre,Dubai,UAE,Binghatti Holding Limited,,1358,,https://uae.arablocal.com/business/view/binghatti-holding-limited,,,,+971 43863538,,
Fujairah Marble and Tiles Factory,,"Dibba,",Dibba,Fujairah,UAE,Fujairah Marble and Tiles Factory,,1660,,https://uae.arablocal.com/business/view/fujairah-marble-and-tiles-factory,,,,+971 92444101,,
Flex Facility Management LLC,,"Office # 124, 1st Floor, Al Fahad Building # 4, Damascus Street, Al Qusais Ind. Second,",Al Qusais,Dubai,UAE,Flex Facility Management LLC,,1324,,https://uae.arablocal.com/business/view/flex-facility-management-llc,,,,+971 42205999 42205353,,
Dumarques Llc,,Box No. 5899,Dubai Others,Dubai,UAE,"DUMARQUES LLC is located in Dubai, UAE. Company is working in Trading business activities.",,1388,,https://uae.arablocal.com/business/view/dumarques--llc,,,,+971 2211425 2237285,,
Avenues World FZ LLC,,"Building #10, 3rd Floor, Office #313,",Dubai Internet City,Dubai,UAE,Avenues World FZ LLC,,1302,,https://uae.arablocal.com/business/view/avenues-world-fz-llc,,,,+971 45531029,,
American Global International University,,Po Box 39362,Dubai Others,Dubai,UAE,"AMERICAN GLOBAL INTERNATIONAL UNIVERSITY is located in Dubai, UAE. Company is working in Trading, Agricultural, Veterinary Pesticides Trading, Colleges and Universities, Schools business activities.",,1272,,https://uae.arablocal.com/business/view/american-global-international-university,,,,,,
Frontier General Trading Llc,,P.O Box 120181,Dubai Others,Dubai,UAE,"FRONTIER GENERAL TRADING (L.L.C) is located in Dubai, UAE. Company is working in Small Business, General Traders business activities. If you have any questions, please contact us",,1281,,https://uae.arablocal.com/business/view/frontier-general-trading--llc,,,,+971 3517712 3517713,,
Al Suraa Al Faiqah Electrical Devices Trading,,"Tehsil Building - Block B, 1st Floor, Industrial Area 13,",Industrial Area,Sharjah,UAE,Al Suraa Al Faiqah Electrical Devices Trading,,1260,,https://uae.arablocal.com/business/view/al-suraa-al-faiqah-electrical-devices-trading,,,,+971 65562505 65562505,,
Fujairah National Dairy Farm,,"P.O.Box No.11680, DIB",Dibba,Fujairah,UAE,"FUJAIRAH NATL DAIRY FARM is located in P.O.Box No.11680, DIB, UAE. Company is working in Others business activities. If you have any questions, please contact us",,1266,,https://uae.arablocal.com/business/view/fujairah-national-dairy-farm,,,,+971 92443021 92443022,,
East Sun Trading,,Area :,Dubai Others,Dubai,UAE,"East Sun Trading is located in Dubai, UAE. Company is working in Trading, Blankets, Towels, Linens Trading business activities. If you have any questions, please contact us",,1259,,https://uae.arablocal.com/business/view/east-sun-trading,,,,+971 42732812 42732814,,
Huawei Tech UAE FZ LLC,,Dubai,Al Sufouh 2,Dubai,UAE,Huawei Tech UAE FZ LLC,,1564,,https://uae.arablocal.com/business/view/huawei-tech-uae-fz-llc,,,,+971 43915608,,
110 General Trading LLC,,Box No. 11217,Dubai Others,Dubai,UAE,"110 GENERAL TRADING LLC is located in Dubai, UAE. Company is working in Trading business activities.",,1214,,https://uae.arablocal.com/business/view/110-general-trading-llc,,,,+971 2738510 2738509,,
Abu Faisal Services Est,,"Khalifa Street,",Al Ain,Abu Dhabi,UAE,Abu Faisal Services Est,,1209,,https://uae.arablocal.com/business/view/abu-faisal-services-est,,,,+971 37654783 37666670,,
Delma Co-Operative Society,,Abu Dhabi,Al Danah,Abu Dhabi,UAE,Delma Co-Operative Society,,1536,,https://uae.arablocal.com/business/view/delma-co-operative-society,,,,+971 26669440,,
ASC FZ LLC,,"2nd Floor, Building 4,",Dubai Outsource Zone,Dubai,UAE,,,1197,,https://uae.arablocal.com/business/view/asc-fz-llc,,,,+971 44293900,,
Al Sariya General Trading,,Al Shamal St,Dubai Others,Dubai,UAE,"AL SARIYA GENERAL TRADING is located in Dubai, UAE. Company is working in Overseas Business, Import and Export Agents, Trading business activities. If you have any questions, please contact us",,1195,,https://uae.arablocal.com/business/view/al-sariya-general-trading,,,,+971 42266110 42260161,,
Ali Khalifa Ali Trading LLC,,"Ground Floor, Bin Thani Building,",Deira,Dubai,UAE,Ali Khalifa Ali Trading LLC,,1496,,https://uae.arablocal.com/business/view/ali-khalifa-ali-trading-llc,,,,+971 4,,
Links Commercial Brokers LLC,,"Third Floor, Fairmont Hotel, Sheikh Zayed Road,",Trade Center,Dubai,UAE,Links Commercial Brokers LLC,,1181,,https://uae.arablocal.com/business/view/links-commercial-brokers-llc,,,,+971 43325777 43325541,,
AppWhiz,,"Business Avenue Building, Suite # 806, Sheikh Rashid Road,",Al Khabaisi,Dubai,UAE,,,1192,,https://uae.arablocal.com/business/view/appwhiz,,,,+971 42949442,,
Alwafaa Group,,"Mezzanine Floor , Atrium Building / NBQ Bank Building, Office # M23, Al Doha Street, Abu Hail,",Deira,Dubai,UAE,Alwafaa Group,,1182,,https://uae.arablocal.com/business/view/alwafaa-group,,,,+971 4,,
Al Baraka Manpower Supply Services,,Dubai,Hor Al Anz,Dubai,UAE,Al Baraka Manpower Supply Services,,1155,,https://uae.arablocal.com/business/view/al-baraka-manpower-supply-services,,,,+971 42628816,,
Leadergate Typing and Administration,,"Ground Floor, Building # 13, Mussafah (M-9),",Musaffah,Abu Dhabi,UAE,Leadergate Typing and Administration,,1160,,https://uae.arablocal.com/business/view/leadergate-typing-and-administration,,,,+971 25566051 25566061,,
Belad Alkhair General Trading LLC,,Box No. 7648,Dubai Airport Free Zone,Dubai,UAE,"BELAD ALKHAIR GENERAL TRADING LLC is located in Dubai, UAE. Company is working in Trading business activities.",,1149,,https://uae.arablocal.com/business/view/belad-alkhair-general-trading-llc,,,,+971 2583559 2583559,,
Al Tariq Trading Company LLC,,"Al Zarooni building, Murshid Bazaar, , P.O. Box: 3305",Deira,Dubai,UAE,"Al Tariq Trading Company LLC is located in Dubai, UAE. Company is working in Trading, Blankets, Towels, Linens Trading business activities.",,1118,,https://uae.arablocal.com/business/view/al-tariq-trading-company--llc,,,,+971 42263605 42251225,,
Cactus General Trading LLC,,P.O. Box: 234307,Sharjah Others,Sharjah,UAE,"Cactus Gen Trdg LLC is located in Dubai, UAE. Company is working in Small Business, General Traders business activities.",,1131,,https://uae.arablocal.com/business/view/cactus-general-trading-llc,,,,+971 44477428 44477429,,
Fitra International Fzco,,P.O Box 16946,Dubai Others,Dubai,UAE,"Fitra International FZCO is located in Dubai, UAE. Company is working in Others business activities. If you have any questions, please contact us",,1142,,https://uae.arablocal.com/business/view/fitra-international-fzco,,,,+971 48045300 48045349,,
Al Furqan Trading Co,,Dubai,Deira,Dubai,UAE,Al Furqan Trading Co,,1376,,https://uae.arablocal.com/business/view/al-furqan-trading-co,,,,+971 42676634,,
Leader Express,,"5th Floor, Ministry of Economy Building, Office # 501, Near Clock Tower,",Business Village,Dubai,UAE,Leader Express,,1109,,https://uae.arablocal.com/business/view/leader-express,,,,+971 42384664,,
Al Ain Glass and Mirrors Factory,,Ajman,Ajman Industrial 2,Ajman,UAE,Al Ain Glass and Mirrors Factory,,2096,,https://uae.arablocal.com/business/view/al-ain-glass-and-mirrors-factory,,,,+971 67432179,,
Khazan,,"11, P.O. Box: 66335",Industrial Area 11,Sharjah,UAE,"Khazan is located in Sharjah, UAE. Company is working in Overseas Business, Import and Export Agents business activities.",,1104,,https://uae.arablocal.com/business/view/khazan,,,,+971 65350606 65350550,,
Al Nameer Trading Agencies Co,,Box No. 1604,Dubai Others,Dubai,UAE,"AL NAMEER TRADING AGENCIES CO. is located in Dubai, UAE. Company is working in Trading business activities.",,1099,,https://uae.arablocal.com/business/view/al-nameer-trading-agencies-co,,,,+971 3349993 3347781,,
Al Wasi Technical Service LLC,,Box No. 46486,Dubai Others,Dubai,UAE,"AL WASI TECHNICAL SERVICE LLC is located in Dubai, UAE. Company is working in Professional Services, Air Conditioning, Carpentry & Flooring, Contractors, Electromechanical Equipment Installation business activities.",,1098,,https://uae.arablocal.com/business/view/al-wasi-technical-service--llc,,,,+971 3937132 3932207,,
Al Rubaya Group,,"7, ADNIC Bldg, Khalifa,",Al Danah,Abu Dhabi,UAE,Al Rubaya Group,,1084,,https://uae.arablocal.com/business/view/al-rubaya-group,,,,+971 26272000,,
Wimpey Laboratories Dubai,,"Floor # 41, Platinum Tower, Office # 4105,",Jumeirah Lakes towers,Dubai,UAE,Wimpey Laboratories Dubai,,1071,,https://uae.arablocal.com/business/view/wimpey-laboratories-dubai,,,,+971 44410518,,
Omran Al Rawi Lawyer and Legal Consultancy,,"Floor # 10 & 26, JBC # 04, Office # 1002 & 2603, AL Sarayat Street,",Jumeirah Lakes towers,Dubai,UAE,Omran Al Rawi Lawyer and Legal Consultancy,,1061,,https://uae.arablocal.com/business/view/omran-al-rawi-lawyer-and-legal-consultancy,,,,+971 42776297,,
All Details Middle East Fz LLC,,"Floor # 3, Building # 10, Dubai Media City(DMC),",Umm Suqeim,Dubai,UAE,All Details Middle East Fz LLC,,1054,,https://uae.arablocal.com/business/view/all-details-middle-east-fz-llc,,,,+971 44484670,,
Lucky Engineering Services,,P.O Box 40432,Dubai Others,Dubai,UAE,"Lucky Engineering Services is located in Dubai, UAE. Company is working in Trading, Basic Steel Products business activities.",,1052,,https://uae.arablocal.com/business/view/lucky-engineering-services,,,,+971 5395075 5322484,,
Arab coupons,,"Tower X2, Suite 403,",Jumeirah Lakes towers,Dubai,UAE,Arab coupons,,1046,,https://uae.arablocal.com/business/view/arab-coupons,,,,+971 44179611,,
Anderson HR Consulting and Training -AHRC FZ LLC,,"Floor # 8, Business Central Tower WA, Dubai Media City(DMC),",Umm Suqeim,Dubai,UAE,Anderson HR Consulting and Training -AHRC FZ LLC,,1044,,https://uae.arablocal.com/business/view/anderson-hr-consulting-and-training-ahrc-fz-llc,,,,+971 43658363,,
Farooq International Stationery W L L Abu Dhabi Branch,,44306,Abu Dhabi City,Abu Dhabi,UAE,"Farooq International Stationery - W L L - Abu Dhabi - Branch is located in Abu Dhabi, UAE. Company is working in Others business activities. If you have any questions, please contact us",,1037,,https://uae.arablocal.com/business/view/farooq-international-stationery--w-l-l--abu-dhabi--branch,,,,+971 26210056 26210074,,
Advanced Facilities Management,,Abu Dhabi,Al Bateen,Abu Dhabi,UAE,Advanced Facilities Management,,1036,,https://uae.arablocal.com/business/view/advanced-facilities-management,,,,+971 28829023,,
Almentor FZCO,,"Floor # 2, Techno Hub 2, 1A 4 A Street,",Dubai Silicon Oasis,Dubai,UAE,Almentor FZCO,,1044,,https://uae.arablocal.com/business/view/almentor-fzco,,,,+971 43448248,,
Al Nasr Services Co,,Sharjah,Al Jubail,Sharjah,UAE,Al Nasr Services Co,,1416,,https://uae.arablocal.com/business/view/al-nasr-services-co,,,,+971 65690348,,
Al Khawaneej Tyre Co,,Sharjah,Industrial Area 7,Sharjah,UAE,Al Khawaneej Tyre Co,,1348,,https://uae.arablocal.com/business/view/al-khawaneej-tyre-co,,,,+971 65338271,,
Gulf Horizon International Establishment,,P.O Box 43248,Dubai Others,Dubai,UAE,"GULF HORIZON INTERNATIONAL ESTABLISHMENT is located in Dubai, UAE. Company is working in Overseas Business, Import and Export Agents business activities.",,1023,,https://uae.arablocal.com/business/view/gulf-horizon-international-establishment,,,,+971 6347888 6392224,,
1890 LLC,,Box No. 290,Dubai Others,Dubai,UAE,"1890 LLC is located in Dubai, UAE. Company is working in Trading, Fire Safety Equipment business activities. If you have any questions, please contact us",,1021,,https://uae.arablocal.com/business/view/1890-llc,,,,+971 3933633 3933636,,
Al Kharbash Facilities Management,,"Ras Al Khor Industrial Area # 2,",Ras Al Khor,Dubai,UAE,Al Kharbash Facilities Management,,1014,,https://uae.arablocal.com/business/view/al-kharbash-facilities-management,,,,+971 43338733 43338819,,
Al Warda Al Masiyah Facilities Management Services LLC,,"Ground Floor, Deira Business Center, Office # 09, Street # 16-A, Al Khabaisi,",Deira,Dubai,UAE,Al Warda Al Masiyah Facilities Management Services LLC,,1012,,https://uae.arablocal.com/business/view/al-warda-al-masiyah-facilities-management-services-llc,,,,+971 43244303 43244303,,
Elixir General Trading Llc,,"103, Al Buteen building, Murshid Bazar, P.O. Box: 1549",Deira,Dubai,UAE,"Elixir General Trading LLC is located in Dubai, UAE. Company is working in Overseas Business, Import and Export Agents business activities.",,1004,,https://uae.arablocal.com/business/view/elixir-general-trading--llc,,,,+971 42251265 42252308,,
Cluster General Trading Llc,,Box No. 35888,Dubai Others,Dubai,UAE,"CLUSTER GENERAL TRADING LLC is located in Dubai, UAE. Company is working in Trading business activities.",,1004,,https://uae.arablocal.com/business/view/cluster-general-trading--llc,,,,+971 2222207 2296622,,
Mohammed AL Qubaisi Enterprises LLC,,"Al Dhafrah,",Abu Dhabi City,Abu Dhabi,UAE,Mohammed AL Qubaisi Enterprises LLC,,1000,,https://uae.arablocal.com/business/view/mohammed-al-qubaisi-enterprises-llc,,,,+971 26423999 26423900,,
Dubizzle Abu Dhabi,,Area :,Abu Dhabi City,Abu Dhabi,UAE,"dubizzle.com is the leading classifieds website for users in the Middle East and North Africa. Since its launch in 2005, dubizzle.com has become the number one platform for users to buy, sell, or find anything in their community. A community where underused goods are redistributed to fill a new need, and become wanted again, where non- product assets such as space, skills and money are exchanged and traded in new ways that don’t always require centralized institutions or ‘middlemen’. dubizzle...",http://abudhabi.dubizzle.com/,2955,,https://uae.arablocal.com/business/view/dubizzle-abu-dhabi,,,,,,
Bama Trading Company,,Po Box 17460 Free Zone,Dubai Others,Dubai,UAE,"BAMA TRADING COMPANY is located in Dubai, UAE. Company is working in Others business activities.",http://www.barrickgroup.net,2490,,https://uae.arablocal.com/business/view/bama-trading-company,,,,,,
Bahar Al Noor Trading,,Area :,Al Garhoud,Dubai,UAE,"Bahar Al Noor Trading is located in Dubai, UAE. Company is working in Trading, Blankets, Towels, Linens Trading business activities. If you have any questions, please contact us",http://www.balloonee.com,1894,,https://uae.arablocal.com/business/view/bahar-al-noor-trading,,,,+971 42727391 42734370,,
Simba Trading Llc,,Box No. 33135,Dubai Others,Dubai,UAE,"SIMBA TRADING LLC is located in Dubai, UAE. Company is working in Secretarial Services, Photocopying, Trading, Air-Condition, Refrigeration Trading, Event Equipment, Audio Visual, Electrical Goods business activities. Visit our company website for more information about us : http://www.simbaglobal.com",http://www.simbaglobal.com,1731,,https://uae.arablocal.com/business/view/simba-trading-llc,,,,+971 2226635 2821474,,
Al Tareeq Al Saree Management Consultancy Industrial Area 4 Sharjah,,"4th Floor, Rolla Mall, Office # 407,",Industrial Area 4,Sharjah,UAE,Al Tareeq Al Saree Management Consultancy Industrial Area 4 Sharjah,http://www.sbs-uae.org/,1700,,https://uae.arablocal.com/business/view/al-tareeq-al-saree-management-consultancy-industrial-area-4-sharjah,,,,+971 65215557; +971 556490500,,
Bank Saderat Iran Sharjah Branch,rofc@bsi.co.ae,Al Gharb - Sharjah - United Arab Emirates,Al Gharb,Sharjah,UAE,"Bank Saderat Iran was established in 1952 with the main objective to provide efficient and modern banking and is well reputed for the excellent services it is offering to customers throughout the world. Since the inception, BSI has expanded its network vigorously and established about 3400 branches in Iran and abroad. With over 32000 employees, the Bank has one of the largest Banking Network in Iran and the Middle East. BSI with its competent and innovative Management has used its extensive m...",http://www.banksaderat.ae/,1930,46035555,https://uae.arablocal.com/business/view/bank-saderat-iran-sharjah-branch,,,,+971 65681121; +971 65682070,,
Opensooq,,DIC - Bldg 02 - Floor 1 - 121,Dubai Internet City,Dubai,UAE,"OpenSooq is the largest marketplace in MENA with over 12 million downloads. Buy and sell your car, mobile phone, home furniture, or any other item, find a place to live or find your dream job while in the comfort of your home. All of this is for free, without commission and just a few clicks away!",http://ae.opensooq.com,1398,,https://uae.arablocal.com/business/view/opensooq,,,,+971 44489205,,
Shuraa Business Setup Services,info@shuraa.com,"Sheikh Zayed Road, Office 501, 5th floor, Aspin Commercial Tower, Dubai, UAE",Sheikh Zayed Road,Dubai,UAE,"Shuraa Business Setup is a leading business setup company in Dubai, offering consultation and company formation services all over the UAE. Established in 2001, Shuraa is an organization which encompasses a complete range of business setup services including trade licensing, PRO service, company management and establishing business centers and more. We are a renowned name in the sector of business consultation and are known for providing complete solutions to our clients for setting up busines...",http://www.shuraa.com/,1393,,https://uae.arablocal.com/business/view/shuraa-business-setup-services,https://www.facebook.com/shuraabusinesssetup/,https://www.instagram.com/shuraabusinesssetup/,https://www.linkedin.com/company/shuraabusinesssetup,+971 44081900; +971 43510077; +971 50 777555,https://twitter.com/shuraabusiness,https://www.youtube.com/c/ShuraaBusinessSetup
Mainland Dubai Company Formation -A&A Associate LLC,sales@aaconsultancy.ae,Dubai - United Arab Emirates,Dubai Others,Dubai,UAE,A&A Associate LLC is a business setup consultancy firm that specializes in mainland company setup in the UAE. If you are looking to setup your business in Dubai mainland. A&A Associate LLC can be consulted on for all matters relating to Dubai mainland company formation.We are one of the best mainland business setup consultants in Dubai and our expertise encompasses all areas of UAE mainland company formation. Our experienced consultants can tell you everything there is to know about mainland ...,http://www.aaconsultancy.ae/dubai/mainland-company-setup/,1316,,https://uae.arablocal.com/business/view/mainland-dubai-company-formation-aa-associate-llc,,,,+971 564086728,,
Fun Fashion Emirates Llc,,Box No. 117965,Dubai Others,Dubai,UAE,"Discover the Italian luxury fashion house of Fendi. Explore runway videos, interviews and browse the latest collections, handbags and accessories.",http://www.fendi.com,1294,,https://uae.arablocal.com/business/view/fun-fashion-emirates--llc,,,,+971 3511833 3513444,,
Kiltons Business Setup Services,contact@kiltons.com,"G06, Bin Thani Building, Near Hilal Bank, Al Qusais, Dubai, UAE. P.O. Box 237739",Al Qusais,Dubai,UAE,"Planning a Business setup in Dubai? Contact Kiltons Business Setup Services LLC, one of the top business consultants in Dubai for business setup services in UAE. Start your business in Dubai UAE easily and Get the best price for business setup, Business Setup in Ajman Mainland, Business Setup In RAK, Business SetUp In Abu Dhabi,, free zone company formation, business licensing, visa, and PRO services in Dubai. We also help in Obtaining a UAE national sponsor for our clients. Other services th...",http://kiltons.com/,1321,,https://uae.arablocal.com/business/view/kiltons-business-setup-services,https://www.facebook.com/kiltonsdubai/,https://www.instagram.com/kiltonsdubai/,https://www.linkedin.com/company/kiltons-business-setup-services-llc/,+971 43920111,https://twitter.com/kiltonsdubai,https://www.youtube.com/channel/UCl3dIkJgXY-UZjrVZ0IlZEg?view_as=subscriber
1765 Gemini LLC,,Box No. 125434,Dubai Others,Dubai,UAE,"1765 GEMINI LLC is located in Dubai, UAE. Company is working in Trading business activities. Visit our company website for more information about us : http://www.1765gemini.com If you have any questions, please contact us",http://www.1765gemini.com,1274,,https://uae.arablocal.com/business/view/1765-gemini-llc,,,,+971 43884773 43884774,,
A A Trading LLC,,Box No. 50837,Dubai Others,Dubai,UAE,"A A TRADING LLC is located in Dubai, UAE. Company is working in Trading business activities. Visit our company website for more information about us : http://www.aqili.com",http://www.aqili.com,1228,,https://uae.arablocal.com/business/view/a-a-trading-llc,,,,+971 3248000 3244420,,
Chloride Industrial Middle East,,P.O Box 500221,Al Qusais,Dubai,UAE,"Chloride Industrial Middle East is located in Dubai, UAE. Company is working in Others business activities. If you have any questions, please contact us",http://www.ascentattestation,1196,,https://uae.arablocal.com/business/view/chloride-industrial-middle-east,,,,+971 43915333 43915335,,
Etisalat Business Center Dubai,,"Etisalat Business Center, Etisalat Bulding, Near Jabal Ali Police Station",Jebel Ali,Dubai,UAE,"7) - Free calling number for private users in the UAE: 101 - For private users outside the UAE: +971 800 2 300 - Free calling number for business users in the UAE: 800 5800 - For business users outside the UAE: +971 800 5800 https://www.etisalat.ae Etisalat is the UAE's leading telecommunications operator. https://itunes.apple.com/ae/app/etisalat-uae/id866147547?mt=8 My Etisalat App UAE ETISALAT CORPORATION Headquartered in Abu Dhabi, UAE etisalat serves 11.6 million resident customers and ov...",http://speedtest.etisalat.ae,1152,,https://uae.arablocal.com/business/view/etisalat-business-center-dubai,,,,+971 800 2 300; +971 800 5800,,
