Name,Phone_1,Phone_2,Phone_3,Email,Location,Area,Governorate,Country,About,Website,Rating,Views,Fax,URL,Facebook,Instagram,Twitter
Gemini Building Materials Mussafah Abu Dhabi,+971 25541410,+971 561197955,,,"Ground Floor, Firdaus Building, Shop # 114-116, Mussafah (M-3),",Musaffah,Abu Dhabi,UAE,Gemini Building Materials Mussafah Abu Dhabi,,,7590,,https://uae.arablocal.com/business/view/gemini-building-materials-mussafah-abu-dhabi,,,
Emirates International Blocks and Interlock Factory,+971 72447555,,,,Ras Al Khaimah,Al Jazirah Al Hamra,Ras Al Khaimah,UAE,Emirates International Blocks and Interlock Factory,,,9090,,https://uae.arablocal.com/business/view/emirates-international-blocks-and-interlock-factory,,,
Emirates Ceramic Factory,+971 92223995,,,,Fujairah,Al Hayl,Fujairah,UAE,Emirates Ceramic Factory,,,4156,,https://uae.arablocal.com/business/view/emirates-ceramic-factory,,,
Schindler UAE Abu Dhabi,+971 26120000,,,,"9th Floor, Tower B - Al Saman Tower, Hamdan Street,",Abu Dhabi Industrial City,Abu Dhabi,UAE,Schindler UAE Abu Dhabi,,,3516,,https://uae.arablocal.com/business/view/schindler-uae-abu-dhabi,,,
Osool Finance Co,+971 42979250,,,,"Hor Al Anz East,",Deira,Dubai,UAE,Osool Finance Co,,,4276,,https://uae.arablocal.com/business/view/osool-finance-co,,,
Al Gouz Block Factory LLC,+971 48802880,,,,Dubai,Jebel Ali Industrial,Dubai,UAE,Al Gouz Block Factory LLC,,,2984,,https://uae.arablocal.com/business/view/al-gouz-block-factory-llc,,,
El Ezh Building Contracting LLC,+971 72221668,,,,"Floor # 4, Julphar Tower, Al Hisn Road,",Al Nakheel,Ras Al Khaimah,UAE,El Ezh Building Contracting LLC,,,2955,,https://uae.arablocal.com/business/view/el-ezh-building-contracting-llc,,,
Al Futtaim Engineering Elevators and Escalators Division Dubai,+971 42119111,,,,Dubai,Garhoud,Dubai,UAE,Al Futtaim Engineering Elevators and Escalators Division Dubai,,,3201,,https://uae.arablocal.com/business/view/al-futtaim-engineering-elevators-and-escalators-division-dubai,,,
MS Construction L.L.C,+971 44079799,,,,"Nadd Al Shiba 1,",Nad Al Sheba,Dubai,UAE,MS Construction L.L.C,,,3012,,https://uae.arablocal.com/business/view/ms-construction-l-l-c,,,
Al Shallalat Well Drilling Est Al Mushrif Abu Dhabi,+971 26429962,+971 502199952,,,"Mezzanine Floor, Building# 848, Office #01, Sheikh Rashid Bin Saeed Street,",Al Mushrif,Abu Dhabi,UAE,Al Shallalat Well Drilling Est Al Mushrif Abu Dhabi,,,3005,,https://uae.arablocal.com/business/view/al-shallalat-well-drilling-est-al-mushrif-abu-dhabi,,,
Amar Al Khaleej Construction,+971 42869966,,,,"2, Flower of Garhoud Building, 208, Al Garhoud,",Al Garhoud,Dubai,UAE,Amar Al Khaleej Construction,,,2792,,https://uae.arablocal.com/business/view/amar-al-khaleej-construction,,,
Galadari Trucks and Heavy Equipment Co Ltd LLC Mussafah 14 Abu Dhabi,+971 25559700,,,,"Mussafah Industrial Area,",Mussafah 14,Abu Dhabi,UAE,Galadari Trucks and Heavy Equipment Co Ltd LLC Mussafah 14 Abu Dhabi,,,2644,,https://uae.arablocal.com/business/view/galadari-trucks-and-heavy-equipment-co-ltd-llc-mussafah-14-abu-dhabi,,,
Nafees Bastan General Trading LLC,+971 43352355,,,,"ToufiqY Building, Flat# 2, Manama Road, Ras Al Khor Industrial Area # 2,",Ras Al Khor,Dubai,UAE,Nafees Bastan General Trading LLC,,,2788,,https://uae.arablocal.com/business/view/nafees-bastan-general-trading-llc,,,
Noor Al Sahara General Contracting L.L.C,+971 25591901,,,,Abu Dhabi,ICAD 3,Abu Dhabi,UAE,Noor Al Sahara General Contracting L.L.C,,,2723,,https://uae.arablocal.com/business/view/noor-al-sahara-general-contracting-l-l-c,,,
Abu Dhabi National Cement Factory,+971 25503766,,,,"Ground Floor,",I CAD 1,Abu Dhabi,UAE,Abu Dhabi National Cement Factory,,,2688,,https://uae.arablocal.com/business/view/abu-dhabi-national-cement-factory,,,
Al Jazeera Factory for Const Materials AAC Thermalite Blocks,+971 25822768,,,,"Al Ain Truck Road, Industrial Area,",Al Mafraq,Abu Dhabi,UAE,Al Jazeera Factory for Const Materials AAC Thermalite Blocks,,,2525,,https://uae.arablocal.com/business/view/al-jazeera-factory-for-const-materials-aac-thermalite-blocks,,,
Mohamed Abdulrahman Al-Bahar Sharjah,+971 65433555,,,,Sharjah,Industrial Area 3,Sharjah,UAE,Mohamed Abdulrahman Al-Bahar Sharjah,,,2529,,https://uae.arablocal.com/business/view/mohamed-abdulrahman-al-bahar-sharjah,,,
A M V I N Construction LLC,+971 43883928,,,,"Al Quoz 4,",Al Quoz 4,Dubai,UAE,A M V I N Construction LLC,,,2426,,https://uae.arablocal.com/business/view/a-m-v-i-n-construction-llc,,,
Al Nakheel Industrial Marble,+971 72223486,,,,Ras Al Khaimah,Al Sall,Ras Al Khaimah,UAE,Al Nakheel Industrial Marble,,,2461,,https://uae.arablocal.com/business/view/al-nakheel-industrial-marble,,,
Abdul Aziz Mohd Al Majid Est,+971 65564447,,,,Sharjah,Al Majaz 3,Sharjah,UAE,Abdul Aziz Mohd Al Majid Est,,,2399,,https://uae.arablocal.com/business/view/abdul-aziz-mohd-al-majid-est,,,
Almoftah Aldhabi Building Contracting L.L.C,+971 42507444,,,,"3, Nissan Showroom, 310, Al Ittihad Road, Port Saeed,",Deira,Dubai,UAE,Almoftah Aldhabi Building Contracting L.L.C,,,2262,,https://uae.arablocal.com/business/view/almoftah-aldhabi-building-contracting-l-l-c,,,
Abu Dhabi Precast Concrete Plant,+971 37838355,+971 521875644,,,"Ground Floor, Truck Road,",New Industrial Area,Abu Dhabi,UAE,Abu Dhabi Precast Concrete Plant,,,2378,,https://uae.arablocal.com/business/view/abu-dhabi-precast-concrete-plant,,,
Al Satari Trading Est,+971 37211611,,,,Abu Dhabi,Al Ain,Abu Dhabi,UAE,Al Satari Trading Est,,,2255,,https://uae.arablocal.com/business/view/al-satari-trading-est,,,
Al Amana Marble and Granite Factory,+971 67407950,,,,"Ground Floor,",Al Rashidiya 1,Ajman,UAE,Al Amana Marble and Granite Factory,,,2245,,https://uae.arablocal.com/business/view/al-amana-marble-and-granite-factory,,,
Emirates Precast Fences Factory Aswar,+971 25500911,,,,"Mussafah,",Al Selmiyyah,Abu Dhabi,UAE,Emirates Precast Fences Factory Aswar,,0,2254,,https://uae.arablocal.com/business/view/emirates-precast-fences-factory-aswar,,,
Abdul Aziz Al Majid Est,+971 42664116,,,,"Al Muraqqabat,",Deira,Dubai,UAE,Abdul Aziz Al Majid Est,,,2164,,https://uae.arablocal.com/business/view/abdul-aziz-al-majid-est,,,
Al Tamayoz Contracting Co L.L.C,+971 43520985,,,,"1st Floor, Unimix, 102-104, Sheikh Zayed Rd,",Al Quoz 3,Dubai,UAE,Al Tamayoz Contracting Co L.L.C,,,2159,,https://uae.arablocal.com/business/view/al-tamayoz-contracting-co-l-l-c,,,
Al Khalidiya Concrete Readymix,+971 37213070,,,,Abu Dhabi,Al Ain,Abu Dhabi,UAE,Al Khalidiya Concrete Readymix,,,2099,,https://uae.arablocal.com/business/view/al-khalidiya-concrete-readymix,,,
Tamil Sandhai Supermarket L L C,+971 25500911,,,,Abu Dhabi,I CAD 1,Abu Dhabi,UAE,Tamil Sandhai Supermarket L L C,,,2147,,https://uae.arablocal.com/business/view/tamil-sandhai-supermarket-l-l-c,,,
Abu Faisal Auto Motive Parts LLC Mussafah Abu Dhabi,+971 25555414,,,,"Shop #3, Ground Floor, Plot #57, Mussafah (M-11),",Musaffah,Abu Dhabi,UAE,Abu Faisal Auto Motive Parts LLC Mussafah Abu Dhabi,,,2099,,https://uae.arablocal.com/business/view/abu-faisal-auto-motive-parts-llc-mussafah-abu-dhabi,,,
Al Muhairy General Contracting Co Industrial Area Abu Dhabi,+971 26334100,,,,Abu Dhabi,Industrial Area,Abu Dhabi,UAE,Al Muhairy General Contracting Co Industrial Area Abu Dhabi,,,2083,,https://uae.arablocal.com/business/view/al-muhairy-general-contracting-co-industrial-area-abu-dhabi,,,
Abu Faisal Automotive Parts LLC Sharjah,+971 65390882,,,,"Ground Floor, Office # 4, Caterpillar Road,",Industrial Area,Sharjah,UAE,Abu Faisal Automotive Parts LLC Sharjah,,,2135,,https://uae.arablocal.com/business/view/abu-faisal-automotive-parts-llc-sharjah,,,
Ajman Cement Co,+971 67481999,,,,Ajman,Al Jerf Industrial 3,Ajman,UAE,Ajman Cement Co,,,2075,,https://uae.arablocal.com/business/view/ajman-cement-co,,,
Best Block and Precast Products Factory,+971 67439332,,,,Ajman,Al Jerf Industrial 1,Ajman,UAE,Best Block and Precast Products Factory,,,2049,,https://uae.arablocal.com/business/view/best-block-and-precast-products-factory,,,
Al Yamama Pile Foundation LLC,+971 67494199,,,,Ajman,Al Muwaihat 2,Ajman,UAE,Al Yamama Pile Foundation LLC,,,2015,,https://uae.arablocal.com/business/view/al-yamama-pile-foundation-llc,,,
Abr Al Khaleej Construction,+971 26711881,,,,Abu Dhabi,Al Danah,Abu Dhabi,UAE,Abr Al Khaleej Construction,,,2031,,https://uae.arablocal.com/business/view/abr-al-khaleej-construction,,,
Abdul Latif Mohammed Al Zarooni Contracting Co,+971 67656236,,,,Umm Al Quwain,Al Hawiyah,Umm Al Quwain,UAE,Abdul Latif Mohammed Al Zarooni Contracting Co,,,2016,,https://uae.arablocal.com/business/view/abdul-latif-mohammed-al-zarooni-contracting-co,,,
Ghantoot Transport and General Contracting LLC Al Ajban Abu Dhabi,+971 26214466,,,,Abu Dhabi,Al Ajban,Abu Dhabi,UAE,Ghantoot Transport and General Contracting LLC Al Ajban Abu Dhabi,,,1996,,https://uae.arablocal.com/business/view/ghantoot-transport-and-general-contracting-llc-al-ajban-abu-dhabi,,,
Dafco Concrete Products Inds Co WLL,+971 68825447,,,,"Dhaid,",Dhaid,Sharjah,UAE,Dafco Concrete Products Inds Co WLL,,,1938,,https://uae.arablocal.com/business/view/dafco-concrete-products-inds-co-wll,,,
Al Ain General Contracting Co LLC ALGECO Companies Camp Abu Dhabi,+971 37825606,,,,"Mazyad Road,",Companies camps,Abu Dhabi,UAE,Al Ain General Contracting Co LLC ALGECO Companies Camp Abu Dhabi,,,1993,,https://uae.arablocal.com/business/view/al-ain-general-contracting-co-llc-algeco-companies-camp-abu-dhabi,,,
Ceramica Cleopatra,+971 42627877,,,,Dubai,Hor Al Anz,Dubai,UAE,Ceramica Cleopatra,,,1861,,https://uae.arablocal.com/business/view/ceramica-cleopatra,,,
Al Zamalek Gen Contg Co,+971 67423706,,,,Ajman,Al Rashidiya 3,Ajman,UAE,Al Zamalek Gen Contg Co,,,1920,,https://uae.arablocal.com/business/view/al-zamalek-gen-contg-co,,,
Al Wathba Al Mafraq And Al Ain Concrete Block Factories,+971 25822400,,,,"Al Mafraq Industrial Area, P.O. Box: 31901",Al Mafraq Industrial Area,Abu Dhabi,UAE,"Al Wathba, Al Mafraq and Al Ain Concrete Block Factories is located in Abu Dhabi, UAE. Company is working in Building Materials, Construction Services business activities.",,,1856,,https://uae.arablocal.com/business/view/al-wathba-al-mafraq-and-al-ain-concrete-block-factories,,,
Transgulf Readymix Concrete Co Ltd Abu dhabi,+971 25511777,,,,"Plot # 58/59/60, Street # 15,",Musaffah,Abu Dhabi,UAE,Transgulf Readymix Concrete Co Ltd Abu dhabi,,,1910,,https://uae.arablocal.com/business/view/transgulf-readymix-concrete-co-ltd-abu-dhabi,,,
Belhasa Industrial Stones LLC Sharjah,+971 65443336,,,,"Al Doori Building, Industrial Area 15,",Industrial Area,Sharjah,UAE,Belhasa Industrial Stones LLC Sharjah,,,1906,,https://uae.arablocal.com/business/view/belhasa-industrial-stones-llc-sharjah,,,
Bin Harmal Cement Products Factory,+971 37222313,,,,"Office # 1, 1st Floor, Italian Palace Bldg, Sanaiya Street,",Al Ain,Abu Dhabi,UAE,Bin Harmal Cement Products Factory,,,1851,,https://uae.arablocal.com/business/view/bin-harmal-cement-products-factory,,,
Emirates Roads Contracting Co LLC Ras Al Khaimah,+971 72446662,,,,Ras Al Khaimah,Business Bay,Ras Al Khaimah,UAE,Emirates Roads Contracting Co LLC Ras Al Khaimah,,,1846,,https://uae.arablocal.com/business/view/emirates-roads-contracting-co-llc-ras-al-khaimah,,,
Acttell Construction LLC Dubai,+971 42844166,,,,"Ground Floor, Bin Drai Building, Office R2A, Umm Ramool,",Al Garhoud,Dubai,UAE,Acttell Construction LLC Dubai,,,1823,,https://uae.arablocal.com/business/view/acttell-construction-llc-dubai,,,
Emirates Roads Contracting Co LLC Sharjah,+971 92220964,,,,Fujairah,Business Bay,Dubai,UAE,Emirates Roads Contracting Co LLC Sharjah,,,1801,,https://uae.arablocal.com/business/view/emirates-roads-contracting-co-llc-sharjah,,,
AB Building Contracting Co LLC,+971 43312371,,,,"2nd Floor, Union Co-operative Society, Al Dhiyafah Street, Al Satwa,",Al Zaabeel,Dubai,UAE,AB Building Contracting Co LLC,,,1797,,https://uae.arablocal.com/business/view/ab-building-contracting-co-llc,,,
Abu Hail Contracting Co. LLC Deira Dubai,+971 42975757,,,,"Mezzanine Floor, Al Bassam Building, Office # 446, Al Riqqa,",Deira,Dubai,UAE,Abu Hail Contracting Co. LLC Deira Dubai,,,1783,,https://uae.arablocal.com/business/view/abu-hail-contracting-co-llc-deira-dubai,,,
Al Telal Cement Trading,+971 72225566,,,,Ras Al Khaimah,Al Nakheel,Ras Al Khaimah,UAE,Al Telal Cement Trading,,,1779,,https://uae.arablocal.com/business/view/al-telal-cement-trading,,,
Mcdermott Middle East INC. Jebel Ali Free Zone Dubai,+971 48835200,,,,"Jebel Ali Free Zone,",Jebel Ali Freezone,Dubai,UAE,Mcdermott Middle East INC. Jebel Ali Free Zone Dubai,,,1773,,https://uae.arablocal.com/business/view/mcdermott-middle-east-inc-jebel-ali-free-zone-dubai,,,
Jesr Al Sharq Wa Al Gharb Marbles and Granite Trdg.LLC,+971 65352687,+971 566516227,,,"Ground Floor, Industrial Area 15,",Industrial Area,Sharjah,UAE,Jesr Al Sharq Wa Al Gharb Marbles and Granite Trdg.LLC,,,1769,,https://uae.arablocal.com/business/view/jesr-al-sharq-wa-al-gharb-marbles-and-granite-trdg-llc,,,
Star Cement Co LLC,+971 47073382,,,,Dubai,Al Muraqqabat,Dubai,UAE,Star Cement Co LLC,,,1758,,https://uae.arablocal.com/business/view/star-cement-co-llc,,,
Al Kauther Contracting Co LLC Sharjah,+971 65629660,,,,"Ground Floor, Al Kauther Building,",Al Shuwaihean,Sharjah,UAE,Al Kauther Contracting Co LLC Sharjah,,,1770,,https://uae.arablocal.com/business/view/al-kauther-contracting-co-llc-sharjah,,,
Bucomac Industries Ltd - Block Factory Sharjah,+971 65333549,,,,"BMW Road,",Industrial Area 2,Sharjah,UAE,Bucomac Industries Ltd - Block Factory Sharjah,,,1759,,https://uae.arablocal.com/business/view/bucomac-industries-ltd-block-factory-sharjah,,,
Dream House Contracting L.L.C,+971 42945008,,,,"2, Al Huda Building, 204, Service Rd, Al Garhoud,",Al Garhoud,Dubai,UAE,Dream House Contracting L.L.C,,,1704,,https://uae.arablocal.com/business/view/dream-house-contracting-l-l-c,,,
Otis LLC Abu Dhabi,+971 26446550,,,,Abu Dhabi,Al Danah,Abu Dhabi,UAE,Otis LLC Abu Dhabi,,,1741,,https://uae.arablocal.com/business/view/otis-llc-abu-dhabi,,,
Delmon Autoclaved Aerated Concrete Factory - AAC Thermalite Blocks,+971 48842280,+971 504467394,,,"Jebel Ali Industrial Area # 2,",Jebel Ali Industrial Area # 2,Dubai,UAE,Delmon Autoclaved Aerated Concrete Factory - AAC Thermalite Blocks,,,1683,,https://uae.arablocal.com/business/view/delmon-autoclaved-aerated-concrete-factory-aac-thermalite-blocks,,,
Ali Mousa and Sons Group,+971 65311444,,,,Sharjah,Al Sajaa,Sharjah,UAE,Ali Mousa and Sons Group,,,1727,,https://uae.arablocal.com/business/view/ali-mousa-and-sons-group,,,
Al Ain Ready Mix Co,+971 37211120,,,,Abu Dhabi,Al Ain,Abu Dhabi,UAE,Al Ain Ready Mix Co,,,1703,,https://uae.arablocal.com/business/view/al-ain-ready-mix-co,,,
Fujairah Marble and Tiles Factory,+971 92444101,,,,"Dibba,",Dibba,Fujairah,UAE,Fujairah Marble and Tiles Factory,,,1660,,https://uae.arablocal.com/business/view/fujairah-marble-and-tiles-factory,,,
Adnan Contracting Co LLC,+971 43369550,,,,Dubai,Oud Metha,Dubai,UAE,Adnan Contracting Co LLC,,,1662,,https://uae.arablocal.com/business/view/adnan-contracting-co-llc,,,
Masters Crane Co LLC,+971 65282111,,,,Sharjah,Al Layyeh Suburb,Sharjah,UAE,Masters Crane Co LLC,,,1655,,https://uae.arablocal.com/business/view/masters-crane-co-llc,,,
Bin Ojan Group,+971 26457777,,,,Abu Dhabi,Al Zahiyah,Abu Dhabi,UAE,Bin Ojan Group,,,1655,,https://uae.arablocal.com/business/view/bin-ojan-group,,,
Al Rayan Marble Factory LLC,+971 67662341,,,,"Umm Al Quwain-Industrial area,",Umm Al Quwain-Industrial area,Umm Al Quwain,UAE,Al Rayan Marble Factory LLC,,,1649,,https://uae.arablocal.com/business/view/al-rayan-marble-factory-llc,,,
National Ready Mix Concrete Co Sharjah,+971 65345544,,,,Sharjah,Industrial Area 17,Sharjah,UAE,National Ready Mix Concrete Co Sharjah,,,1638,,https://uae.arablocal.com/business/view/national-ready-mix-concrete-co-sharjah,,,
Mohammed Abdul Mohsin Al-Kharafi and Sons LLC Dubai,+971 43607754,,,,"Building # 2, Office # 208, Dubai Industrial Park, DubaiP.O.Box: 11171, Dubai",Dubai Industrial Park,Dubai,UAE,"One of the largest in the Middle East area, classified in Category ""I""​ (First) with the Central Tenders Committee of Kuwait and treated at par with international contractors..",http://www.makharafi.net/,,13576,,https://uae.arablocal.com/business/view/mohammed-abdul-mohsin-al-kharafi-and-sons-llc-dubai,,,
Mohammed Abdul Mohsin Al-Kharafi and Sons LLC Abu Dhabi,+971 25542200,,,,"ADMAK Building, Mussafah (M-15),",Musaffah,Abu Dhabi,UAE,Mohammed Abdul Mohsin Al-Kharafi and Sons LLC Abu Dhabi,http://www.makharafi.net/,,6122,,https://uae.arablocal.com/business/view/mohammed-abdul-mohsin-al-kharafi-and-sons-llc-abu-dhabi,,,
Dubai Adhesive Material Factory LLC,+971 65349708,+971 552412975,,,"Plot # 4, 8th Kalba Road, Industrial Area 17 ,",Industrial Area,Sharjah,UAE,Dubai Adhesive Material Factory LLC,http://www.dubaiadhesive.com/,,3376,,https://uae.arablocal.com/business/view/dubai-adhesive-material-factory-llc,,,
Abu Dhabi Precast LLC,+971 25501033,+971 565035567,,,"Floor # 25, Sector # 1-25, ICAD City, Sanaya,",Musaffah,Abu Dhabi,UAE,Abu Dhabi Precast LLC,http://www.abudhabiprecast.com/adp/index.php?cmd=cms__message&msg=U29ycnkhIFlvdSBhcmUgbm90IGF1dGhvcml6aW5nZ2dnZ2dnZyB0byBhY2Nlc3MgdGhpcyBwYWdlLg==,,3449,,https://uae.arablocal.com/business/view/abu-dhabi-precast-llc,,,
Pioneer Precast Concrete LLC Abu Dhabi,+971 25828438,,,,"Mafraq Workers City # 1,",Al Mafraq Industrial Area,Abu Dhabi,UAE,Pioneer Precast Concrete LLC Abu Dhabi,http://pioneerprecast.com/,,2886,,https://uae.arablocal.com/business/view/pioneer-precast-concrete-llc-abu-dhabi,,,
Al Sahel Contracting Co LLC,+971 42857324,,,,"Umm Ramool,",Al Rashidiya,Dubai,UAE,Al Sahel Contracting Co LLC,http://alsahelcon.com/,,2363,,https://uae.arablocal.com/business/view/al-sahel-contracting-co-llc,,,
Al Nasr Contracting Co LLC Mussafah Abu Dhabi,+971 26420002,,,,"3rd Floor, Hamad Bahyer Al Amiri Building, Defence Road,",Mussafah 32/1,Abu Dhabi,UAE,Al Nasr Contracting Co LLC Mussafah Abu Dhabi,http://www.mrtool.ae/,,1679,,https://uae.arablocal.com/business/view/al-nasr-contracting-co-llc-mussafah-abu-dhabi,,,
Car Parking Shades Suppliers,+971 543839003,+971505773027,+971543839003,maqavisuhatents@gmail.com,2b Street al quoz,Al Quoz Industrial Area 3,Dubai,UAE,"CAR PARKING SHADED SUPPLIERS IN JUMAIRAH PARK 0543839003 Car Park Shades, Tents, Dubai Wedding Tents, Shades and Tents, Tents And Shades, Parking Shades Dubai, Rental Tents, Canopies, Awnings Suppliers, Patio Awnings, Garden Shades, Tensile Shades. https://youtu.be/txv2IGlDUDo Best and High Quality Suppliers Car park Shades, Our Products are. Car Park Sheds, Tents, Awnings, Canopies, Tensile Fabric Shades, Pergola, Sail Shades, Garden Sun Shades, Swimming Pool Shades, Playground shades, Tents...",https://posts.gle/pFWBT,,1621,054382900,https://uae.arablocal.com/business/view/car-parking-shades-suppliers,https://www.facebook.com/alduhatents,https://www.instagram.com/tentsandshades,https://twitter.com/maqavutents
