Name,Phone,Email,Location,Area,Governorate,Country,About,Website,Views,Fax,URL,Facebook,Instagram,LinkedIn,Twitter,YouTube
Saleh Al Shawaf Trading Est - Bernafon Audiology Centre Abu Dhabi,+971 26332383 26312705,,"M Hamdan,",Al Danah,Abu Dhabi,UAE,Saleh Al Shawaf Trading Est - Bernafon Audiology Centre Abu Dhabi,,3357,,https://uae.arablocal.com/business/view/saleh-al-shawaf-trading-est-bernafon-audiology-centre-abu-dhabi,,,,,
Al Hayat Medical Center,+971 67429589 67424939,,"Choithram Bldg, Floor 1, Flat 12, Sheikh Rashid bin Humaid Al Nuaimi Street, Nakheel",Al Nakheel,Ajman,UAE,"Al Hayat Medical Center is located in Ajman, UAE. Company is working in Doctors and Clinics business activities.",,3209,,https://uae.arablocal.com/business/view/al-hayat-medical-center,,,,,
Grand Optics Al Qassimia Sharjah,+971 65528014,,"1 st Floor, Matager Mall, Wasat Roundabout,",Al Qassamia,Sharjah,UAE,Grand Optics Al Qassimia Sharjah,,3164,,https://uae.arablocal.com/business/view/grand-optics-al-qassimia-sharjah,,,,,
Grand Arabian Home Pharmacy,+971 65748588 65748878,,"Ground Floor, Crystal Plaza, Buheira Corniche Road, Al Majaz 1,",Al Majaz District,Sharjah,UAE,Grand Arabian Home Pharmacy,,2750,,https://uae.arablocal.com/business/view/grand-arabian-home-pharmacy,,,,,
City Medical Centre Ajman,+971 67441882,,Ajman,Al Bustan,Ajman,UAE,City Medical Centre Ajman,,2945,,https://uae.arablocal.com/business/view/city-medical-centre-ajman,,,,,
Ibn Hayan Pharmacy Sharjah,+971 65747288 65747281,,"Ground Floor, Al Nud,",Al Qassamia,Sharjah,UAE,Ibn Hayan Pharmacy Sharjah,,2653,,https://uae.arablocal.com/business/view/ibn-hayan-pharmacy-sharjah,,,,,
Ibn Sina Central Pharmacy Ras Al Khaimah,+971 72337794,,"Faizal Street, Rak City,",Rak City,Ras Al Khaimah,UAE,Ibn Sina Central Pharmacy Ras Al Khaimah,,2187,,https://uae.arablocal.com/business/view/ibn-sina-central-pharmacy-ras-al-khaimah,,,,,
Dr Husnia Gargash Fertility Gynaecology and Obstetrics Centre,+971 65520266 65520267,,"Floor # 2, Asas Tower, Office # 201, Corniche Road, Al Khan,",Al Khan District,Sharjah,UAE,Dr Husnia Gargash Fertility Gynaecology and Obstetrics Centre,,2284,,https://uae.arablocal.com/business/view/dr-husnia-gargash-fertility-gynaecology-and-obstetrics-centre,,,,,
Saleh Al Shawaf Trading Est - Bernafon Audiology Centre Dubai,+971 42243494 82246977,,"3, Bin Al Hawai, 304, Al Rigga,Deira,",Al Muraqqabat,Dubai,UAE,Saleh Al Shawaf Trading Est - Bernafon Audiology Centre Dubai,,2115,,https://uae.arablocal.com/business/view/saleh-al-shawaf-trading-est-bernafon-audiology-centre-dubai,,,,,
Widex Emirates Hearing Care Dubai,+971 43433950 43433951,,"7th Floor, Saeed Tower-2, Office # 702, Sheikh Zayed Rd,",Trade Center,Dubai,UAE,Widex Emirates Hearing Care Dubai,,2036,,https://uae.arablocal.com/business/view/widex-emirates-hearing-care-dubai,,,,,
Dareen International Co LLC,+971 28855513,,"Ground Floor, Al Wahda Mall, Hazza Bin Zayed St, Al Wahdah,",Abu Dhabi City,Abu Dhabi,UAE,Dareen International Co LLC,,1880,,https://uae.arablocal.com/business/view/dareen-international-co-llc,,,,,
Al Dewan Pharmacy Abu Dhabi,+971 37556112,,"Ground Floor, Shoemart Building, Al Jamia Street,",Al Muwaiji,Abu Dhabi,UAE,Al Dewan Pharmacy Abu Dhabi,,1870,,https://uae.arablocal.com/business/view/al-dewan-pharmacy-abu-dhabi,,,,,
Grand Optics Ajman,+971 67480103 63586325,,"Ground Floor, Ajman City Centre, Sheikh Zayed Road,",Al Jarf,Ajman,UAE,Grand Optics Ajman,,1837,,https://uae.arablocal.com/business/view/grand-optics-ajman,,,,,
NMC Pharmacy Sharjah,+971 65974180,,"Buhaira Corniche,",Buhaira Corniche,Sharjah,UAE,NMC Pharmacy Sharjah,,1851,,https://uae.arablocal.com/business/view/nmc-pharmacy-sharjah,,,,,
Al Aqsa Pharmacy,+971 65774704 65774703,,"Ground Floor, Al Tawoon Building, Shop # 2, Al Tawoon Street,",Al Taawun,Sharjah,UAE,Al Aqsa Pharmacy,,1794,,https://uae.arablocal.com/business/view/al-aqsa-pharmacy,,,,,
Aster DM Healthcare Corporate Headquarters,+971 44546001 44546003,,"33rd Floor, Tower D – Aspect Towers,",Business Bay,Dubai,UAE,Aster DM Healthcare Corporate Headquarters,,1731,,https://uae.arablocal.com/business/view/aster-dm-healthcare-corporate-headquarters,,,,,
Dr Sayed Hassan Clinic,+971 92386389 92387689,,"Khorfakkan, United Arab Emirates",Khorfakkan,Sharjah,UAE,"Dr Sayed Hassan Clinic is located in Khorfakkan, Sharjah, United Arab Emirates, UAE. Company is working in Doctors and Clinics, Clinics business activities. If you have any questions, please contact us",,1779,,https://uae.arablocal.com/business/view/dr-sayed-hassan-clinic,,,,,
Al Bassam Pharmacy,+971 65379446 65379447,,"Corniche Buhairah, Al Majaz 3,",Al Majaz District,Sharjah,UAE,Al Bassam Pharmacy,,1725,,https://uae.arablocal.com/business/view/al-bassam-pharmacy,,,,,
Dooa Pharmacy Ajman,+971 67481870 67481870,,"Ground Floor, Dooa Pharmacy Building, Al Hamidiya Street, Al Zahra,",Al Zahra,Ajman,UAE,Dooa Pharmacy Ajman,,1721,,https://uae.arablocal.com/business/view/dooa-pharmacy-ajman,,,,,
Kuwaiti Hospital Ajman,+971 67422227 67441144,,Humaid bin Abdul Aziz Street,Ajman Others,Ajman,UAE,"Kuwaiti Hospital is located in Ajman, UAE. Company is working in Doctors and Clinics, Hospitals business activities.",,1641,,https://uae.arablocal.com/business/view/kuwaiti-hospital-ajman,,,,,
Abdulla Al Mutawa Pharmaceutical Stores and Chemicals,+971 65433415,,Sharjah,Industrial Area 5,Sharjah,UAE,Abdulla Al Mutawa Pharmaceutical Stores and Chemicals,,1635,,https://uae.arablocal.com/business/view/abdulla-al-mutawa-pharmaceutical-stores-and-chemicals,,,,,
Optik Collections Al Khail Mall Al Quoz Dubai,+971 43468822 43312321,,"Shop# 9, Ground Floor, Al Khail Mall,",Al Quoz,Dubai,UAE,Optik Collections Al Khail Mall Al Quoz Dubai,,1603,,https://uae.arablocal.com/business/view/optik-collections-al-khail-mall-al-quoz-dubai,,,,,
Hani Pharmacy,+971 26778501,,Abu Dhabi,Al Danah,Abu Dhabi,UAE,Hani Pharmacy,,1596,,https://uae.arablocal.com/business/view/hani-pharmacy,,,,,
Grand United Pharmacy,+971 43398125,,"Ground Floor, Dubai Mall, Financial Centre Road,",Down Town Dubai,Dubai,UAE,Grand United Pharmacy,,1597,,https://uae.arablocal.com/business/view/grand-united-pharmacy,,,,,
Abeer Optical Center,+971 26322551,,Abu Dhabi,Al Danah,Abu Dhabi,UAE,Abeer Optical Center,,1573,,https://uae.arablocal.com/business/view/abeer-optical-center,,,,,
Al Hakeem Optical,+971 37662055 37656560,,"Shop # 1, Ground Floor, Ahli Bin Sultan Building, Khalifa Street,",Central District,Abu Dhabi,UAE,Al Hakeem Optical,,1591,,https://uae.arablocal.com/business/view/al-hakeem-optical,,,,,
Makka Pharmacy Ajman,+971 67446343,,Ajman,Al Rashidiya 2,Ajman,UAE,Makka Pharmacy Ajman,,1542,,https://uae.arablocal.com/business/view/makka-pharmacy-ajman,,,,,
Medx Pharmacy,+971 42854641,,"Ground floor, Al Abraj st,",Nadd Al Hamar,Dubai,UAE,Medx Pharmacy,,1555,,https://uae.arablocal.com/business/view/medx-pharmacy,,,,,
Alphamed Drug Store,+971 2116666 2116677,,Box No. 11245,Abu Dhabi City,Abu Dhabi,UAE,"ALPHAMED DRUG STORE is located in Dubai, UAE. Company is working in Pharmacies business activities.",,1518,,https://uae.arablocal.com/business/view/alphamed-drug-store,,,,,
Adnan Ballout Clinic,+971 65534462 65551231,,"P.O.Box No.SHJ, Dr",Sharjah Others,Sharjah,UAE,"ADNAN BALLOUT CLINIC is located in P.O.Box No.SHJ, Dr, UAE. Company is working in Others business activities.",,1527,,https://uae.arablocal.com/business/view/adnan-ballout-clinic,,,,,
Indian Pharmacy,+971 72333951 72333951,,"Sheikh Mohammed Bin Salim Al Qassimi Road,",Dafan Al Khor,Ras Al Khaimah,UAE,Indian Pharmacy,,1454,,https://uae.arablocal.com/business/view/indian-pharmacy,,,,,
Perfect Vision LLC Bur Dubai Dubai,+971 43552393 43520416,,"Ground, Zarwani, Shop No 213, Al Fahidi,Bur Dubai, Al Hamriya,",Bur Dubai,Dubai,UAE,Perfect Vision LLC Bur Dubai Dubai,,1488,,https://uae.arablocal.com/business/view/perfect-vision-llc-bur-dubai-dubai,,,,,
Vienna Trading Est Phonak,+971 43967071,,Dubai,Al Jaddaf,Dubai,UAE,Vienna Trading Est Phonak,,1441,,https://uae.arablocal.com/business/view/vienna-trading-est-phonak,,,,,
Ahmed Bishr Medical Centre Dr,+971 65742333 65742233,,Area :,Sharjah Others,Sharjah,UAE,"Ahmed Bishr Medical Centre, Dr is located in Sharjah, UAE. Company is working in Doctors and Clinics business activities. If you have any questions, please contact us",,1420,,https://uae.arablocal.com/business/view/ahmed-bishr-medical-centre-dr,,,,,
Al Ain Pharmacy Ruwais Branch,+971 507950998; +971 24477065,info@alain-pharmacy.com,Al RuwaisAl Ruwais City - Abu Dhabi - United Arab Emirates,Al Ruwais,Abu Dhabi,UAE,"Al Ain Pharmacy has been serving the UAE for over 40 years and caring for over 3000 customers everyday across 34 pharmacies.Once inside Al Ain Pharmacy, an army of over 200 trained pharmacists are dedicated to being your remedy runners with over 28,000 products under pharmaceuticals, non-pharmaceuticals, dermaceuticals and home care equipment. With a familial attitude, Al Ain Pharmacy is looking at being, not just your neighborhood chemists, but your wellness consultants!Experience Al Ain Pha...",http://www.alain-pharmacy.com/,3786,37654438,https://uae.arablocal.com/business/view/al-ain-pharmacy-ruwais-branch,,,,,
Aster Pharmacy 1 Bur Dubai,+971 43863800,info@asterpharmacy.com,"Bur Dubai, Dubai, Bait Al Waleed, Al Souq Al Kabeer. Bur Dubai, Dubai",Bur Dubai,Dubai,UAE,"Starting the journey with just one pharmacy in 1987, Aster Pharmacy, a division of Aster DM Healthcare has evolved over the years & established itself as a responsible healthcare provider. Recognized today as the region’s leading pharmacy retail chain, Aster Pharmacy started with a focus on “delivering good health and happiness” through friendly neighborhood pharmacies which were customer centric and easily accessible.Over the Years, the network has expanded leaps & bounds, reaching up to a s...",http://asterpharmacy.com/pharmacy-network/,3680,800700600,https://uae.arablocal.com/business/view/aster-pharmacy-1-bur-dubai,https://www.facebook.com/AsterPharmacy,,https://www.linkedin.com/company/3880628,https://twitter.com/Aster_Pharmacy,https://www.youtube.com/channel/UCWTiiPzPymfbo11-dt2OGSQ
Al Ain Pharmacy Main Branch,+971 508064341; +971 37655120,info@alain-pharmacy.com,Central District - Al Ain - United Arab Emirates,Central District,Abu Dhabi,UAE,"Al Ain Pharmacy has been serving the UAE for over 40 years and caring for over 3000 customers everyday across 34 pharmacies.Once inside Al Ain Pharmacy, an army of over 200 trained pharmacists are dedicated to being your remedy runners with over 28,000 products under pharmaceuticals, non-pharmaceuticals, dermaceuticals and home care equipment. With a familial attitude, Al Ain Pharmacy is looking at being, not just your neighborhood chemists, but your wellness consultants!Experience Al Ain Pha...",http://www.alain-pharmacy.com/,5970,37654438,https://uae.arablocal.com/business/view/al-ain-pharmacy-main-branch,,,,,
Al Ain Pharmacy Zakher Branch,+971 502402798; +971 37807767,info@alain-pharmacy.com,Zakhir - Abu Dhabi - United Arab Emirates,Zakhir,Abu Dhabi,UAE,"Al Ain Pharmacy has been serving the UAE for over 40 years and caring for over 3000 customers everyday across 34 pharmacies.Once inside Al Ain Pharmacy, an army of over 200 trained pharmacists are dedicated to being your remedy runners with over 28,000 products under pharmaceuticals, non-pharmaceuticals, dermaceuticals and home care equipment. With a familial attitude, Al Ain Pharmacy is looking at being, not just your neighborhood chemists, but your wellness consultants!Experience Al Ain Pha...",http://www.alain-pharmacy.com/,4440,37654438,https://uae.arablocal.com/business/view/al-ain-pharmacy-zakher-branch,,,,,
Yateem Optician Hamdan St,+971 26776222,yateemdubai@yateemgroup.ae,"Yateem Mall, Sh. Hamdan Street.",Dubai Others,Dubai,UAE,"The Yateem legacy began as one of the first optical shops and pharmacy in Bahrain in the year 1910.Late Mr. Ahmed Ali Yateem, was a pioneer in the Middle East region and he saw the need for having a home-grown optical presence to serve the needs of the community.Following his footsteps, the late Mr. Abdulla Ali Yateem formed the foundation for spreading the yateem group through strategic expansions in the region.In 1971 Mr. Naser Abdulla Yateem who had joined the business, ventured out to tap...",http://yateemgroup.com/,3936,,https://uae.arablocal.com/business/view/yateem-optician-hamdan-st,https://www.facebook.com/yateemoptician/,https://www.instagram.com/yateemoptician_uae/,http://www.linkedin.com/company/yateem-opticians,,https://www.youtube.com/user/YateemOpticians
Aster Pharmacy 137,+971 44224515,info@asterpharmacy.com,Pavillion Mall - International CityFrance Cluster - Dubai - United Arab Emirates,France Cluster,Dubai,UAE,"Starting the journey with just one pharmacy in 1987, Aster Pharmacy, a division of Aster DM Healthcare has evolved over the years & established itself as a responsible healthcare provider. Recognized today as the region’s leading pharmacy retail chain, Aster Pharmacy started with a focus on “delivering good health and happiness” through friendly neighborhood pharmacies which were customer centric and easily accessible.Over the Years, the network has expanded leaps & bounds, reaching up to a s...",http://asterpharmacy.com/pharmacy-network/,3106,800700600,https://uae.arablocal.com/business/view/aster-pharmacy-137,https://www.facebook.com/AsterPharmacy,,https://www.linkedin.com/company/3880711,https://twitter.com/Aster_Pharmacy,https://www.youtube.com/channel/UCWTiiPzPymfbo11-dt2OGSQ
Al Ain Pharmacy Al Maqam Branch,+971 567191896; +971 37676439,info@alain-pharmacy.com,AsharijBida Bin Ammar - Abu Dhabi - United Arab Emirates,Bida bin ammar,Abu Dhabi,UAE,"Al Ain Pharmacy has been serving the UAE for over 40 years and caring for over 3000 customers everyday across 34 pharmacies.Once inside Al Ain Pharmacy, an army of over 200 trained pharmacists are dedicated to being your remedy runners with over 28,000 products under pharmaceuticals, non-pharmaceuticals, dermaceuticals and home care equipment. With a familial attitude, Al Ain Pharmacy is looking at being, not just your neighborhood chemists, but your wellness consultants!Experience Al Ain Pha...",http://www.alain-pharmacy.com/,3434,37654438,https://uae.arablocal.com/business/view/al-ain-pharmacy-al-maqam-branch,,,,,
Ahmed Khalil Al Baker Medical Supplies LLC,+971 42852621; +971 502024100,,Box No. 1169,Dubai Others,Dubai,UAE,,http://www.al-baker.com,3078,,https://uae.arablocal.com/business/view/ahmed-khalil-al-baker-medical-supplies-llc,,,,,
Magrabi Optical Marina Mall Abu Dhabi,+971 26816961,customercare@magrabi.com,"Marina Mall, Shop GN 7, Ground Floor - Marina Mall Ring Rd - Abu Dhabi - United Arab Emirates",Dubai marina,Dubai,UAE,"MAGRABi – where eye care is both a science and an artFor over 90 years we’ve been leading innovations in eyewear while constantly challenging boundaries. From the opening of our first store in 1927 we’ve made the marriage of avant-garde style and state-of-the-art eye care our purpose in life.With more than 150 stores across 5 countries, and with 20 pioneering MAGRABi hospitals focused on vision and eye health research, we’re the Middle East’s leading fashion eyewear and medical eye care speci...",http://magrabi.com/,2931,,https://uae.arablocal.com/business/view/magrabi-optical-marina-mall-abu-dhabi,https://www.facebook.com/MAGRABiOptical/,https://www.instagram.com/magrabi/?hl=en,,https://twitter.com/MagrabiOpt,https://www.youtube.com/channel/UCR7irrK1degRm8kzggsygmA
Supercare Pharmacy Waitrose motorcity,+971 44566383,info.me@supercare.ae,"D61 Green Community Waitrose,Dubai, Dubai",Dubai Others,Dubai,UAE,"We always believe in putting family first, especially their health and wellness. We know you do too. Which is why, Supercare will be the perfect health destination for you and your loved ones. We are one of the leading pharmacy-steered healthcare & lifestyle retailer brand with a pan UAE presence with over 40 years of experience. Today, we have grown to become a world-class pharmacy representing international Nutrition, Pharma, Fitness, Skin Care and Lifestyle brands. With a rapidly growing c...",http://www.super-care.ae/,2919,43504500,https://uae.arablocal.com/business/view/supercare-pharmacy-waitrose-motorcity,https://www.facebook.com/supercarepharmacyUAE/,https://www.instagram.com/supercarepharmacy/,,,https://www.youtube.com/channel/UCrr3E5mVN2-0E0Z81NAig9Q
Al Ain Pharmacy Al Yahar Branch,+971 567191886; +971 37669884,info@alain-pharmacy.com,Aliah Mall - Al Yahar South - Abu Dhabi - United Arab Emirates,Al Yahar,Abu Dhabi,UAE,"Al Ain Pharmacy has been serving the UAE for over 40 years and caring for over 3000 customers everyday across 34 pharmacies.Once inside Al Ain Pharmacy, an army of over 200 trained pharmacists are dedicated to being your remedy runners with over 28,000 products under pharmaceuticals, non-pharmaceuticals, dermaceuticals and home care equipment. With a familial attitude, Al Ain Pharmacy is looking at being, not just your neighborhood chemists, but your wellness consultants!Experience Al Ain Pha...",http://www.alain-pharmacy.com/,2846,37654438,https://uae.arablocal.com/business/view/al-ain-pharmacy-al-yahar-branch,,,,,
Al Ain Pharmacy Al Bateen Branch,+971 505226375; +971 37669770,info@alain-pharmacy.com,Beside Souq Extra - Abu Dhabi - United Arab Emirates,Abu Dhabi Others,Abu Dhabi,UAE,"Al Ain Pharmacy has been serving the UAE for over 40 years and caring for over 3000 customers everyday across 34 pharmacies.Once inside Al Ain Pharmacy, an army of over 200 trained pharmacists are dedicated to being your remedy runners with over 28,000 products under pharmaceuticals, non-pharmaceuticals, dermaceuticals and home care equipment. With a familial attitude, Al Ain Pharmacy is looking at being, not just your neighborhood chemists, but your wellness consultants!Experience Al Ain Pha...",http://www.alain-pharmacy.com/,2709,37654438,https://uae.arablocal.com/business/view/al-ain-pharmacy-al-bateen-branch,,,,,
VIVA Pharmacy Nad Shamma Pharmacy LLC,+971 42514107,NadShamma@VivaPharmacy.com,Al Rashidiya - Dubai - United Arab Emirates,Al Rashidiya,Dubai,UAE,"Viva Pharmacy is your online gateway for medicines and other healthcare products with assurance of the best quality and the best price. We aim at simplifying the medical needs of people and connect them to genuine products in a hassle-free manner. That is why, our store welcomes walk-in buyers as well as order and pick-up or online ordering and doorstep delivery of medicines.Over the years, we have tapped across the top industry players and procure medicines only from the trusted brands so th...",http://www.vivapharmacy.com/,2666,,https://uae.arablocal.com/business/view/viva-pharmacy-nad-shamma-pharmacy-llc,,,,,
Yateem Optician Al Ain Mall,+971 37510025,yateemdubai@yateemgroup.ae,"Al Ain Mall,Al Ain - United Arab Emirates",Al Ain Others,Abu Dhabi,UAE,"The Yateem legacy began as one of the first optical shops and pharmacy in Bahrain in the year 1910.Late Mr. Ahmed Ali Yateem, was a pioneer in the Middle East region and he saw the need for having a home-grown optical presence to serve the needs of the community.Following his footsteps, the late Mr. Abdulla Ali Yateem formed the foundation for spreading the yateem group through strategic expansions in the region.In 1971 Mr. Naser Abdulla Yateem who had joined the business, ventured out to tap...",http://yateemgroup.com/,2791,,https://uae.arablocal.com/business/view/yateem-optician-al-ain-mall,https://www.facebook.com/yateemoptician/,https://www.instagram.com/yateemoptician_uae/,http://www.linkedin.com/company/yateem-opticians,,https://www.youtube.com/user/YateemOpticians
LIFE Pharmacy Corporate Office,+971 45610000; +971 55 352 6988,care@lifepharmacy.com,Marasi Dr - Business BayBay Square - Dubai - United Arab Emirates,Business Bay,Dubai,UAE,"We commenced our journey as a retail pharmacy group in 1996 with a strong vision to grow over the last twenty years. Starting with just a single store, life pharmacy has grown to operate over 200 retail outlets throughout the UAE consisting of Pharmacies, Healthcare Hypermarkets, Health and Wellness stores catering to an average annual customer base of more than ten million walk-ins!Evolving to more than just retail outlets, we are proud to announce the launch of our official online portal Li...",http://www.lifepharmacy.com/,2653,,https://uae.arablocal.com/business/view/life-pharmacy-corporate-office,https://www.facebook.com/lifepharmacyme,https://www.instagram.com/lifepharmacyme/,https://www.linkedin.com/company/life-pharmacy,https://twitter.com/lifepharmacyme,
Yateem Optician Abu Dhabi Mall,+971 26451566,yateemdubai@yateemgroup.ae,Street 2 - Al Zahiyah - Abu Dhabi,Al Zahiyah,Abu Dhabi,UAE,"The Yateem legacy began as one of the first optical shops and pharmacy in Bahrain in the year 1910.Late Mr. Ahmed Ali Yateem, was a pioneer in the Middle East region and he saw the need for having a home-grown optical presence to serve the needs of the community.Following his footsteps, the late Mr. Abdulla Ali Yateem formed the foundation for spreading the yateem group through strategic expansions in the region.In 1971 Mr. Naser Abdulla Yateem who had joined the business, ventured out to tap...",http://yateemgroup.com/,2567,,https://uae.arablocal.com/business/view/yateem-optician-abu-dhabi-mall,https://www.facebook.com/yateemoptician/,https://www.instagram.com/yateemoptician_uae/,http://www.linkedin.com/company/yateem-opticians,,https://www.youtube.com/user/YateemOpticians
Aster Pharmacy Abu Dhabi Branch 5,+971 24489240,info@asterpharmacy.com,"Building No. 37 Zayed The First St, Electra - Abu Dhabi - United Arab Emirates",Abu Dhabi Others,Abu Dhabi,UAE,"Starting the journey with just one pharmacy in 1987, Aster Pharmacy, a division of Aster DM Healthcare has evolved over the years & established itself as a responsible healthcare provider. Recognized today as the region’s leading pharmacy retail chain, Aster Pharmacy started with a focus on “delivering good health and happiness” through friendly neighborhood pharmacies which were customer centric and easily accessible.Over the Years, the network has expanded leaps & bounds, reaching up to a s...",http://asterpharmacy.com/pharmacy-network/,2518,800700600,https://uae.arablocal.com/business/view/aster-pharmacy-abu-dhabi-branch-5,https://www.facebook.com/AsterPharmacy,,https://www.linkedin.com/company/3880715,https://twitter.com/Aster_Pharmacy,https://www.youtube.com/channel/UCWTiiPzPymfbo11-dt2OGSQ
Yateem Optician Khalifa Street,+971 26277022,yateemdubai@yateemgroup.ae,319 3rd St - Zone 1E5 - Abu Dhabi,Zone 1,Abu Dhabi,UAE,"The Yateem legacy began as one of the first optical shops and pharmacy in Bahrain in the year 1910.Late Mr. Ahmed Ali Yateem, was a pioneer in the Middle East region and he saw the need for having a home-grown optical presence to serve the needs of the community.Following his footsteps, the late Mr. Abdulla Ali Yateem formed the foundation for spreading the yateem group through strategic expansions in the region.In 1971 Mr. Naser Abdulla Yateem who had joined the business, ventured out to tap...",http://yateemgroup.com/,2494,,https://uae.arablocal.com/business/view/yateem-optician-khalifa-street,https://www.facebook.com/yateemoptician/,https://www.instagram.com/yateemoptician_uae/,http://www.linkedin.com/company/yateem-opticians,,https://www.youtube.com/user/YateemOpticians
Magrabi Optical Al Ain Mall,+971 37646171,customercare@magrabi.com,"Al Ain Mall, Shop G39, Ground Floor - Othman Bin Affan St - Abu Dhabi - United Arab Emirates",Al Ain Others,Abu Dhabi,UAE,"MAGRABi – where eye care is both a science and an artFor over 90 years we’ve been leading innovations in eyewear while constantly challenging boundaries. From the opening of our first store in 1927 we’ve made the marriage of avant-garde style and state-of-the-art eye care our purpose in life.With more than 150 stores across 5 countries, and with 20 pioneering MAGRABi hospitals focused on vision and eye health research, we’re the Middle East’s leading fashion eyewear and medical eye care speci...",http://magrabi.com/,2346,,https://uae.arablocal.com/business/view/magrabi-optical-al-ain-mall,https://www.facebook.com/MAGRABiOptical/,https://www.instagram.com/magrabi/?hl=en,,https://twitter.com/MagrabiOpt,https://www.youtube.com/channel/UCR7irrK1degRm8kzggsygmA
Adam And Eve Specialized Medical Centre,+971 26767366; +971 521555300 26767399,,"Near Royal Rose Hotel, Pink Building (501) Floor 01, Electra Street",Electra Street,Abu Dhabi,UAE,"AESMC - one of the specialized medical Centre in Abu Dhabi aim to be a centre of excellence handling all medical specialties and delivering comprehensive state-of-the-art solutions in healthcare at an affordable cost. harmonize therapeutic expertise with technological advancements, and professional care with personal attention to offer patients true value and reassurance. Focused on providing primary care as well as preventive medical services offer a range of healthcare packages to match all...",http://aesmc.com/,2339,,https://uae.arablocal.com/business/view/adam-and-eve-specialized-medical-centre,,,,,
Al Ain Pharmacy Al Hili Branch,+971 501573192; +971 37627116,info@alain-pharmacy.com,Al Hili - Abu Dhabi - United Arab Emirates,Al Hili,Abu Dhabi,UAE,"Al Ain Pharmacy has been serving the UAE for over 40 years and caring for over 3000 customers everyday across 34 pharmacies.Once inside Al Ain Pharmacy, an army of over 200 trained pharmacists are dedicated to being your remedy runners with over 28,000 products under pharmaceuticals, non-pharmaceuticals, dermaceuticals and home care equipment. With a familial attitude, Al Ain Pharmacy is looking at being, not just your neighborhood chemists, but your wellness consultants!Experience Al Ain Pha...",http://www.alain-pharmacy.com/,2169,37654438,https://uae.arablocal.com/business/view/al-ain-pharmacy-al-hili-branch,,,,,
Al Ain Pharmacy Abu Dhabi Branch,+971 502404765; +971 26411225,info@alain-pharmacy.com,Sheikh Zayed Bin Sultan St - Zone 1 - Abu Dhabi - United Arab Emirates,Zone 1,Abu Dhabi,UAE,"Al Ain Pharmacy has been serving the UAE for over 40 years and caring for over 3000 customers everyday across 34 pharmacies.Once inside Al Ain Pharmacy, an army of over 200 trained pharmacists are dedicated to being your remedy runners with over 28,000 products under pharmaceuticals, non-pharmaceuticals, dermaceuticals and home care equipment. With a familial attitude, Al Ain Pharmacy is looking at being, not just your neighborhood chemists, but your wellness consultants!Experience Al Ain Pha...",http://www.alain-pharmacy.com/,2117,37654438,https://uae.arablocal.com/business/view/al-ain-pharmacy-abu-dhabi-branch,,,,,
Magrabi Optical Al Hamra Mall,+971 72434064,customercare@magrabi.com,"Al Hamra Mall, Shop 14-15, Ground Floor, Sheikh - Sheikh Muhammad Bin Salem Rd - Ras al Khaimah - United Arab Emirates",Al Hamra,Ras Al Khaimah,UAE,"MAGRABi – where eye care is both a science and an artFor over 90 years we’ve been leading innovations in eyewear while constantly challenging boundaries. From the opening of our first store in 1927 we’ve made the marriage of avant-garde style and state-of-the-art eye care our purpose in life.With more than 150 stores across 5 countries, and with 20 pioneering MAGRABi hospitals focused on vision and eye health research, we’re the Middle East’s leading fashion eyewear and medical eye care speci...",http://magrabi.com/,2164,,https://uae.arablocal.com/business/view/magrabi-optical-al-hamra-mall,https://www.facebook.com/MAGRABiOptical/,https://www.instagram.com/magrabi/?hl=en,,https://twitter.com/MagrabiOpt,https://www.youtube.com/channel/UCR7irrK1degRm8kzggsygmA
Al Neem Medicine and Medical Equip Store LLC,+971 65525598,info@alneem.com,Ind # 18 Behind Tasjil Maliha Road Sharjah,Maliha Road,Sharjah,UAE,"We take pride in our dedication to the idea that quality care means more than simply the prompt filling of prescriptions. To us, quality care means you get the prescriptions and medications you need, along with the personal care and attention you deserve. When you come to Alneem pharmacy, you'll be able to count on dependable care from a knowledgeable pharmacist with 38 years of experience - one who takes the time to get to know you and your unique health needs. Our staff is caring, knowledge...",http://www.alneem.com/,2551,,https://uae.arablocal.com/business/view/al-neem-medicine-and-medical-equip-store-llc,https://www.facebook.com/Al-Neem-Group-103002944675548,,,,
Magrabi Optical The Dubai Mall,+971 43398984,customercare@magrabi.com,Financial Center Rd - Downtown Dubai - Dubai - United Arab Emirates,Down Town Dubai,Dubai,UAE,"MAGRABi – where eye care is both a science and an artFor over 90 years we’ve been leading innovations in eyewear while constantly challenging boundaries. From the opening of our first store in 1927 we’ve made the marriage of avant-garde style and state-of-the-art eye care our purpose in life.With more than 150 stores across 5 countries, and with 20 pioneering MAGRABi hospitals focused on vision and eye health research, we’re the Middle East’s leading fashion eyewear and medical eye care speci...",http://magrabi.com/,2114,,https://uae.arablocal.com/business/view/magrabi-optical-the-dubai-mall,https://www.facebook.com/MAGRABiOptical/,https://www.instagram.com/magrabi/?hl=en,,https://twitter.com/MagrabiOpt,https://www.youtube.com/channel/UCR7irrK1degRm8kzggsygmA
Al Ain Pharmacy Jimi Khrais Branch,+971 502402859; +971 37633770,info@alain-pharmacy.com,Al Jimi - Abu Dhabi - United Arab Emirates,Al Jimi,Abu Dhabi,UAE,"Al Ain Pharmacy has been serving the UAE for over 40 years and caring for over 3000 customers everyday across 34 pharmacies.Once inside Al Ain Pharmacy, an army of over 200 trained pharmacists are dedicated to being your remedy runners with over 28,000 products under pharmaceuticals, non-pharmaceuticals, dermaceuticals and home care equipment. With a familial attitude, Al Ain Pharmacy is looking at being, not just your neighborhood chemists, but your wellness consultants!Experience Al Ain Pha...",http://www.alain-pharmacy.com/,2104,37654438,https://uae.arablocal.com/business/view/al-ain-pharmacy-jimi-khrais-branch,,,,,
Al Ain Pharmacy Makani Mall Branch,+971 507947856; +971 37669918,info@alain-pharmacy.com,"Makani Mall, Neima - Abu Dhabi - United Arab Emirates",Abu Dhabi Others,Abu Dhabi,UAE,"Al Ain Pharmacy has been serving the UAE for over 40 years and caring for over 3000 customers everyday across 34 pharmacies.Once inside Al Ain Pharmacy, an army of over 200 trained pharmacists are dedicated to being your remedy runners with over 28,000 products under pharmaceuticals, non-pharmaceuticals, dermaceuticals and home care equipment. With a familial attitude, Al Ain Pharmacy is looking at being, not just your neighborhood chemists, but your wellness consultants!Experience Al Ain Pha...",http://www.alain-pharmacy.com/,2089,37654438,https://uae.arablocal.com/business/view/al-ain-pharmacy-makani-mall-branch,,,,,
Al Ain Pharmacy Hazza Bin Zayed Stadium Branch,+971 502714718; +971 37663301,info@alain-pharmacy.com,Al Tiwayyah - Abu Dhabi - United Arab Emirates,Al Tiwayyah,Abu Dhabi,UAE,"Al Ain Pharmacy has been serving the UAE for over 40 years and caring for over 3000 customers everyday across 34 pharmacies.Once inside Al Ain Pharmacy, an army of over 200 trained pharmacists are dedicated to being your remedy runners with over 28,000 products under pharmaceuticals, non-pharmaceuticals, dermaceuticals and home care equipment. With a familial attitude, Al Ain Pharmacy is looking at being, not just your neighborhood chemists, but your wellness consultants!Experience Al Ain Pha...",http://www.alain-pharmacy.com/,2027,37654438,https://uae.arablocal.com/business/view/al-ain-pharmacy-hazza-bin-zayed-stadium-branch,,,,,
"Sehaa Online - Medical Equipment Supplier in Dubai, United Arab Emirates",+971 585979509,info@sehaaonline.com,"Warehouse No.10, Gate 2, Red Crescent Warehouse, 6th St, Al Quoz - Dubai, PO Box",Al Quoz,Dubai,UAE,"Shop for healthcare products and medical equipment online in Dubai from Sehaa Online. One of the leading medical product suppliers in Dubai, UAE. We offer wheelchairs, medical beds, oxygen concentrator, oxygen cylinders, compression garments, bathroom aids, shower chair, commode chair, shower stool, patient lifters, air mattress, Bipap, Cpap machine, knee supports, spine supports, ankle and foot support to buy and also for monthly rentals at best prices in Dubai, Abu Dhabi, Sharjah, Ajman, an...",http://sehaaonline.com/,2079,,https://uae.arablocal.com/business/view/sehaa-online,https://www.facebook.com/sehaaonline/,https://www.instagram.com/sehaaonline/,https://in.linkedin.com/company/sehaaonline.com,https://twitter.com/sehaaonline,https://www.youtube.com/@sehaaonline8631/videos
Binsina Pharmacy Dubai Mall Ground Floor,+971 43398918 8002467462,,"Star Atrium Lower Ground Floor,Dubai, United Arab Emirates",Dubai Others,Dubai,UAE,"BinSina is one of the leading pharmacies in the UAE with a growing network of more than 120+ stores. Established in 1965, as part of Ibn Sina Group Pharmacies (L.L.C) and Al Khayyat Investments, we are UAE’s 1st pharmacy that brings to you more than 50 years of expertise from the world of health, wellness and nutrition. We focus on our community's ever-growing needs, work with our brands and partners, to offer quality products that aim at promoting a healthy lifestyle.",http://www.binsina.ae/en/pharmacy,1896,8002467462,https://uae.arablocal.com/business/view/binsina-pharmacy-dubai-mall-ground-floor,https://www.facebook.com/BinSinaPharmacy/,https://www.instagram.com/binsinauae/,https://www.linkedin.com/company/al-khayyat-investments/,,
LIFE Pharmacy Golden Life Sharjah,+971 65775501; +971 55 352 6988,care@lifepharmacy.com,Al Taawun St - Al Majaz - Sharjah - United Arab Emirates,Al Majaz,Sharjah,UAE,"We commenced our journey as a retail pharmacy group in 1996 with a strong vision to grow over the last twenty years. Starting with just a single store, life pharmacy has grown to operate over 200 retail outlets throughout the UAE consisting of Pharmacies, Healthcare Hypermarkets, Health and Wellness stores catering to an average annual customer base of more than ten million walk-ins!Evolving to more than just retail outlets, we are proud to announce the launch of our official online portal Li...",http://www.lifepharmacy.com/,1985,,https://uae.arablocal.com/business/view/life-pharmacy-golden-life-sharjah,https://www.facebook.com/lifepharmacyme,https://www.instagram.com/lifepharmacyme/,https://www.linkedin.com/company/life-pharmacy,https://twitter.com/lifepharmacyme,
VIVA Pharmacy Sana Pharmacy LLC,+971 43377028,SanaDubai@VivaPharmacy.com,1 47 A St - Al Karama - Dubai - United Arab Emirates,Al Karama,Dubai,UAE,"Viva Pharmacy is your online gateway for medicines and other healthcare products with assurance of the best quality and the best price. We aim at simplifying the medical needs of people and connect them to genuine products in a hassle-free manner. That is why, our store welcomes walk-in buyers as well as order and pick-up or online ordering and doorstep delivery of medicines.Over the years, we have tapped across the top industry players and procure medicines only from the trusted brands so th...",http://www.vivapharmacy.com/,1939,,https://uae.arablocal.com/business/view/viva-pharmacy-sana-pharmacy-llc,,,,,
Aster Beta Pharmacy,+971 42840678,info@asterpharmacy.com,Amman St - Mirdif - Dubai - United Arab Emirates,Mirdif,Dubai,UAE,"Starting the journey with just one pharmacy in 1987, Aster Pharmacy, a division of Aster DM Healthcare has evolved over the years & established itself as a responsible healthcare provider. Recognized today as the region’s leading pharmacy retail chain, Aster Pharmacy started with a focus on “delivering good health and happiness” through friendly neighborhood pharmacies which were customer centric and easily accessible.Over the Years, the network has expanded leaps & bounds, reaching up to a s...",http://asterpharmacy.com/pharmacy-network/,1813,800700600,https://uae.arablocal.com/business/view/aster-beta-pharmacy,https://www.facebook.com/AsterPharmacy,,https://www.linkedin.com/company/3880648,https://twitter.com/Aster_Pharmacy,https://www.youtube.com/channel/UCWTiiPzPymfbo11-dt2OGSQ
Ishaq Bin Omran Pharmacy Sharjah,+971 65180875,retail.ibo@mpchealthcare.com,"Sheikh Salem Al Qassimi St. Al QarayenArea, Sharjah",Al Qassimia,Sharjah,UAE,"In 1969, the Modern Pharmaceutical Company (LLC) was founded with one basic aim of becoming the leading healthcare distributor in the UAE. Hence, we invested in the best infrastructure system, machinery and people so that our partners and customers are guaranteed the most ‘advanced’ facilities possible.",http://www.mpchealthcare.com/contact.html#retail_pharmacies,1812,800672,https://uae.arablocal.com/business/view/ishaq-bin-omran-pharmacy-sharjah,,,,,
Al Ain Pharmacy Falaj Hazza Branch,+971 501586473; +971 37669220,info@alain-pharmacy.com,Falaj Hazzaa - Abu Dhabi - United Arab Emirates,Falaj Hazzaa,Abu Dhabi,UAE,"Al Ain Pharmacy has been serving the UAE for over 40 years and caring for over 3000 customers everyday across 34 pharmacies.Once inside Al Ain Pharmacy, an army of over 200 trained pharmacists are dedicated to being your remedy runners with over 28,000 products under pharmaceuticals, non-pharmaceuticals, dermaceuticals and home care equipment. With a familial attitude, Al Ain Pharmacy is looking at being, not just your neighborhood chemists, but your wellness consultants!Experience Al Ain Pha...",http://www.alain-pharmacy.com/,1774,37654438,https://uae.arablocal.com/business/view/al-ain-pharmacy-falaj-hazza-branch,,,,,
Magrabi Optical Deerfields Mall,+971 25635240,customercare@magrabi.com,"Deerfields Mall, 238, Second Floor, Abu Dhabi - Dubai Road - Abu Dhabi - United Arab Emirates",Abu Dhabi Others,Abu Dhabi,UAE,"MAGRABi – where eye care is both a science and an artFor over 90 years we’ve been leading innovations in eyewear while constantly challenging boundaries. From the opening of our first store in 1927 we’ve made the marriage of avant-garde style and state-of-the-art eye care our purpose in life.With more than 150 stores across 5 countries, and with 20 pioneering MAGRABi hospitals focused on vision and eye health research, we’re the Middle East’s leading fashion eyewear and medical eye care speci...",http://magrabi.com/,1721,,https://uae.arablocal.com/business/view/magrabi-optical-deerfields-mall,https://www.facebook.com/MAGRABiOptical/,https://www.instagram.com/magrabi/?hl=en,,https://twitter.com/MagrabiOpt,https://www.youtube.com/channel/UCR7irrK1degRm8kzggsygmA
Al Ain Pharmacy Jebel Roundabout Branch,+971 37545288; +971 37544088,info@alain-pharmacy.com,Al Mu'tarid - Abu Dhabi - United Arab Emirates,Al Mutarid,Abu Dhabi,UAE,"Al Ain Pharmacy has been serving the UAE for over 40 years and caring for over 3000 customers everyday across 34 pharmacies.Once inside Al Ain Pharmacy, an army of over 200 trained pharmacists are dedicated to being your remedy runners with over 28,000 products under pharmaceuticals, non-pharmaceuticals, dermaceuticals and home care equipment. With a familial attitude, Al Ain Pharmacy is looking at being, not just your neighborhood chemists, but your wellness consultants!Experience Al Ain Pha...",http://www.alain-pharmacy.com/,1788,37654438,https://uae.arablocal.com/business/view/al-ain-pharmacy-jebel-roundabout-branch,,,,,
VIVA Pharmacy Najmat Al Sana Drug Store LLC,+971 43970045,drugstore@vivapharmacy.com,"AL QUASIS IND-5, TALAL WARE HOUSE NO: 4 - Dubai - United Arab Emirates",Al Qusais Industrial 5,Dubai,UAE,"Viva Pharmacy is your online gateway for medicines and other healthcare products with assurance of the best quality and the best price. We aim at simplifying the medical needs of people and connect them to genuine products in a hassle-free manner. That is why, our store welcomes walk-in buyers as well as order and pick-up or online ordering and doorstep delivery of medicines.Over the years, we have tapped across the top industry players and procure medicines only from the trusted brands so th...",http://www.vivapharmacy.com/,1715,,https://uae.arablocal.com/business/view/viva-pharmacy--najmat-al-sana-drug-store-llc,,,,,
LIFE Pharmacy New Doha Life Phy LLC,+971 43328385; +971 55 352 6988,care@lifepharmacy.com,"Crown Plaza, White Swan Building, Next-Emirates NBD Bank, Sheikh Zayed Road - Dubai - United Arab Emirates",Sheikh Zayed Road,Dubai,UAE,"We commenced our journey as a retail pharmacy group in 1996 with a strong vision to grow over the last twenty years. Starting with just a single store, life pharmacy has grown to operate over 200 retail outlets throughout the UAE consisting of Pharmacies, Healthcare Hypermarkets, Health and Wellness stores catering to an average annual customer base of more than ten million walk-ins!Evolving to more than just retail outlets, we are proud to announce the launch of our official online portal Li...",http://www.lifepharmacy.com/,1657,,https://uae.arablocal.com/business/view/life-pharmacy-new-doha-life-phy-llc,https://www.facebook.com/lifepharmacyme,https://www.instagram.com/lifepharmacyme/,https://www.linkedin.com/company/life-pharmacy,https://twitter.com/lifepharmacyme,
Aster Nice Life Pharmacy,+971 45467076,info@asterpharmacy.com,Al Mina - Dubai - United Arab Emirates,Al Mina,Dubai,UAE,"Starting the journey with just one pharmacy in 1987, Aster Pharmacy, a division of Aster DM Healthcare has evolved over the years & established itself as a responsible healthcare provider. Recognized today as the region’s leading pharmacy retail chain, Aster Pharmacy started with a focus on “delivering good health and happiness” through friendly neighborhood pharmacies which were customer centric and easily accessible.Over the Years, the network has expanded leaps & bounds, reaching up to a s...",http://asterpharmacy.com/pharmacy-network/,1648,800700600,https://uae.arablocal.com/business/view/aster-nice-life-pharmacy,https://www.facebook.com/AsterPharmacy,,https://www.linkedin.com/company/3880746,https://twitter.com/Aster_Pharmacy,https://www.youtube.com/channel/UCWTiiPzPymfbo11-dt2OGSQ
Al Samha Pharmacy LLC Sharjah,+971 566465225; +971 65432382,info@alneem.com,"P.O Box 67992,Shop No.6,Opp. Radisson Blu,Corniche Road,Sharjah ,UAE",Corniche,Sharjah,UAE,"We take pride in our dedication to the idea that quality care means more than simply the prompt filling of prescriptions. To us, quality care means you get the prescriptions and medications you need, along with the personal care and attention you deserve. When you come to Alneem pharmacy, you'll be able to count on dependable care from a knowledgeable pharmacist with 38 years of experience - one who takes the time to get to know you and your unique health needs. Our staff is caring, knowledge...",http://www.alneem.com/,1649,,https://uae.arablocal.com/business/view/al-samha-pharmacy-llc-sharjah,https://www.facebook.com/Al-Neem-Group-103002944675548,,,,
Amber Pharmacy Rigga,+971 42325109; +971 42325342,info@planetme.ae,AL Rigga St.Deira- DXb near IBIS Hotle Rigga,Deira,Dubai,UAE,Our strategic vision for our retail line of business is to have a presence in every community across the UAE catering to all income groups. Today we have over 75 pharmacies in operation and will reach around 100 pharmacies in the UAE by the end of 2016. This aggressive expansion drive requires immense business focus and investment which we are committed to providing in order meet our objectives of having a widespread geographical coverage while maintaining a good mix of both high street addre...,http://www.planetme.ae/en/,1653,,https://uae.arablocal.com/business/view/amber-pharmacy-rigga,https://www.facebook.com/healthfirstpharmacies,https://instagram.com/healthfirstpharmacy/,https://www.linkedin.com/company/scientific-pharmacy-a-member-of-planet-pharmacy/,https://twitter.com/HFPharmacies,
Aster Pharmacy 164,+971 43263688,info@asterpharmacy.com,Skycourts Tower D - Dubai Land - Dubai - Al Ain Rd - Dubai - United Arab Emirates,Al Ain,Ras Al Khaimah,UAE,"Starting the journey with just one pharmacy in 1987, Aster Pharmacy, a division of Aster DM Healthcare has evolved over the years & established itself as a responsible healthcare provider. Recognized today as the region’s leading pharmacy retail chain, Aster Pharmacy started with a focus on “delivering good health and happiness” through friendly neighborhood pharmacies which were customer centric and easily accessible.Over the Years, the network has expanded leaps & bounds, reaching up to a s...",http://asterpharmacy.com/pharmacy-network/,1622,800700600,https://uae.arablocal.com/business/view/aster-pharmacy-164,https://www.facebook.com/AsterPharmacy,,https://www.linkedin.com/company/3880745,https://twitter.com/Aster_Pharmacy,https://www.youtube.com/channel/UCWTiiPzPymfbo11-dt2OGSQ
Boots Pharmacy Dubai Airport Terminal 1,+971 44190801,,Dubai Airport-Terminal 1-Arrival - Dubai - United Arab Emirates,Dubai Airport Free Zone,Dubai,UAE,"Established in 1849 by the Boots family, Boots is the UK’s No. 1 health and beauty retailer. The early success of Boots was due to its high-quality products at affordable prices. Today, UK customers still trust Boots to offer excellent quality and value. Boots has been creating health and beauty brands for over 160 years, giving our customers more choice with leading brands such as No7 , Soap & Glory and Botanics. Today, we still believe in Jesse Boot’s philosophy of employing experts in our ...",http://www.uae.boots.com/,1624,,https://uae.arablocal.com/business/view/boots-pharmacy-dubai-airport-terminal-1,https://www.facebook.com/bootsmiddleeast,https://www.instagram.com/bootsmiddleeast,,,
Aster Pharmacy 139 Khorfakkan,+971 92371301,info@asterpharmacy.com,"Sheikh Khalid Road, Opp ADNOC Petrol Station Next to Khorfakkan Police Station roundabout - Sharjah - United Arab Emirates",Khor Fakkan,Sharjah,UAE,"Starting the journey with just one pharmacy in 1987, Aster Pharmacy, a division of Aster DM Healthcare has evolved over the years & established itself as a responsible healthcare provider. Recognized today as the region’s leading pharmacy retail chain, Aster Pharmacy started with a focus on “delivering good health and happiness” through friendly neighborhood pharmacies which were customer centric and easily accessible.Over the Years, the network has expanded leaps & bounds, reaching up to a s...",http://asterpharmacy.com/pharmacy-network/,1611,800700600,https://uae.arablocal.com/business/view/aster-pharmacy-139--khorfakkan,https://www.facebook.com/AsterPharmacy,,https://www.linkedin.com/company/3880705,https://twitter.com/Aster_Pharmacy,https://www.youtube.com/channel/UCWTiiPzPymfbo11-dt2OGSQ
Aster Pharmacy 141,+971 42839481,info@asterpharmacy.com,Dubai Festival City - Dubai - United Arab Emirates,Dubai Festival city,Dubai,UAE,"Starting the journey with just one pharmacy in 1987, Aster Pharmacy, a division of Aster DM Healthcare has evolved over the years & established itself as a responsible healthcare provider. Recognized today as the region’s leading pharmacy retail chain, Aster Pharmacy started with a focus on “delivering good health and happiness” through friendly neighborhood pharmacies which were customer centric and easily accessible.Over the Years, the network has expanded leaps & bounds, reaching up to a s...",http://asterpharmacy.com/pharmacy-network/,1607,800700600,https://uae.arablocal.com/business/view/aster-pharmacy-141,https://www.facebook.com/AsterPharmacy,,https://www.linkedin.com/company/3880708,https://twitter.com/Aster_Pharmacy,https://www.youtube.com/channel/UCWTiiPzPymfbo11-dt2OGSQ
LIFE Pharmacy Life Muraqabat,+971 42979201; +971 55 352 6988,care@lifepharmacy.com,Shop No. 1 R471 Building Near Hyatt Palace Hotel Opp. Rigga Mosque Muraqabat - Dubai - United Arab Emirates,Al Muraqqabat,Dubai,UAE,"We commenced our journey as a retail pharmacy group in 1996 with a strong vision to grow over the last twenty years. Starting with just a single store, life pharmacy has grown to operate over 200 retail outlets throughout the UAE consisting of Pharmacies, Healthcare Hypermarkets, Health and Wellness stores catering to an average annual customer base of more than ten million walk-ins!Evolving to more than just retail outlets, we are proud to announce the launch of our official online portal Li...",http://www.lifepharmacy.com/,1670,,https://uae.arablocal.com/business/view/life-pharmacy-life-muraqabat,https://www.facebook.com/lifepharmacyme,https://www.instagram.com/lifepharmacyme/,https://www.linkedin.com/company/life-pharmacy,https://twitter.com/lifepharmacyme,
Medicina Pharmacy Airport,+971 26783216,info@medicina.ae,Sheikh Rashid Bin Saeed Al Maktoum Street - Old Airport Road - Abu Dhabi - United Arab Emirates,Al Maktoum,Abu Dhabi,UAE,"Medicina is a group of healthcare outlets distributed strategically throughout the UAE.Our focus revolves around the promotion of health in addition to bringing back care into the framework of total wellness. We are driven by our fundamental purpose to play an active and supportive role in each person’s life. As a consequence, we deliver unparalleled quality products and customer service. Medicina helps our customers live a better life.Each Pharmacy within the Group provides a cohesive, uniqu...",http://www.medicina.ae/,1599,,https://uae.arablocal.com/business/view/medicina-pharmacy-airport,https://www.facebook.com/medicina.pharmacies/,https://www.instagram.com/medicinapharmacies/,,,
VIVA Pharmacy Hatta Pharmacy LLC,+971 48521794,Hatta@VivaPharmacy.com,Dubai-Hatta Road (E 44 Road) - Dubai - United Arab Emirates,Dubai Others,Dubai,UAE,"Viva Pharmacy is your online gateway for medicines and other healthcare products with assurance of the best quality and the best price. We aim at simplifying the medical needs of people and connect them to genuine products in a hassle-free manner. That is why, our store welcomes walk-in buyers as well as order and pick-up or online ordering and doorstep delivery of medicines.Over the years, we have tapped across the top industry players and procure medicines only from the trusted brands so th...",http://www.vivapharmacy.com/,1606,,https://uae.arablocal.com/business/view/viva-pharmacy-hatta--pharmacy-llc,,,,,
Aster Grand Pharmacy Ajman,+971 67444840,info@asterpharmacy.com,"Ajman, Next to Spinneys - Ajman - United Arab Emirates",Ajman Others,Ajman,UAE,"Starting the journey with just one pharmacy in 1987, Aster Pharmacy, a division of Aster DM Healthcare has evolved over the years & established itself as a responsible healthcare provider. Recognized today as the region’s leading pharmacy retail chain, Aster Pharmacy started with a focus on “delivering good health and happiness” through friendly neighborhood pharmacies which were customer centric and easily accessible.Over the Years, the network has expanded leaps & bounds, reaching up to a s...",http://asterpharmacy.com/pharmacy-network/,1588,800700600,https://uae.arablocal.com/business/view/aster-grand-pharmacy-ajman,https://www.facebook.com/AsterPharmacy,,https://www.linkedin.com/company/3880660,https://twitter.com/Aster_Pharmacy,https://www.youtube.com/channel/UCWTiiPzPymfbo11-dt2OGSQ
Thumbay Pharmacy Al Jurf Ajman,,info@thumbaypharmacy.ae,"Inside Thumbay Physical Therapy & Rehabilitation Hospital,Al Jurf, Ajman",Al Jurf,Ajman,UAE,"Thumbay Pharmacy – A trusted brand in retail pharmacy services.Buoyant by the confidence and trust expressed by thousands of satisfied customers on the professional services rendered by our well informed and eager to serve pharmacists, the group is envisaging to operate a retail chain of pharmacies promoting the brand Thumbay Pharmacy all over the years shortly. In the coming months Pharmacy Services shall be operational in the emirates of Abu Dhabi, Dubai and Sharjah.",http://www.thumbaypharmacy.com/,1590,42985555,https://uae.arablocal.com/business/view/thumbay-pharmacy-al-jurf-ajman,https://www.facebook.com/thumbaypharmacy,https://www.instagram.com/thumbaypharmacy/,https://www.linkedin.com/company/thumbay-pharmacy,https://twitter.com/thumbaypharmacy,
LIFE Pharmacy New Silicon Le Presidium DSO,+971 43204410; +971 55 352 6988,care@lifepharmacy.com,"Retail Unit No. 1, Le Presidium Tower 1 Near to Spring Green Park Supermarket - Dubai - United Arab Emirates",Dubai Others,Dubai,UAE,"We commenced our journey as a retail pharmacy group in 1996 with a strong vision to grow over the last twenty years. Starting with just a single store, life pharmacy has grown to operate over 200 retail outlets throughout the UAE consisting of Pharmacies, Healthcare Hypermarkets, Health and Wellness stores catering to an average annual customer base of more than ten million walk-ins!Evolving to more than just retail outlets, we are proud to announce the launch of our official online portal Li...",http://www.lifepharmacy.com/,1564,,https://uae.arablocal.com/business/view/life-pharmacy-new-silicon-le-presidium-dso,https://www.facebook.com/lifepharmacyme,https://www.instagram.com/lifepharmacyme/,https://www.linkedin.com/company/life-pharmacy,https://twitter.com/lifepharmacyme,
Medicina Pharmacy Khalifa City B,+971 26736525,info@medicina.ae,72nd Street - Shakhbout CityMFW-20 - Abu Dhabi - United Arab Emirates,Shakhbout City,Abu Dhabi,UAE,"Medicina is a group of healthcare outlets distributed strategically throughout the UAE.Our focus revolves around the promotion of health in addition to bringing back care into the framework of total wellness. We are driven by our fundamental purpose to play an active and supportive role in each person’s life. As a consequence, we deliver unparalleled quality products and customer service. Medicina helps our customers live a better life.Each Pharmacy within the Group provides a cohesive, uniqu...",http://www.medicina.ae/,1580,,https://uae.arablocal.com/business/view/medicina-pharmacy-khalifa-city-b,https://www.facebook.com/medicina.pharmacies/,https://www.instagram.com/medicinapharmacies/,,,
Magrabi Optical Al Hili Mall,+971 37843570,customercare@magrabi.com,"Al Hili Mall, Shop RB-052, First Floor, Hili District, Oasis of Haili - Abu Dhabi - United Arab Emirates",Al Hili,Abu Dhabi,UAE,"MAGRABi – where eye care is both a science and an artFor over 90 years we’ve been leading innovations in eyewear while constantly challenging boundaries. From the opening of our first store in 1927 we’ve made the marriage of avant-garde style and state-of-the-art eye care our purpose in life.With more than 150 stores across 5 countries, and with 20 pioneering MAGRABi hospitals focused on vision and eye health research, we’re the Middle East’s leading fashion eyewear and medical eye care speci...",http://magrabi.com/,1536,,https://uae.arablocal.com/business/view/magrabi-optical-al-hili-mall,https://www.facebook.com/MAGRABiOptical/,https://www.instagram.com/magrabi/?hl=en,,https://twitter.com/MagrabiOpt,https://www.youtube.com/channel/UCR7irrK1degRm8kzggsygmA
Medicina Pharmacy Al Jimi,+971 37555957,info@medicina.ae,124th St - Al Mu'tarid - Abu Dhabi - United Arab Emirates,Al Mutarid,Abu Dhabi,UAE,"Medicina is a group of healthcare outlets distributed strategically throughout the UAE.Our focus revolves around the promotion of health in addition to bringing back care into the framework of total wellness. We are driven by our fundamental purpose to play an active and supportive role in each person’s life. As a consequence, we deliver unparalleled quality products and customer service. Medicina helps our customers live a better life.Each Pharmacy within the Group provides a cohesive, uniqu...",http://www.medicina.ae/,1540,,https://uae.arablocal.com/business/view/medicina-pharmacy-al-jimi,https://www.facebook.com/medicina.pharmacies/,https://www.instagram.com/medicinapharmacies/,,,
Access Clinic Muwailah Sharjah,+971 65359933,muwailiah@accessclinics.com,University Road - Industrial AreaMuwailih Commercial - Sharjah - United Arab Emirates,Muwailih commercial,Sharjah,UAE,"A patient may require medicines urgently at the most unexpected times. Accessible round the clock, our well-stocked pharmacy ensures that the bystanders of the patient do not have to take the stress of having to find medicines during late hours and also no delay caused in the treatment due to non-availability of medicines.",http://accessclinic.com/#,1530,,https://uae.arablocal.com/business/view/access-clinic-muwailah-sharjah,,,,,
Aster Medicom Pharmacy 2 Al Wasl Pharmacy,+971 43448333,info@asterpharmacy.com,Mercato Mall Jumeira Beach Road - Dubai - United Arab Emirates,Jumeirah Beach Residence,Dubai,UAE,"Starting the journey with just one pharmacy in 1987, Aster Pharmacy, a division of Aster DM Healthcare has evolved over the years & established itself as a responsible healthcare provider. Recognized today as the region’s leading pharmacy retail chain, Aster Pharmacy started with a focus on “delivering good health and happiness” through friendly neighborhood pharmacies which were customer centric and easily accessible.Over the Years, the network has expanded leaps & bounds, reaching up to a s...",http://asterpharmacy.com/pharmacy-network/,1535,800700600,https://uae.arablocal.com/business/view/aster-medicom-pharmacy-2-al-wasl-pharmacy,https://www.facebook.com/AsterPharmacy,,https://www.linkedin.com/company/3880654,https://twitter.com/Aster_Pharmacy,https://www.youtube.com/channel/UCWTiiPzPymfbo11-dt2OGSQ
Boots Pharmacy sharjah city center,+971 65933550,,Sharjah City Centre - Sharjah - United Arab Emirates,Sharjah City,Sharjah,UAE,"Established in 1849 by the Boots family, Boots is the UK’s No. 1 health and beauty retailer. The early success of Boots was due to its high-quality products at affordable prices. Today, UK customers still trust Boots to offer excellent quality and value. Boots has been creating health and beauty brands for over 160 years, giving our customers more choice with leading brands such as No7 , Soap & Glory and Botanics. Today, we still believe in Jesse Boot’s philosophy of employing experts in our ...",http://www.uae.boots.com/,1490,,https://uae.arablocal.com/business/view/boots-pharmacy-sharjah-city-center,https://www.facebook.com/bootsmiddleeast,https://www.instagram.com/bootsmiddleeast,,,
LIFE Pharmacy Marina Walk,+971 45812438; +971 55 352 6988,care@lifepharmacy.com,"Unit No. GA2, Ground Floor, Dubai Marina Towers Retail, Marina Walk - Dubai - United Arab Emirates",Dubai marina,Dubai,UAE,"We commenced our journey as a retail pharmacy group in 1996 with a strong vision to grow over the last twenty years. Starting with just a single store, life pharmacy has grown to operate over 200 retail outlets throughout the UAE consisting of Pharmacies, Healthcare Hypermarkets, Health and Wellness stores catering to an average annual customer base of more than ten million walk-ins!Evolving to more than just retail outlets, we are proud to announce the launch of our official online portal Li...",http://www.lifepharmacy.com/,1477,,https://uae.arablocal.com/business/view/life-pharmacy-marina-walk-,https://www.facebook.com/lifepharmacyme,https://www.instagram.com/lifepharmacyme/,https://www.linkedin.com/company/life-pharmacy,https://twitter.com/lifepharmacyme,
VIVA Pharmacy Najmat Muwaileh Pharmacy LLC,+971 65220260,Muwaileh@VivaPharmacy.com,Industrial AreaMuwailih Commercial - Sharjah - United Arab Emirates,Muwaileh,Dubai,UAE,"Viva Pharmacy is your online gateway for medicines and other healthcare products with assurance of the best quality and the best price. We aim at simplifying the medical needs of people and connect them to genuine products in a hassle-free manner. That is why, our store welcomes walk-in buyers as well as order and pick-up or online ordering and doorstep delivery of medicines.Over the years, we have tapped across the top industry players and procure medicines only from the trusted brands so th...",http://www.vivapharmacy.com/,1483,,https://uae.arablocal.com/business/view/viva-pharmacy-najmat-muwaileh-pharmacy-llc,,,,,
Al Manara Pharmacy Makani Mall,+971 25850131,info@almanarapharmacy.com,Al Shamkhah - Abu Dhabi - United Arab Emirates,Al Shamkhah,Abu Dhabi,UAE,"Al Manara Pharmacy is the UAE's leading pharmacy-led health and beauty retailer with growing network of more than 50+ stores. We are a part of Delta Medical Est. based in Abu Dhabi.We set a benchmark in pharmacy retail with the opening of its first branch in 1988 and strong impulse to perform has nurtured its growth over the last 30 years.Al Manara's innovative approach to a lifestyle maintenance? is what sets them apart, and with each passing milestone, the brand expands itself and continuou...",http://almanarapharmacy.com/,1472,800600700,https://uae.arablocal.com/business/view/al-manara-pharmacy-makani-mall,https://www.facebook.com/AlManaraPharmacy/,https://www.instagram.com/almanarapharmacy/,https://www.linkedin.com/company/almanarapharmacy/,https://twitter.com/almanarapharma,
Jadaf LIFE Pharmacy Br of LIFE Pharmacy LLC,+971 553528049; +971 55 352 6988,care@lifepharmacy.com,"Riah Tower , Near Dubai Wharf - Jaddaf Waterfront - Dubai - United Arab Emirates",Al Jaddaf,Dubai,UAE,"We commenced our journey as a retail pharmacy group in 1996 with a strong vision to grow over the last twenty years. Starting with just a single store, life pharmacy has grown to operate over 200 retail outlets throughout the UAE consisting of Pharmacies, Healthcare Hypermarkets, Health and Wellness stores catering to an average annual customer base of more than ten million walk-ins!Evolving to more than just retail outlets, we are proud to announce the launch of our official online portal Li...",http://www.lifepharmacy.com/,1480,,https://uae.arablocal.com/business/view/jadaf-life-pharmacy-br-of-life-pharmacy-llc-,https://www.facebook.com/lifepharmacyme,https://www.instagram.com/lifepharmacyme/,https://www.linkedin.com/company/life-pharmacy,https://twitter.com/lifepharmacyme,
Al Manara Pharmacy Al Ruwais Mall,+971 28760210,info@almanarapharmacy.com,Al Ruwais - Abu Dhabi - United Arab Emirates,Al Ruwais,Abu Dhabi,UAE,"Al Manara Pharmacy is the UAE's leading pharmacy-led health and beauty retailer with growing network of more than 50+ stores. We are a part of Delta Medical Est. based in Abu Dhabi.We set a benchmark in pharmacy retail with the opening of its first branch in 1988 and strong impulse to perform has nurtured its growth over the last 30 years.Al Manara's innovative approach to a lifestyle maintenance? is what sets them apart, and with each passing milestone, the brand expands itself and continuou...",http://almanarapharmacy.com/,1429,800600700,https://uae.arablocal.com/business/view/al-manara-pharmacy-al-ruwais-mall,https://www.facebook.com/AlManaraPharmacy/,https://www.instagram.com/almanarapharmacy/,https://www.linkedin.com/company/almanarapharmacy/,https://twitter.com/almanarapharma,
LIFE Pharmacy Nutrition World Abu Dhabi,+971 26322096; +971 55 352 6988,care@lifepharmacy.com,COOP Shopping Center - Zone 1 - Abu Dhabi - United Arab Emirates,Zone 1,Abu Dhabi,UAE,"We commenced our journey as a retail pharmacy group in 1996 with a strong vision to grow over the last twenty years. Starting with just a single store, life pharmacy has grown to operate over 200 retail outlets throughout the UAE consisting of Pharmacies, Healthcare Hypermarkets, Health and Wellness stores catering to an average annual customer base of more than ten million walk-ins!Evolving to more than just retail outlets, we are proud to announce the launch of our official online portal Li...",http://www.lifepharmacy.com/,1421,,https://uae.arablocal.com/business/view/life-pharmacy-nutrition-world-abu-dhabi,https://www.facebook.com/lifepharmacyme,https://www.instagram.com/lifepharmacyme/,https://www.linkedin.com/company/life-pharmacy,https://twitter.com/lifepharmacyme,
Aster Pharmacy 135,+971 44511674,info@asterpharmacy.com,Russia V19 - International CityRussia Cluster - Dubai - United Arab Emirates,Russia Cluster,Dubai,UAE,"Starting the journey with just one pharmacy in 1987, Aster Pharmacy, a division of Aster DM Healthcare has evolved over the years & established itself as a responsible healthcare provider. Recognized today as the region’s leading pharmacy retail chain, Aster Pharmacy started with a focus on “delivering good health and happiness” through friendly neighborhood pharmacies which were customer centric and easily accessible.Over the Years, the network has expanded leaps & bounds, reaching up to a s...",http://asterpharmacy.com/pharmacy-network/,1407,800700600,https://uae.arablocal.com/business/view/aster-pharmacy-135,https://www.facebook.com/AsterPharmacy,,https://www.linkedin.com/company/3880691,https://twitter.com/Aster_Pharmacy,https://www.youtube.com/channel/UCWTiiPzPymfbo11-dt2OGSQ
Boots Pharmacy Dubai Mall,+971 44190301,,"The Dubai Mall, Unit FF-257, Doha Street, Downtown Dubai",Down Town Dubai,Dubai,UAE,"Established in 1849 by the Boots family, Boots is the UK’s No. 1 health and beauty retailer. The early success of Boots was due to its high-quality products at affordable prices. Today, UK customers still trust Boots to offer excellent quality and value. Boots has been creating health and beauty brands for over 160 years, giving our customers more choice with leading brands such as No7 , Soap & Glory and Botanics. Today, we still believe in Jesse Boot’s philosophy of employing experts in our ...",http://www.uae.boots.com/,1427,,https://uae.arablocal.com/business/view/boots-pharmacy-dubai-mall,https://www.facebook.com/bootsmiddleeast,https://www.instagram.com/bootsmiddleeast,,,
