Name,Phone_1,Phone_2,Email,Location,Area,Governorate,Country,About,Website,Fax,URL,Facebook,Instagram,LinkedIn,Twitter,YouTube
Saeen Advertising Boards Co.,+966 115108946,,,"New Industrial, Riyadh, New Industrial, Riyadh, Riyadh Province, Saudi Arabia",New Industrial,Riyadh Province,Saudi Arabia,Saeen Advertising Boards Co.,,,https://arablocal.com/business/view/saeen-advertising-boards-co,,,,,
Dar Systems Electrical Panels Factory Factory,+966 114980822,,,"2nd Industrial City, Riyadh, 2nd Industrial City, Riyadh, Riyadh Province, Saudi Arabia",2nd Industrial City,Riyadh Province,Saudi Arabia,Dar Systems Electrical Panels Factory Factory,,,https://arablocal.com/business/view/dar-systems-electrical-panels-factory-factory,,,,,
Al Talal Modern Est.,+966 126712723,,,"Mustafa Al bkri St., Faisaliyah Dist., Jeddah, Faisaliyah Dist., Jeddah, Makkah Province, Saudi Arabia",Mustafa Al bkri St.,Makkah Province,Saudi Arabia,Al Talal Modern Est.,,,https://arablocal.com/business/view/al-talal-modern-est,,,,,
Channels Era Advertising Agency,+966 05 4037,+966 05 9999,info@ce-adv.com,"3640 Prince Bandar Bin Abdulaziz, King Faisal St. Unit 6 Riyadh 13215-6099, King Faisal Dist., Riyadh, Riyadh Province, Saudi Arabia",3640 Prince Bandar Bin Abdulaziz,Riyadh Province,Saudi Arabia,"Channels Era (CE) Advertising Agency is one of the most innovative advertising agencies in Riyadh. We always strive to accomplish challenging role with our diversified and dynamic team members. Our serve in multifarious sections in the field of marketing including branding, advertising, marketing, web designing, graphic designing, printing, creative event planning, strategy making and many others.",,,https://arablocal.com/business/view/channels-era-advertising-agency,,,,,
Ebdaa Company For Advertising Media Production,+966 114105882,,,"2nd Industrial City, Riyadh, 2nd Industrial City, Riyadh, Riyadh Province, Saudi Arabia",2nd Industrial City,Riyadh Province,Saudi Arabia,Ebdaa Company For Advertising Media Production,,,https://arablocal.com/business/view/ebdaa-company-for-advertising-media-production,,,,,
Ahmed Al-Mousa Eng. Consultants,+966 138488844,,,"Bin Kholdoun Dist., Dammam, Bin Kholdoun Dist., Dammam, Eastern Province, Saudi Arabia",Bin Kholdoun Dist.,Eastern Province,Saudi Arabia,Ahmed Al-Mousa Eng. Consultants,,,https://arablocal.com/business/view/ahmed-al-mousa-eng-consultants,,,,,
Al Fawazia Advertising,+966 138894406,,,"Khobar North, Al Khobar, Khobar North, Al Khobar, Eastern Province, Saudi Arabia",Khobar North,Eastern Province,Saudi Arabia,Al Fawazia Advertising,,,https://arablocal.com/business/view/al-fawazia-advertising,,,,,
Al Zahrani Sign Maker,+966 138261403,,,"Dammam, Dammam, Dammam, Eastern Province, Saudi Arabia",Dammam,Eastern Province,Saudi Arabia,Al Zahrani Sign Maker,,,https://arablocal.com/business/view/al-zahrani-sign-maker,,,,,
Al-Samyeen Aluminum Est.,+966 138386345,,,"Khodariyah Dist., Dammam, Khodariyah Dist., Dammam, Eastern Province, Saudi Arabia",Khodariyah Dist.,Eastern Province,Saudi Arabia,Al-Samyeen Aluminum Est.,,,https://arablocal.com/business/view/al-samyeen-aluminum-est,,,,,
Al Hatlan For Neon And Maintenance,+966 114631399,,,"Ulaya Dist., Riyadh, Ulaya Dist., Riyadh, Riyadh Province, Saudi Arabia",Ulaya Dist.,Riyadh Province,Saudi Arabia,Al Hatlan For Neon And Maintenance,,,https://arablocal.com/business/view/al-hatlan-for-neon-and-maintenance,,,,,
Next Advertising,+966 114503048,,,"Al Murslat Dist., Riyadh, Al Murslat Dist., Riyadh, Riyadh Province, Saudi Arabia",Al Murslat Dist.,Riyadh Province,Saudi Arabia,Next Advertising,,,https://arablocal.com/business/view/next-advertising,,,,,
Infix Advertising,+966 112915012,,,"Omar Bin Abdulaziz road, (Arbaeen street)., Malaz Dist., Riyadh, Malaz Dist., Riyadh, Riyadh Province, Saudi Arabia",Omar Bin Abdulaziz road,Riyadh Province,Saudi Arabia,Infix Advertising,,,https://arablocal.com/business/view/infix-advertising,,,,,
Sami Advertising,+966 126877766,,,"Old Makkah Road, Jeddah, Old Makkah Road, Jeddah, Makkah Province, Saudi Arabia",Old Makkah Road,Makkah Province,Saudi Arabia,Sami Advertising,,,https://arablocal.com/business/view/sami-advertising,,,,,
Infix Advertising Production Unit,+966 112706216,,,"Southern Ring Road, Faisaliyah Dist., Riyadh, Faisaliyah Dist., Riyadh, Riyadh Province, Saudi Arabia",Southern Ring Road,Riyadh Province,Saudi Arabia,Infix Advertising Production Unit,,,https://arablocal.com/business/view/infix-advertising-production-unit,,,,,
Saudi PowerTec Panel Technology Co. Ltd.,+966 114985808,,,"Kharj Road, Riyadh, Kharj Road, Riyadh, Riyadh Province, Saudi Arabia",Kharj Road,Riyadh Province,Saudi Arabia,Saudi PowerTec Panel Technology Co. Ltd.,,,https://arablocal.com/business/view/saudi-powertec-panel-technology-co-ltd,,,,,
Ideal Art Contracting,+966 126700480,,,"Tahliyah Street, Safa Dist., Jeddah, Safa Dist., Jeddah, Makkah Province, Saudi Arabia",Tahliyah Street,Makkah Province,Saudi Arabia,Ideal Art Contracting,,,https://arablocal.com/business/view/ideal-art-contracting,,,,,
Mohammed Mustafa Albar Est Advertising Agency,+966 558866963,+966 126742957,,"Al Oraifi Center, Mackrona Street, Mushrifah Dist., Jeddah, Makkah Province, Saudi Arabia",Al Oraifi Center,Makkah Province,Saudi Arabia,"We Mohammed Mustafa Albar Est. Has been in the business for more than 28 years with High Standard Customer Profile in our area of business.Our Vision is to be the first choice of our client by providing Goal-Oriented Advertising and Marketing Support by supplying Innovative and Best Products and Services to Our Clients. Our Mission is the Prosperity of Our Client and there by Ours. We offer:- All kinds of Advertising, Promotional and Gift Items, Printing works, Diaries, Calendars, Banners, Po...",,,https://arablocal.com/business/view/mohammed-mustafa-albar-est-advertising-agency,,,,,
Shuaa Advertising Factory,+966 126515655,,,"King Fahad St., Sharafiyah Dist., Jeddah, Sharafiyah Dist., Jeddah, Makkah Province, Saudi Arabia",King Fahad St.,Makkah Province,Saudi Arabia,Shuaa Advertising Factory,,,https://arablocal.com/business/view/shuaa-advertising-factory,,,,,
Jana For Advertising,+966 138894441,,,"Khobar Southern, Al Khobar, Khobar Southern, Al Khobar, Eastern Province, Saudi Arabia",Khobar Southern,Eastern Province,Saudi Arabia,Jana For Advertising,,,https://arablocal.com/business/view/jana-for-advertising,,,,,
National Road Advertising Co.,+966 114666640,,,"Ulaya Dist., Riyadh, Ulaya Dist., Riyadh, Riyadh Province, Saudi Arabia",Ulaya Dist.,Riyadh Province,Saudi Arabia,National Road Advertising Co.,,,https://arablocal.com/business/view/national-road-advertising-co,,,,,
Fast Trends For Advertising Services,+966 126697729,,,"Mushrifah Dist., Jeddah, Mushrifah Dist., Jeddah, Makkah Province, Saudi Arabia",Mushrifah Dist.,Makkah Province,Saudi Arabia,Fast Trends For Advertising Services,,,https://arablocal.com/business/view/fast-trends-for-advertising-services,,,,,
Media Signs,+966 126626958,,,"Salama Dist., Jeddah, Salama Dist., Jeddah, Makkah Province, Saudi Arabia",Salama Dist.,Makkah Province,Saudi Arabia,Media Signs,,,https://arablocal.com/business/view/media-signs,,,,,
Sahraa Advertising Agency,+966 532323631,+966 148473937,,"Al Jurf Dist., Al Madinah Al Munawarah, Al Jurf Dist., Al Madinah Al Munawarah, Madinah Province, Saudi Arabia",Al Jurf Dist.,Madinah Province,Saudi Arabia,Sahraa Advertising Agency,,,https://arablocal.com/business/view/sahraa-advertising-agency,,,,,
Colors Print,+966 126161222,,,"Prince Majed Street, Al Rawabei Dist., Jeddah, Al Rawabei Dist., Jeddah, Makkah Province, Saudi Arabia",Prince Majed Street,Makkah Province,Saudi Arabia,Colors Print,,,https://arablocal.com/business/view/colors-print,,,,,
Chameleon Tour Media Solutions,+966 126396544,,,"King Fahd Road, Faisaliyah Dist., Jeddah, Makkah Province, Saudi Arabia",King Fahd Road,Makkah Province,Saudi Arabia,"Chameleon Tour is a cutting edge firm that creates 3D and Virtual Reality (VR) media solutions that cater to industries ranging from real estate to entertainment, marketing, gaming, and every other industry and business looking to tap and explore the wonders of this cutting-edge technology. Our 3D Spaces are not just any 3D models or virtual tours. They’re a completely new form of immersive 3D media that gives the experience to explore a place as if you were living in it. At Chameleon Tour, w...",,,https://arablocal.com/business/view/chameleon-tour-media-solutions,,,,,
Saudi Famica Sheets Co.,+966 138123590,,,"2nd Industrial City, Dammam, 2nd Industrial City, Dammam, Eastern Province, Saudi Arabia",2nd Industrial City,Eastern Province,Saudi Arabia,Saudi Famica Sheets Co.,,,https://arablocal.com/business/view/saudi-famica-sheets-co,,,,,
Mohd Chjaa Est.,+966 112176479,,,"Ulaya Dist., Riyadh, Ulaya Dist., Riyadh, Riyadh Province, Saudi Arabia",Ulaya Dist.,Riyadh Province,Saudi Arabia,Mohd Chjaa Est.,,,https://arablocal.com/business/view/mohd-chjaa-est,,,,,
Nasic Agency For Publicity And Advertising,+966 114766994,,,"Greer vs. Street Restaurant Guare, Malaz Dist., Riyadh, Malaz Dist., Riyadh, Riyadh Province, Saudi Arabia",Greer vs. Street Restaurant Guare,Riyadh Province,Saudi Arabia,Nasic Agency For Publicity And Advertising,,,https://arablocal.com/business/view/nasic-agency-for-publicity-and-advertising,,,,,
Models Display Systems Factory,+966 126915017,,,"Heraa St., Jeddah, Heraa St., Jeddah, Makkah Province, Saudi Arabia",Heraa St.,Makkah Province,Saudi Arabia,Models Display Systems Factory,,,https://arablocal.com/business/view/models-display-systems-factory,,,,,
National Outdoor Signs Co.,+966 172222249,,,"Dhiyafa Street, Khamis Mushait, Asir, Khamis Mushait, Asir, Asir Province, Saudi Arabia",Dhiyafa Street,Asir Province,Saudi Arabia,National Outdoor Signs Co.,,,https://arablocal.com/business/view/national-outdoor-signs-co,,,,,
Al Zoaibi Signwriter,+966 35867801,,,"Hofuf, Al Hasa, Eastern Province, Saudi Arabia",Hofuf,Eastern Province,Saudi Arabia,"Al Zoaibi Signwriter is located in Hofuf, Saudi Arabia. Company is working in General Business business activities.",,,https://arablocal.com/business/view/al-zoaibi-signwriter,,,,,
Al Ziyad Signwriter Neon Store,+966 14632613,,,"Ulaya Dist., Riyadh, Riyadh Province, Saudi Arabia",Ulaya Dist.,Riyadh Province,Saudi Arabia,"Al Ziyad Signwriter Neon Store is located in Riyadh, Saudi Arabia. Company is working in General Business business activities.",,,https://arablocal.com/business/view/al-ziyad-signwriter-neon-store,,,,,
Al Owayyed Neon Signwriter,+966 63693928,,,"Qassim, Buraydah, Buraida, Qassim, Qassim Province, Saudi Arabia",Qassim,Qassim Province,Saudi Arabia,"Al Owayyed Neon Signwriter Is Located In Buraydah, Saudi Arabia. Company Is Working In General Business Business Activities.",,,https://arablocal.com/business/view/al-owayyed-neon-signwriter,,,,,
Alhedaib Signwright,+966 14488987,,,"Riyadh City, Riyadh, Riyadh Province, Saudi Arabia",Riyadh City,Riyadh Province,Saudi Arabia,"ALHEDAIB SIGN-WRIGHT is located in Riyadh, Saudi Arabia. Company is working in General Business business activities.",,,https://arablocal.com/business/view/alhedaib-signwright,,,,,
Alhammoudi Signwriter,,,,"Po Box 7180 , Riyadh City, Riyadh, Riyadh Province, Saudi Arabia",Po Box 7180,Riyadh Province,Saudi Arabia,"AL-HAMMOUDI SIGNWRITER is located in Riyadh, Saudi Arabia. Company is working in General Business business activities.",,,https://arablocal.com/business/view/alhammoudi-signwriter,,,,,
Masa Technology,+966 966537802,,,"Prince Abdulaziz Ibn Musaid Ibn Jalawi St Al Murabba Riyadh 12612 riyadh 12612, Al Murab'a Dist., Riyadh, Riyadh Province, Saudi Arabia",Prince Abdulaziz Ibn Musaid Ibn Jalawi St Al Murabba Riyadh 12612 riyadh 12612,Riyadh Province,Saudi Arabia,"Masa Technology is one of the business activities within the Arab Specialized Consulting and Information Technology Company, which was established in 2003 and was characterized by providing pioneering services in the fields of consulting, information technology, media and marketing communication. In light of the company’s great experience, and in view of the tremendous and rapid digital progress that our world is witnessing, and the transformation that the Kingdom of Saudi Arabia is witnessin...",,966537802,https://arablocal.com/business/view/masa-technology,https://www.facebook.com/Masatechsaudi/,,https://www.linkedin.com/company/masa-technology/,https://twitter.com/masatechnology1,
Lub Creative Advertising Agency,+966 563578291,+966 126060291,info@lubcreative.com,"Behind NCB, Khlediyah Dist., Jeddah, Makkah Province, Saudi Arabia",Behind NCB,Makkah Province,Saudi Arabia,"Lub Creative is a Saudi-based boutique agency specialized in delivering innovative design solutions through a variety of media products. We are specialized in helping creative business clients with their design needs, from logos and corporate identities, outdoor, packaging, books and magazines design to content development from creative writing and translation ending with publishing as well. We want to create unique visual communications and marketing designs that work for our clients and ref...",,,https://arablocal.com/business/view/lub-creative-advertising-agency,,https://www.instagram.com/lubcreative/,,,
Sndri Advertising,+966 591065122,,,"King Abdulaziz St, Queens Building, King Fahd Road, Al Balad Dist., Jeddah, Makkah Province, Saudi Arabia",King Abdulaziz St,Makkah Province,Saudi Arabia,"Sndri Advertising is located in Jeddah, Saudi Arabia. Company is working in Advertising, Graphic Design, Logo Design, Outdoor Advertising, Digital Media business activities",,,https://arablocal.com/business/view/sndri-advertising,https://www.facebook.com/sndriadvertising/,,,,
Trigon LLC,+966 114603114,,ksa@trigononline.com,"Office-508, Al Rossais Commercial Center Olaya Street, Ulaya Dist., Riyadh, Riyadh Province, Saudi Arabia",Office-508,Riyadh Province,Saudi Arabia,"Trigon LLC is a well-established and popular IT Distribution company with its Head Office in UAE and branch offices in KSA & Bahrain working continuously with various segments like Health Care, Education & Corporate Sectors. Kindly visit our website www.trigononline.com for a detailed range of products (Ergotron, Elo Touch Solutions – Touch Screen Monitors, LG, Creative, Optoma, Transcend, Mustek, PenPower etc.,) that we offer. We have an excellent track record for the best customer satisfact...",http://www.trigononline.com/,,https://arablocal.com/business/view/trigon-llc,,,,,
Concept Signage Company Riyadh Saudi Arabia,+966 596880786,+966 11 445019,conceptksa1@gmail.com,"al salhiah al frazdaq street, riyadh saudi arabia, Al Saleihyah Dist., Riyadh, Riyadh Province, Saudi Arabia",al salhiah al frazdaq street,Riyadh Province,Saudi Arabia,"Concept advertising is a billboard company witch manufactures, installs and maintains all types of indoor and out door advertisement billboards, signage, metal structures and electronic billboards since 1998, also in order to meet the clients, demands in both the public and private sectors, as well as middle est needs in out door advertising. The company also provides all maintenance requirements for existing billboards in terms of electrical and mechanical repaires. Sunshine enjoys specializ...",http://www.conceptksa.com,,https://arablocal.com/business/view/concept-signage-company-riyadh-saudi-arabia,https://www.facebook.com/pg/conceptksa/about/?ref=page_internal,https://www.instagram.com/conceptksa/,https://www.linkedin.com/in/concept-advertising-89a321125/,https://twitter.com/search?q=SunShineAdvSA,https://www.youtube.com/my_videos?o=U
Signage Company In Saudi Arabia | ProSigns Global KSA,+966 126190223,,hello@sa.prosignsglobal.com,"Prosigns Global KSA,Warehouse 1A, Jeddah Chamber Warehouses City, Al-Khumra, Post-Box No 16301, Jeddah 21462, Kingdom of Saudi Arabia, Al Orouba St., Jeddah, Makkah Province, Saudi Arabia",Prosigns Global KSA,Makkah Province,Saudi Arabia,"Prosigns Global is one of the most professional digital signage and wayfinding manufacturers in Saudi Arabia. With a dynamic team of skilled individuals from a variety of professional backgrounds, we aim to deliver clients with tailor-made solutions, and ultimately, outstanding results. At Prosigns, we offer high-quality touch screens and display solutions to meet the demand of various industries in the global market. As a leading sign fabricator in the region, we achieve excellence in implem...",http://sa.prosignsglobal.com,,https://arablocal.com/business/view/signage-company-in-saudi-arabia-prosigns-global-ksa,https://www.facebook.com/ProSignsGlobal/,https://www.instagram.com/prosigns_global/,https://www.linkedin.com/company/pro-signs-global/,,https://www.youtube.com/channel/UCuAQYdqsf8HsbHHobRiqvBg
Asateer Art Production And Distribution Est,+966 114940517,+966 559980134,asateer.sa@gmail.com,"Olaya Main St, Beside Alhomrani, Ulaya Dist, PO Box 66323, Postal Code 11576, Al Nakheel Dist., Riyadh, Riyadh Province, Saudi Arabia",Olaya Main St,Riyadh Province,Saudi Arabia,"Asateer Art Production & Distribution Est is located in Riyadh, Saudi Arabia. Company is working in Advertising, 3D Displays, Video Production, Film, Television and Video, Film and TV Production, Media Production business activities. Visit our company website for more information about us : http://​asateerart.com.sa If you have any questions, please contact us.",http://asateerart.com.sa/,,https://arablocal.com/business/view/asateer-art-production-and-distribution-est,https://www.facebook.com/asateerart,,,https://twitter.com/AsateerSa,
Watheq Advertising Agency,+966 114288882,,,"Sweidy Dist., Riyadh, Sweidy Dist., Riyadh, Riyadh Province, Saudi Arabia",Sweidy Dist.,Riyadh Province,Saudi Arabia,Watheq Advertising Agency,http://www.watheq-sms.com,,https://arablocal.com/business/view/watheq-advertising-agency,https://www.facebook.com/pages/%D9%88%D9%83%D8%A7%D9%84%D8%A9-%D9%88%D8%A7%D8%AB%D9%82-%D9%84%D9%84%D8%AF%D8%B9%D8%A7%D9%8A%D8%A9-%D9%88%D8%A7%D9%84%D8%A5%D8%B9%D9%84%D8%A7%D9%86/300274055616,,,https://twitter.com/watheq1,
Color Design Advertising,+966 114568222,+966 558751296,info@colordesignadv.com,"Khalidyah, Riyadh, Riyadh, Saudi Arabia, Al Khalidiyah, Riyadh, Riyadh Province, Saudi Arabia",Khalidyah,Riyadh Province,Saudi Arabia,"Color & Design has become one of the top advertising agencies in Kingdom of Saudi Arabia in no time due to its client’s oriented operational character and a bunch of experienced team members. We are happily blessed with our amazing partner’s testimonial and usual support. Our digital printing, advertising and marketing services has no competition so far in terms of quick, same day delivery and quality media. Color & Design is not only an advertising agency but more of a marketing partner who ...",http://colordesignadv.com/,,https://arablocal.com/business/view/color-design-advertising,https://www.facebook.com/colordesignadv,https://www.instagram.com/colordesignadvertising,https://www.linkedin.com/company/11300972,https://twitter.com/ColorDesignAdv,https://www.youtube.com/channel/UCSQB-q0zDkH1OMZpYDTNFCQ?view_as=subscriber
Color Design,+966 557842595,,admin@colordesignksa.com,"PO Box 40146 Riyadh 11461 Deirah Street, King Faisal Road, Al Dirah, Riyadh, Riyadh Province, Saudi Arabia",PO Box 40146 Riyadh 11461 Deirah Street,Riyadh Province,Saudi Arabia,"Dear Gentlemen Assalamualikum !!!! We are performing all type of graphics designing works professionally !!!! Just dial the number and judge our WORK . >> Logo and Graphic Designing. >> Corporate Identity, Brochures, Flyers and all printing JOBS . >> Website Designing and Development. >> According to the Title we are providing short description below: 1) ADVERTISING : We are making billboards of many kind according to the desire of the customer as expected of any type. Examples: Neon Sign, Le...",http://colordesignksa.com/,,https://arablocal.com/business/view/color-design-1,,,,,
Creative Blend Advertising Agency,+966 114711147,,HELLO@CREATIVEBLEND.COM.SA,"Prince Abdulaziz bin Thunayan Street, King Saud University, Ground Floor, Office 3, Al Nakheel Dist., Riyadh, Riyadh Province, Saudi Arabia",Prince Abdulaziz bin Thunayan Street,Riyadh Province,Saudi Arabia,"Integrating advertising, marketing and professionalism is the cornerstone of Creative Blend. As a Saudi-based agency serving the MENA region, Creative Blend utilizes international standards, experience and ability to create innovative advertising solutions for our clients to give them a distinct advantage in their market niche. Our vision is to become the leading advertising agency in the MENA region and our team of experienced professionals strive to achieve that goal with every client we ta...",http://www.creativeblend.com.sa,,https://arablocal.com/business/view/creative-blend-advertising-agency,https://www.facebook.com/CreativeBlendSA,,https://www.linkedin.com/company/creativeblendsa/,https://twitter.com/creativeblendsa,https://www.youtube.com/channel/UC5dTmyqB8atR28j4lEyVKig
"Bytes Future - Best Digital Marketing Agency In Riyadh, KSA",+966 582886100,,,"Prince Turki Bin Abdulaziz Street Alawal, King Abdul Aziz Road, Riyadh, Riyadh Province, Saudi Arabia",Prince Turki Bin Abdulaziz Street Alawal,Riyadh Province,Saudi Arabia,"Bytes Future is the best digital marketing services company in Saudi Arabia. Our company offers online digital marketing services and solutions for all type businesses. We provide an integrated digital marketing solutions for agencies. We are a full service digital marketing agency in Riyadh, Saudi Arabia.",http://bytesfuture.com/,,https://arablocal.com/business/view/bytes-future--best-digital-marketing-agency-in-riyadh-ksa,https://www.facebook.com/Bytes-Future-1585356821724077/,https://www.instagram.com/bytes_future/,https://www.linkedin.com/company/bytes-future,https://twitter.com/bytes_future,https://www.youtube.com/channel/UCSfQ9ZtQAtfSYLVqZtOx8lA
Connect Communication Advertising Agency,+966 501145352,+966 122752855,info@connect-adv.com,"Office 7, Al Imam Malik, Attar Center, Ar Rawdah, Jeddah, Makkah Province, Saudi Arabia",Office 7,Makkah Province,Saudi Arabia,"Connect Communication is a marketing and advertising agency in Jeddah, Saudi Arabia.We come with top international agency experience , each of us challenging perceptions and questioning assumptions. We are very proud to have built a reputation for being incredibly effective, creative, easy to work with and great value for money. Most importantly, every day we give our clients exactly what they want. Working hours : Sunday to Thursday 9:00 am - 5:00 pm",http://connect-adv.com/,,https://arablocal.com/business/view/connect-communication-advertising-agency,,,,,
Misknet Digital Marketing,+966 501616633,,contact@misknet.com,"Unknown, Riyadh, Riyadh Province, Saudi Arabia",Unknown,Riyadh Province,Saudi Arabia,"A website design and electronic marketing company that provides professional services in programming, designing applications and creating a visual identity for companies through an expert staff.",http://misknet.com/ar,,https://arablocal.com/business/view/misknet-digital-marketing,https://www.facebook.com/misknet,https://www.instagram.com/misknet/?igshid=10kxoff0h5cjb,https://www.linkedin.com/company/misknet/,https://twitter.com/misknet,https://www.youtube.com/channel/UC5o9lJqApJMpraKybpshmxg
V Two Film Production,+966 122889081,,info@vtwo.co,"Al Kayyal, Ar Rawdah, Jeddah, Makkah Province, Saudi Arabia",Al Kayyal,Makkah Province,Saudi Arabia,"V TWO is an independent film production house. Based in Jeddah-Saudi Arabia. We focus on working with big and small brand names which you find circulating in the market, delivering vibrant and energetic projects that transform their vision of life. Originally specializing in production solutions for award-winning artists, we now work effectively across all market sectors, including Art Galleries, TV, Construction, Real State, Fashion, Retail, FMCG, Restaurants, and Automobile. OUR SERVICES - ...",http://vtwo.co/,,https://arablocal.com/business/view/v-two-film-production,,,https://www.linkedin.com/company/v-two,,
Medialinks - Digital Marketing And Web Development Agency,,,hello@themedialinks.com,"Sheikh Zayed Rd, The One Tower, Barsha Heights, 2nd Industrial City, Riyadh, Riyadh Province, Saudi Arabia",Sheikh Zayed Rd,Riyadh Province,Saudi Arabia,"Medialinks is a full service digital marketing agency located in Dubai & Doha. We build lasting value digital products for clients, tailored to the business’s needs and requirements.",http://themedialinks.com/,,https://arablocal.com/business/view/medialinks-digital-marketing-and-web-development-agency,,https://www.instagram.com/themedialinks/,https://www.linkedin.com/company/themedialinks,,
Magic Trading Company - Promotional Gifts & Printing Supplies In Middle East,+966 65335384,,sales2@mtc.ae,"Magic Trading Co. LLC Al Wahda Road, Sharjah, Al Diriyah, Ad Diriyah, Riyadh Province, Saudi Arabia",Magic Trading Co. LLC Al Wahda Road,Riyadh Province,Saudi Arabia,"Magic Trading Company (MTC) has been one of the oldest and the pioneers in the promotional gift business. It has been involved in printing and branding technologies in the UAE for 3 decades now. Its experience, along with its dedication to creating high-quality products has made it one of the largest and the most respected advertising and printing Supplies Company in the Middle East.",http://www.mtc.ae/ar/,,https://arablocal.com/business/view/magic-trading-company--promotional-gifts--printing-supplies-in-middle-east,https://www.facebook.com/magictradingcompany,https://www.instagram.com/magictrading/,,https://twitter.com/magictrading,https://www.youtube.com/channel/UCJpiCXPtluD9yTfqcZYdOtQ
"WIDE - Web Innovation And Development Enterprise, Inc",+966 554778000,,info@wide.sa,"Office 1, 3982 Qaryat - Dhahrat Laban, Second Floor, Riyadh 13753, Saudi Arabia, Dhrat Laban, Riyadh, Riyadh Province, Saudi Arabia",Office 1,Riyadh Province,Saudi Arabia,"We are a WIDE, a top digital marketing agency in Riyadh with an experienced team. We offer a wide range of digital marketing services in KSA, Saudi Arabia",http://wide.sa/,,https://arablocal.com/business/view/wide--web-innovation-and-development-enterprise-inc-,https://www.facebook.com/wideMarketing.sa/,https://www.instagram.com/wide.sa/,,https://mobile.twitter.com/widesa_inc,
East Direction,,,info@eastdirections.com,"Manea Almaridi St, Irqah, Riyadh, Irqah, Riyadh, Riyadh Province, Saudi Arabia",Manea Almaridi St,Riyadh Province,Saudi Arabia,"East Direction is an integrated and sustainable business solutions company .And a Saudi digital marketing agency, providing business solutions for all types of businesses through a specialized team, to ensure that each customer's expectations are met and that the right direction for your project is found.",http://eastdirections.com/,,https://arablocal.com/business/view/east-direction,,https://www.instagram.com/east_directions,https://www.linkedin.com/company/eastdirections,,
Best Digital Marketing Company In Saudi Arabia- Skyview,,,skyviewitpromotion@gmail.com,"4416, Ad Dammam Branch Road, Qurtubah, Riyadh, KSA, Saudi Arabia, Riyadh City, Riyadh, Riyadh Province, Saudi Arabia",4416,Riyadh Province,Saudi Arabia,Best Digital Marketing Company in saudi Arabia- Skyview,http://skyviewads.com/,,https://arablocal.com/business/view/best-digital-marketing-company-in-saudi-arabia-skyview,https://www.facebook.com/skyviewsmartsolutions,https://www.instagram.com/skyviewsmartsolution/?igshid=vwiw97zqigvg,https://www.linkedin.com/in/skyview-smart-solution-a4b9191b2/,https://twitter.com/SkyviewSmart,
Sign Board Manufacturers In Riyadh,+966 567367,,info@idesignads.ae,"Omar bin Khattab Road Malaz, Riyadh, KSA, Riyadh City, Riyadh, Riyadh Province, Saudi Arabia",Omar bin Khattab Road Malaz,Riyadh Province,Saudi Arabia,"Elevate your brand with striking signage solutions from Signboard Manufacturers Riyadh. Our expert craftsmen blend modern technology and creativity to create visually stunning signboards that captivate your audience. Whether you're a small business looking to establish a presence or a multinational rebranding, our tailored designs, commitment to quality, competitive pricing, and on-time delivery make us Riyadh's top choice. Let us transform your ideas into captivating signboards that effectiv...",http://idesignads.ae/sign-board-manufacturers-in-riyadh.php,,https://arablocal.com/business/view/sign-board-manufacturers-in-riyadh,https://www.facebook.com/idesignads/,https://www.instagram.com/idesignads/,https://www.linkedin.com/company/idesign-advertising-llc,https://twitter.com/idesignads1?,
Creative Agencies In Dubai,,,support@creativemediahouse.ae,"Office 2301 - 2302, API Trio Tower, Al Barsha 1, Sheikh Zayed Road - Dubai, Al Hamadanyh Dist., Jeddah, Makkah Province, Saudi Arabia",Office 2301 - 2302,Makkah Province,Saudi Arabia,"Creative Media House is one of the best Creative Agencies in Dubai known for its outstanding work in advertising, branding, design, and digital media. We have a proven track record of success and are trusted by some of the world's biggest brands. If you're looking for the best creative agency in Dubai, you can rely on us. Visit us here - https://creativemediahouse.ae Address - Office 2301 - 2302, API Trio Tower, Al Barsha 1, Sheikh Zayed Road - Dubai Email - support@creativemediahouse.ae Phon...",http://creativemediahouse.ae,,https://arablocal.com/business/view/creative-agencies-in-dubai,https://www.facebook.com/creativemediahouse.ae,https://www.instagram.com/creativemediahouse.ae/,https://www.linkedin.com/company/creativemediahouse/,https://twitter.com/creativemh2017,https://www.youtube.com/channel/UCt6VMPawBrPPvPnOWB65Q2Q?view_as=subscriber
