Name,Phone_1,Phone_2,Phone_3,WhatsApp,Email,Location,Governorate,Country,About,Website,URL,Facebook,Instagram,LinkedIn,Twitter,YouTube
Al Ajeel Trading Est,+965 22427712,,,,,"P.O.Box: 1676, Safat 13017, Kuwait City,Kuwait City",Capital Governorate,Kuwait,"AL AJEEL TRADING EST is located in Kuwait City, Kuwait. Company is working in General office services, Computer software solution, Computer services, Software applications, Arts and Crafts, Picture framing, Engineering, Farming, Wood products, Agriculture, Industrial equipment, Electrical goods, Computers, Home and Garden, Tools, Transport business activities.",,https://kuwaitlocal.com/business/al-ajeel-trading-est,,,,,
Pak Store - Salmiya,,,,,,"Al Qatami Street,7th Lane,Salmiya",Hawalli Governorate,Kuwait,,,https://kuwaitlocal.com/business/pak-store-salmiya,,,,,
Al Qatami Agriculture Company Wll - Al Rai,+965 24720056,,,,,"Ghazali Street,Al-Rai",Al Farwaniyah Governorate,Kuwait,Al Qatami Agriculture Company Which Is Located In Kuwait,,https://kuwaitlocal.com/business/al-qatami-agriculture-company-wll-al-rai,,,,,
Hamoor International Trading And Contracting Company - Sharq,+965 22446601,,,,,"Ahmed Al Jaber Street,Sharq",Capital Governorate,Kuwait,Hamoor International Trading and Contracting Company Which Is Located In Kuwait,,https://kuwaitlocal.com/business/hamoor-international-trading-and-contracting-company-sharq,,,,,
Andalos Agriculture Company - Kuwait City,+965 24752261,,,,,Kuwait City,Capital Governorate,Kuwait,Andalos Agriculture Company Which Is Located In Kuwait,,https://kuwaitlocal.com/business/andalos-agriculture-company-kuwait-city,,,,,
Al Swany Agricultural Company - Kuwait City,+965 24711999,,,,,Kuwait City,Capital Governorate,Kuwait,Al Swany Agricultural Company Which Is Located In Kuwait,,https://kuwaitlocal.com/business/al-swany-agricultural-company-kuwait-city,,,,,
Advance Machine General Trading And Contracting Center And Agriculture - Kuwait City,+96566212186,,,,,Kuwait City,Capital Governorate,Kuwait,Advance Machine General Trading and Contracting Center and Agriculture Which Is Located In Kuwait,,https://kuwaitlocal.com/business/advance-machine-general-trading-and-contracting-center-and-agriculture-kuwait-city,,,,,
Gulf Chemicals Co - Kuwait City,+965 24831409,,,,,Kuwait City,Capital Governorate,Kuwait,Gulf Chemicals Company,,https://kuwaitlocal.com/business/gulf-chemicals-co-kuwait-city,,,,,
Resources For Food Products - Shuwaikh,+96599052888,,,,,Shuwaikh,Capital Governorate,Kuwait,"We are a leading Fresh Fruit and Vegetable Distributor in Kuwait and import goods directly from all over the world. In Kuwait all the branches are whole sale dealers of frozen items and fresh fruits. We have been operating in Kuwait since 1992, and our office and Cold Storages are located in Ardiya, Kuwait. We have more than 4000 Cubic meter capacity cold store. Our Cold Store rooms are situated on the same building , enabling us to keep a close watch on the work on a daily basis. We have thi...",,https://kuwaitlocal.com/business/resources-for-food-products-shuwaikh,,,,,
Kuwait International Pest Control Co(kipc) - Hawally,+96597535585,,,,,"Al Awathi Building,Block 20,Tunisi Street,Hawally",Hawalli Governorate,Kuwait,"Kuwait International Pest Control Company is one of the leading Pest Control Companies in the State of Kuwait, providing pest control services to commercial, residential and industrial premises. We offer complete protection services against health destroying insects and rodents, our pest control program is committed to providing a pest-free environment for your home, office, commercial, industrial and institutional properties For most effective pest control, please contact us on Mob.: +965 97...",,https://kuwaitlocal.com/business/kuwait-international-pest-control-co-kipc-hawally,,,,,
Aramco Gulf Pest Control - Kuwait City,+96599346636,+96599346626,,,,Kuwait City,Capital Governorate,Kuwait,Aramco Gulf Pest Control is located in Kuwait.,,https://kuwaitlocal.com/business/aramco-gulf-pest-control-kuwait-city,,,,,
Al Jahra Cleaning Equipment Co - Kuwait City,+965 24762605,,,,,Kuwait City,Capital Governorate,Kuwait,Al Jahra Cleaning Equipment Comapny,,https://kuwaitlocal.com/business/al-jahra-cleaning-equipment-co-kuwait-city,,,,,
Sabaek Trading Co - Salmiya,+965 25722333,,,,,Salmiya,Hawalli Governorate,Kuwait,Sabaek Trading Company,,https://kuwaitlocal.com/business/sabaek-trading-co-salmiya,,,,,
Pats Pest Control - Kuwait City,+96555809493,+96566809493,,,,"Gulf Abrar Cleaning Company,Kuwait City",Capital Governorate,Kuwait,"PATS PEST CONTROL (LICENSE NO/3418/2004) INSECTICIDE FOR ALL KINDS OF HOUSE INSECTS. FOR FLATS, SHOPS, OFFICE, CAMPS, HOTELS, SCHOOLS ETC, SPECIAL PACKAGES FOR PREGNANT WOMEN`S,CHILDREN`S,OLD AGES, ASTHMA PATIENTS ETC. USING ONLY SAFE RESIDUAL OSHA STANDARD INSECTICIDES. MATERIAL SAFETY DATA SHEETS (M S D S) ARE PROVIDING FOR COMPANY`S AND CAMPS.ONCE YOU FEEL OUR SERVICE YOU WILL NEVER LOOK OTHERS. FEEL FREE TO CONTACT - 66809493 / 55809493 (A DIVISION OF GULF ABRAR CLEANING COMPANY)",,https://kuwaitlocal.com/business/pats-pest-control-kuwait-city,,,,,
Kz Pest Control Co - Kuwait City,+96590077244,,,,,Kuwait City,Capital Governorate,Kuwait,Kz Pest Control Company,,https://kuwaitlocal.com/business/kz-pest-control-co-kuwait-city,,,,,
Anamul Husain - Salmiya,+96565826904,,,,,Salmiya,Hawalli Governorate,Kuwait,Anamul Husain is located in Kuwait.,,https://kuwaitlocal.com/business/anamul-husain-salmiya,,,,,
Abrar Al Naim Fruits And Vegetables Est - Shuwaikh,+965 24815998,,,,,Shuwaikh,Capital Governorate,Kuwait,Abrar Al Naim Fruits And Vegetables Est,,https://kuwaitlocal.com/business/abrar-al-naim-fruits-and-vegetables-est-shuwaikh,,,,,
Al Quood Est For Fresh Fruit And Vegetables - Kuwait City,+965 24847138,,,,,Kuwait City,Capital Governorate,Kuwait,Al Quood Est For Fresh Fruit And Vegetables,,https://kuwaitlocal.com/business/al-quood-est-for-fresh-fruit-and-vegetables-kuwait-city,,,,,
Dawood Sulaiman Al Busairy Co - Kaifan,+965 24842068,,,,,Abraq Khaitan,Al Farwaniyah Governorate,Kuwait,Dawood Sulaiman Al Busairy Company,,https://kuwaitlocal.com/business/dawood-sulaiman-al-busairy-co-kaifan,,,,,
Sabhan Agricultural Company - Kuwait City,,,,,,Kuwait City,Capital Governorate,Kuwait,Sabhan Agricultural Company,,https://kuwaitlocal.com/business/sabhan-agricultural-company-kuwait-city,,,,,
Gulf Axis Environmental Consulting,,,,,,"Block 4,Street 110,Building No.239,Floor 1,Flat 22,PACI No-10868874,Al Shaab",Hawalli Governorate,Kuwait,Gulf Axis Environmental Consulting is Located in Kuwait,,https://kuwaitlocal.com/business/gulf-axis-environmental-consulting,,,,,
Green House For Environmental Consultancy And Training,,,,,,"Block 1,Building No.739 A,PACI No-13079336,Jleeb Al-Shuyoukh",Al Farwaniyah Governorate,Kuwait,Green House For Environmental Consultancy And Training is Located in kuwait,,https://kuwaitlocal.com/business/green-house-for-environmental-consultancy-and-training,,,,,
Sultan Fruits Co - Hawally,+965 25612355,,,,,Hawally,Hawalli Governorate,Kuwait,Sultan Fruits Company,,https://kuwaitlocal.com/business/sultan-fruits-co-hawally,,,,,
Kuwiat Hygiene,+96551597822,,,,,"P.O.Box: 15988,Hawally",Hawalli Governorate,Kuwait,"Kuwait Hygiene is one of the leading Hygiene services companies in the State of Kuwait which provides complete Hygiene solutions (Pest Control & Cleaning) to industrial, commercial and residential properties using approved chemicals for our services. The experts at Kuwait Hygiene, for pest control we identify the reasons that caused pest to appear and has developed service protocols which are based on three core IPM concepts i.e. Inspection, Problem Solving and Communication.",,https://kuwaitlocal.com/business/kuwiat-hygiene,,,,,
Fresh Fruits Company - Shuwaikh 1,+965 24819169,,,,,Shuwaikh,Capital Governorate,Kuwait,Fresh Fruit Company-Shuwaikh,,https://kuwaitlocal.com/business/fresh-fruits-company-shuwaikh-1,,,,,
Afnan Company WLL,+96596626194,+96524769955,,,,Kuwait City,Capital Governorate,Kuwait,"Afnan Company WLL is one of the most prominent agricultural companies in Kuwait. Here at Afnan Company, we aim to invest continuously and develop agricultural projects across the Middle East, while maintaining interest in other regions. We imports our products also from countries located in various parts of the globe. We are diversifying our domain to agriculture and the trading of rice, fruits and vegetables.",,https://kuwaitlocal.com/business/afnan-company-wll,,,,,
Agricultural Supplies And Equipment Company,,,,,,"Shuwaikh Industrial Area,street 16,Shuwaikh",Capital Governorate,Kuwait,Agricultural Supplies And Equipment Company Which is Located in Kuwait,,https://kuwaitlocal.com/business/agricultural-supplies-and-equipment-company,,,,,
Green Oasis Agriculture Establishment,,,,,,Kuwait City,Capital Governorate,Kuwait,Green Oasis Agriculture Establishment Which is Located in Kuwait,,https://kuwaitlocal.com/business/green-oasis-agriculture-establishment,,,,,
Al Hajri Commercial Bureau Company,,,,,,Kuwait City,Capital Governorate,Kuwait,Al Hajri Commercial Bureau Company Which is Located in Kuwait,,https://kuwaitlocal.com/business/al-hajri-commercial-bureau-company,,,,,
Dana & Berkeley Trading Company,,,,,,"Block 3,Kuwait City",Capital Governorate,Kuwait,Dana & Berkeley Trading Company Which is Located in Kuwait,,https://kuwaitlocal.com/business/dana-berkeley-trading-company,,,,,
Raad Stores Company,,,,,,Kuwait City,Capital Governorate,Kuwait,Raad Stores Company Which is Located in Kuwait,,https://kuwaitlocal.com/business/raad-stores-company,,,,,
Abdul H Salem Plant Nursery,,,,,,Kuwait City,Capital Governorate,Kuwait,Abdul H Salem Plant Nursery Which is Located in Kuwait,,https://kuwaitlocal.com/business/abdul-h-salem-plant-nursery,,,,,
Aziz Ashiri Nursery,,,,,,Al-Rai,Al Farwaniyah Governorate,Kuwait,Aziz Ashiri Nursery Which is Located in Kuwait,,https://kuwaitlocal.com/business/aziz-ashiri-nursery,,,,,
Al Jadeer Trading Company,,,,,,Kuwait City,Capital Governorate,Kuwait,Al Jadeer Trading Company Which is Located in Kuwait,,https://kuwaitlocal.com/business/al-jadeer-trading-company,,,,,
Al Amer Woollens Company,,,,,,Kuwait City,Capital Governorate,Kuwait,Al Amer Woollens Company Which is Located in Kuwait,,https://kuwaitlocal.com/business/al-amer-woollens-company,,,,,
Abdulla Ghannam Establishment,,,,,,Kuwait City,Capital Governorate,Kuwait,Abdulla Ghannam Establishment Which is Located in Kuwait,,https://kuwaitlocal.com/business/abdulla-ghannam-establishment,,,,,
Al Amal Agricultural Company,+965 22430060,,,,,Kuwait City,Capital Governorate,Kuwait,Al Amal Agricultural Company Which is Located in Kuwait,,https://kuwaitlocal.com/business/al-amal-agricultural-company,,,,,
United Agricultural and Livestock Production Company,,,,,,"Block 4,Jahra",Al Jahra Governorate,Kuwait,United Agricultural and Livestock Production Company Which is Located in Kuwait,,https://kuwaitlocal.com/business/united-agricultural-and-livestock-production-company,,,,,
Al Qusoor Contracting Agriculture Exhibition,,,,,,Kuwait City,Capital Governorate,Kuwait,Al Qusoor Contracting Agriculture Exhibition Which is Located in Kuwait,,https://kuwaitlocal.com/business/al-qusoor-contracting-agriculture-exhibition,,,,,
Abdullateef Al Othman Est,,,,,,Mubarak Al-Kabeer,Mubarak Al-Kabeer Governorate,Kuwait,Abdullateef Al Othman Est Which is Located in Kuwait,,https://kuwaitlocal.com/business/abdullateef-al-othman-est,,,,,
Alhesn Pest Control,+96566064023,,,,,Salmiya,Hawalli Governorate,Kuwait,Al Hesn Pest Control Services* Cockroaches* Bedbugs* Rats and Mouse* All Crawling and Flying Insects* Termite Control,,https://kuwaitlocal.com/business/alhesn-pest-control,,,,,
Fourty Four Nursery,,,,,,Al-Rai,Al Farwaniyah Governorate,Kuwait,Fourty Four Nursery,,https://kuwaitlocal.com/business/fourty-four-nursery,,,,,
Yas Nursery,,,,,,Al-Rai,Al Farwaniyah Governorate,Kuwait,Yas Nursery,,https://kuwaitlocal.com/business/yas-nursery,,,,,
TRUSTOEN,+96550671234,,,,,"Hawally - Tunis St. - Al Refae biulding - 6th floor - office 13,Hawally",Hawalli Governorate,Kuwait,TRUSTOEN is a general trading and contracting company specialized in the field of pest management and bird Control.,,https://kuwaitlocal.com/business/zahrat-al-tawheed-co,,,,,
Tissue Culture Palms Center,+96524756080,+96599743525,+96560660412,,,"Nursery Market,Al-Rai",Al Farwaniyah Governorate,Kuwait,Tissue Culture palms Center,,https://kuwaitlocal.com/business/tissue-culture-palms-center,,,,,
A A center kuwait,+96560761122,,,,,"Near oxygen company infornt of Hayat Mabel. A A CENTER,Shuwaikh",Capital Governorate,Kuwait,We do all Kind of welding molding Tools fabrication Motor winding Water pumps repair Electric generators,,https://kuwaitlocal.com/business/a-a-center-kuwait,https://www.facebook.com/AACkuwait/,,,,
Fresh Mozzarella And Fruits,+96560401244,+96566349990,,,,"Al-Yarmouk- Mushrif- Shamiya- Sabah Al-Salem - Sultan Center.,Rawda",Capital Governorate,Kuwait,"Fresh Mozzarela Providing Following Things: Fruits, Food Products, Cheese Food Products,Milk Products.",,https://kuwaitlocal.com/business/fresh-mozzarella-and-fruits-,,https://www.instagram.com/freshmozzarella/,,,
Batel Al Khair Company West Abu Fatira,+965 1888844,,,,,"Mubarak Al Kabir Governorate \ West Abu Fatira - inside Qurain Market - Block 1, Plot 490,Abu Futaira",Mubarak Al-Kabeer Governorate,Kuwait,Batel Al Khair Company West Abu Fatira,,https://kuwaitlocal.com/business/batel-al-khair-company-west-abu-fatira,,https://www.instagram.com/batel_alkhair/,,,
The Sultan Wholesale Center Egaila Arabia Mall,+965 1844449,,,,,"Arabia Mall - Block 5, Corner of Street 250 and 103,Egaila",Al-Ahmadi Governorate,Kuwait,"The Sultan Center, or TSC, is a leading regional business with its headquarters in Kuwait. Our business portfolio includes retail, restaurants, telecommunications, investments, IT, real estate and security solutions. Commitment to providing exceptional service and delivering the best possible products and unforgettable shopping experience to our customers have been the cornerstones to TSC’s continued success, and it’s from this platform that the business aspires to expand further in the Middl...",,https://kuwaitlocal.com/business/the-sultan-wholesale-center-egaila-arabia-mall,https://www.facebook.com/Sultan.Center,https://www.instagram.com/sultan_center/,,https://twitter.com/Sultan_Center,https://www.youtube.com/channel/UCBls29gig5WcRmbbdm5Mdaw
Batel Al Khair Company Shweikh Branch,+965 1888844,,,,,,Capital Governorate,Kuwait,Batel Al Khair Company Shweikh Branch,,https://kuwaitlocal.com/business/batel-al-khair-company-shweikh-branch,,https://www.instagram.com/batel_alkhair/,,,
Bayan botanical garden,,,,,,"Bayan Botanical Garden, 22 Road, Bayan,Bayan",Hawalli Governorate,Kuwait,Bayan Botanical Garden located in kuwait.,,https://kuwaitlocal.com/business/bayan-botanical-garden,https://www.facebook.com/pages/Bayan-Botanical-Garden/1187436027956165,,,,https://www.youtube.com/watch?v=6QDhyz_eVH0
Abraaj Water Company - Shuwaikh,+965 1844666,,,,,"KuwaitFree Trade Zone,Building 12,Shuwaikh",Capital Governorate,Kuwait,Abraaj Water Companyis located in kuwait.,http://www.abraajwater.com/,https://kuwaitlocal.com/business/abraaj-water-company-shuwaikh,https://www.facebook.com/abraajwater,,,http://twitter.com/abraajwater,http://www.youtube.com/abraajwater
Pinkberry Restaurant - Salmiya 1,,,,,,"Al Beda'a Complex,Al Beda'a Area along Gulf Road,Salmiya",Hawalli Governorate,Kuwait,"Pinkberry offers a tangy, refreshing taste and is a healthy guilt free treat, made with real nonfat milk and real nonfat yogurt containing calcium, protein, vitamins and minerals and packed with live and active yogurt cultures. Our yogurt is certified by the National Yogurt Association in the U.S, and researchers have found early evidence linking live and active yogurt cultures to a variety of health benefits including support for a healthy immune system, joint health and flexibility. Our fru...",http://www.pinkberry.com/,https://kuwaitlocal.com/business/pinkberry-restaurant-salmiya-1,https://www.facebook.com/PinkberryMiddleEast,http://instagram.com/PinkberryME,,http://www.twitter.com/pinkberry,http://www.youtube.com/pinkberry
Gulfmart - Hawally 1,,,,,,"Alyaa Complex,Al Othama Street,Hawally",Hawalli Governorate,Kuwait,"Gulfmart, “the supermarket of choice”, is the fastest growing supermarket chain in Kuwait. It is a division of the UAE based renowned retail conglomerate which is located in Kuwait.",http://gulfmartkuwait.com/,https://kuwaitlocal.com/business/gulfmart-hawally-1,https://www.facebook.com/pages/Gulfmart-Supermarket-Kuwait/801448839931521,,https://www.linkedin.com/pub/gulf-mart-imran-imran/40/925/7a5,https://twitter.com/gulfmart_kuwait,
Al Rawdatain Water Bottling Co - Hawally,+965 22457766,,,,,Hawally,Hawalli Governorate,Kuwait,"Al Rawdatain Water Bottling Co.KSC(Closed) was founded in November 1980 for the development, execution and management of the production, bottling and marketing of Al Rawdatain water. All the construction and installation works were completed towards the end of 1982 and production and marketing of the \"" Al Rawdatain Natural Mineral Water \"" began by early 1983. In the course of the next few years several new products were added, such as?0.5 l bottles?, sealed?mineral water cups,fluoride added...",http://www.alrawdatain.com/,https://kuwaitlocal.com/business/al-rawdatain-water-bottling-co-hawally,https://www.facebook.com/pages/Al-Rawdatain-Water-Bottling-Co-Kuwait,,,,
Al Batross Gen Trad And Cont Co - Hawally,+965 22662038,,,,,"Lbn Khaldoun Street,Al Othaman Center,Shop 51 and 52,Hawally",Hawalli Governorate,Kuwait,"Albatross is a family owned & operated Distribution Company that was established in 1998 with its head office based in Kuwait and a branch soon to be operational in Cairo, Egypt by 2009. It was founded by Dr. Taibah Al-Monayes one of Kuwait’s leading female physicians, a practicing Dermatologist, who also operates her own private clinic and skin care center. With her years of medical experience, a renowned market reputation and a strong network of contacts in both public and private sectors, ...",https://www.albatrosstradingco.com,https://kuwaitlocal.com/business/al-batross-gen-trad-and-cont-co-hawally,,,,,
Gulfmart Head Office,+965 26361126,,,,,"360 Mall,AL-Zahra",Hawalli Governorate,Kuwait,"Gulfmart, “the supermarket of choice”, is the fastest growing supermarket chain in Kuwait. It is a division of the UAE based renowned retail conglomerate which is located in Kuwait.",http://gulfmartkuwait.com/,https://kuwaitlocal.com/business/gulfmart-head-office,https://www.facebook.com/pages/Gulfmart-Supermarket-Kuwait/801448839931521,,https://www.linkedin.com/pub/gulf-mart-imran-imran/40/925/7a1,https://twitter.com/gulfmart_kuwait,
Fouuad Alghanim And Sons Group Of Co - Sharq,+965 22424130,,,,,"Al Read Center,12th Floor,Ahmed Al Jaber Street,Sharq",Capital Governorate,Kuwait,Fouuad Alghanim and Sons Group of Company.,https://www.fmtas-group.com,https://kuwaitlocal.com/business/fouuad-alghanim-and-sons-group-of-co-sharq,,,,,
Gulfmart - Shuwaikh,+965 24924135,,,,,"Dwar Al Faham Bldg,Behind Refrigeration and Cold Storage,Shuwaikh",Capital Governorate,Kuwait,"Gulfmart, “the supermarket of choice”, is the fastest growing supermarket chain in Kuwait. It is a division of the UAE based renowned retail conglomerate which is located in Kuwait.",http://gulfmartkuwait.com/,https://kuwaitlocal.com/business/gulfmart-shuwaikh,https://www.facebook.com/pages/Gulfmart-Supermarket-Kuwait/801448839931521,,https://www.linkedin.com/pub/gulf-mart-imran-imran/40/925/7a2,https://twitter.com/gulfmart_kuwait,
Fahad Albahar Sons Trading Co - Kuwait City,+965 24928881,,,,,Kuwait City,Capital Governorate,Kuwait,Fahad AlBahar Sons Trading Co,http://www.fbs.com.kw/,https://kuwaitlocal.com/business/fahad-albahar-sons-trading-co-kuwait-city,,,,,
Gulfmart - Abu Halifa,+965 23727098,,,,,"Block 1,Street 9,Building 24,Abu Halifa",Al-Ahmadi Governorate,Kuwait,"Gulfmart, “the supermarket of choice”, is the fastest growing supermarket chain in Kuwait. It is a division of the UAE based renowned retail conglomerate which is located in Kuwait.",http://gulfmartkuwait.com/,https://kuwaitlocal.com/business/gulfmart-abu-halifa,https://www.facebook.com/pages/Gulfmart-Supermarket-Kuwait/801448839931521,,https://www.linkedin.com/pub/gulf-mart-imran-imran/40/925/7a16,https://twitter.com/gulfmart_kuwait,
Gulfmart - Salmiya 2,,,,,,"Salmiya Complex(Titanic Building),Blcok No 10,Al Dhahak Bin Qays Street,Building No 3,Salmiya",Hawalli Governorate,Kuwait,"Gulfmart, “the supermarket of choice”, is the fastest growing supermarket chain in Kuwait. It is a division of the UAE based renowned retail conglomerate which is located in Kuwait.",http://gulfmartkuwait.com/,https://kuwaitlocal.com/business/gulfmart-salmiya-2,https://www.facebook.com/pages/Gulfmart-Supermarket-Kuwait/801448839931521,,https://www.linkedin.com/pub/gulf-mart-imran-imran/40/925/7a12,https://twitter.com/gulfmart_kuwait,
Gulfmart - Salmiya 4,,,,,,"Amman Street,Block No 12,Street No 4,Building 2 & 3,Salmiya",Hawalli Governorate,Kuwait,"Gulfmart, “the supermarket of choice”, is the fastest growing supermarket chain in Kuwait. It is a division of the UAE based renowned retail conglomerate which is located in Kuwait.",http://gulfmartkuwait.com/,https://kuwaitlocal.com/business/gulfmart-salmiya-4,https://www.facebook.com/pages/Gulfmart-Supermarket-Kuwait/801448839931521,,https://www.linkedin.com/pub/gulf-mart-imran-imran/40/925/7a17,https://twitter.com/gulfmart_kuwait,
Gulfmart - Jahra,+965 24568922,,,,,"Al Khair Commercial Complex And Al Akool Complex,Block 93,Bilg 7 & 9,Jahra",Al Jahra Governorate,Kuwait,"Gulfmart, “the supermarket of choice”, is the fastest growing supermarket chain in Kuwait. It is a division of the UAE based renowned retail conglomerate which is located in Kuwait.",http://gulfmartkuwait.com/,https://kuwaitlocal.com/business/gulfmart-jahra,https://www.facebook.com/pages/Gulfmart-Supermarket-Kuwait/801448839931521,,https://www.linkedin.com/pub/gulf-mart-imran-imran/40/925/7a11,https://twitter.com/gulfmart_kuwait,
Gulfmart - Khaitan 1,+965 24710764,,,,,"Wafi Complex,Near Round About And khitan Police Station,Opp Indian Community School,South Khaitan",Al Farwaniyah Governorate,Kuwait,"Gulfmart, “the supermarket of choice”, is the fastest growing supermarket chain in Kuwait. It is a division of the UAE based renowned retail conglomerate which is located in Kuwait.",http://gulfmartkuwait.com/,https://kuwaitlocal.com/business/gulfmart-khaitan-1,https://www.facebook.com/pages/Gulfmart-Supermarket-Kuwait/801448839931521,,https://www.linkedin.com/pub/gulf-mart-imran-imran/40/925/7a8,https://twitter.com/gulfmart_kuwait,
Gulfmart - Salwa,,,,,,"Sheikh A Al Shab Complex,Block 11,Street 8,Opp Kuwait English School,Next To McDonalds,Salwa",Hawalli Governorate,Kuwait,"Gulfmart, “the supermarket of choice”, is the fastest growing supermarket chain in Kuwait. It is a division of the UAE based renowned retail conglomerate which is located in Kuwait.",http://gulfmartkuwait.com/,https://kuwaitlocal.com/business/gulfmart-salwa,https://www.facebook.com/pages/Gulfmart-Supermarket-Kuwait/801448839931521,,https://www.linkedin.com/pub/gulf-mart-imran-imran/40/925/7a15,https://twitter.com/gulfmart_kuwait,
Gulfmart - Hawally 2,+965 22617267,,,,,"Al Salam Complex,Block 185,Al Othama Street,Beside Dawar Al Qurd ,Hawally",Hawalli Governorate,Kuwait,"Gulfmart, “the supermarket of choice”, is the fastest growing supermarket chain in Kuwait. It is a division of the UAE based renowned retail conglomerate which is located in Kuwait.",http://gulfmartkuwait.com/,https://kuwaitlocal.com/business/gulfmart-hawally-2,https://www.facebook.com/pages/Gulfmart-Supermarket-Kuwait/801448839931521,,https://www.linkedin.com/pub/gulf-mart-imran-imran/40/925/7a10,https://twitter.com/gulfmart_kuwait,
Gulfmart - Farwaniya 1,+965 24710210,,,,,"Bader Al Duwaish Commercial Complex,Block 51,Plot 27,Street 122,Farwaniya",Al Farwaniyah Governorate,Kuwait,"Gulfmart, “the supermarket of choice”, is the fastest growing supermarket chain in Kuwait. It is a division of the UAE based renowned retail conglomerate which is located in Kuwait.",http://gulfmartkuwait.com/,https://kuwaitlocal.com/business/gulfmart-farwaniya-1,https://www.facebook.com/pages/Gulfmart-Supermarket-Kuwait/801448839931521,,https://www.linkedin.com/pub/gulf-mart-imran-imran/40/925/7a7,https://twitter.com/gulfmart_kuwait,
Gulfmart - Fahaheel 1,+965 23926913,,,,,"Jassim And Nader Al DabousBuilding,Block 62,Plot No 9,NearCenter Point,Fahaheel",Al-Ahmadi Governorate,Kuwait,"Gulfmart, “the supermarket of choice”, is the fastest growing supermarket chain in Kuwait. It is a division of the UAE based renowned retail conglomerate which is located in Kuwait.",http://gulfmartkuwait.com/,https://kuwaitlocal.com/business/gulfmart-fahaheel-1,https://www.facebook.com/pages/Gulfmart-Supermarket-Kuwait/801448839931521,,https://www.linkedin.com/pub/gulf-mart-imran-imran/40/925/7a14,https://twitter.com/gulfmart_kuwait,
Gulfmart Company - Farwaniya 2,+965 24717964,,,,,"Radhi Mutalaq Al Rashidi Complex,Block 25,Plot No 6,NearSana Round About,Farwaniya",Al Farwaniyah Governorate,Kuwait,"Gulfmart, “the supermarket of choice”, is the fastest growing supermarket chain in Kuwait. It is a division of the UAE based renowned retail conglomerate which is located in Kuwait.",http://gulfmartkuwait.com/,https://kuwaitlocal.com/business/gulfmart-company-farwaniya-2,https://www.facebook.com/pages/Gulfmart-Supermarket-Kuwait/801448839931521,,https://www.linkedin.com/pub/gulf-mart-imran-imran/40/925/7a13,https://twitter.com/gulfmart_kuwait,
Gulfmart - Jleeb Al Shuyoukh 1,+965 24347051,,,,,"Saud Saad Al Shallahi Complex,Next To NBK,NearIndian Central School,Opp Pakistan English School,Jleeb Al-Shuyoukh",Al Farwaniyah Governorate,Kuwait,"Gulfmart, “the supermarket of choice”, is the fastest growing supermarket chain in Kuwait. It is a division of the UAE based renowned retail conglomerate which is located in Kuwait.",http://gulfmartkuwait.com/,https://kuwaitlocal.com/business/gulfmart-jleeb-al-shuyoukh-1,https://www.facebook.com/pages/Gulfmart-Supermarket-Kuwait/801448839931521,,https://www.linkedin.com/pub/gulf-mart-imran-imran/40/925/7a9,https://twitter.com/gulfmart_kuwait,
Gulfmart - Khaitan 2,+965 24719763,,,,,"Al Alanda Commercial Complex,Block No 8,Street no 73,South Khaitan",Al Farwaniyah Governorate,Kuwait,"Gulfmart, “the supermarket of choice”, is the fastest growing supermarket chain in Kuwait. It is a division of the UAE based renowned retail conglomerate which is located in Kuwait.",http://gulfmartkuwait.com/,https://kuwaitlocal.com/business/gulfmart-khaitan-2,https://www.facebook.com/pages/Gulfmart-Supermarket-Kuwait/801448839931521,,https://www.linkedin.com/pub/gulf-mart-imran-imran/40/925/7a18,https://twitter.com/gulfmart_kuwait,
House Of Development For Agricultural Cont Co - Kuwait City,+965 22421713,,,,,"Al Mowash Tower,Al Shuhada Street,Kuwait City",Capital Governorate,Kuwait,"HOUSE OF DEVELOPMENT FOR AGRICULTURAL CONT. COMPANY is a Legal Services company located in Al Mawas Towers, SAFAT, Kuwait.",http://www.hodagri.com/,https://kuwaitlocal.com/business/house-of-development-for-agricultural-cont-co-kuwait-city,https://www.facebook.com/pages/House-of-Development-for-Agricultural-Contracting-CoWLL-Kuwait,,,,
Gulfmart - Salmiya 1,+965 25716597,,,,,"Dana Center,SalemAl Mubarak Street,Near Nassar Sports,Behind Caesars Avanti Palace Restaurant,Salmiya",Hawalli Governorate,Kuwait,"Gulfmart, “the supermarket of choice”, is the fastest growing supermarket chain in Kuwait. It is a division of the UAE based renowned retail conglomerate which is located in Kuwait.",http://gulfmartkuwait.com/,https://kuwaitlocal.com/business/gulfmart-salmiya-1,,,https://www.linkedin.com/pub/gulf-mart-imran-imran/40/925/7a6,https://twitter.com/gulfmart_kuwait,
Metalex Energy Company - Kuwait City,+965 22240233,,,,,"Fahad Al Salem Street,Panasonic Tower,Floor 17,Kuwait City",Capital Governorate,Kuwait,Metalex Energy Company focuses on the Oil & Gas infrastructure development projects by capitalizing on its extensive knowhow and project portfolio. Our services focus on Oil & Gas construction projects ensuring full commitment towards safeguarding the environment,http://www.metalexenergy.com/,https://kuwaitlocal.com/business/metalex-energy-company-kuwait-city,,,,,
Mais Alghanim - Hawally,+965 1821155,,,,,"Block 6, 323 Street,Hawally",Hawalli Governorate,Kuwait,"The origin of Mais Alghanim Restaurant dates back to 1953 when our founding father Edmond Barakat, opened a staff cafeteria for the employees of Yusuf Ahmed Alghanim & Sons Co., duly called “Mess Alghanim”. This was the beginning of a long lasting relationship between the Kuwaiti & Expatriate communities and the late Abu Emile and his “Mess”. In a short time, the cafeteria became a meeting place for all serving complete meals and offering take-away services, transforming the humble canteen in...",http://www.maisalghanim.com/,https://kuwaitlocal.com/business/mais-alghanim-hawally,https://www.facebook.com/maisalghanimgroup,https://instagram.com/maisalghanim,https://kw.linkedin.com/company/mais-alghanim-restaurant,https://twitter.com/maisalghanim,
Palms Agro Production Company - Al Rai,+965 24718903,,,,,"Palms Agro Production Company Building,Block 56,4th Ring Road,Al-Rai",Al Farwaniyah Governorate,Kuwait,"Palms Agro Production Company is a Biotechnology company located in Palms Agro Production Company Building, Kuwait City, Kuwait.",https://www.zawya.com/company/profile/282437/Palms_Agro_Production_Company/PAPCO.KSE/,https://kuwaitlocal.com/business/palms-agro-production-company-al-rai,,,,,
Al Ruwad United General Trading And Contracting Co - Sharq,,,,,,"Al Shuhada Street,Al Muwash,Floor 5,6,7,Sharq",Capital Governorate,Kuwait,"Al-Ruwad United General Trading & Contracting Co. , is a limited liability company established in the year 2000 by a group of business men veteran in the field of service provision. Our 8 services branches provide our customers with over 50 different services in the fields of Environment, agriculture, security, sewers, laundry, human resources, cargo & maintenance. Our HR experience and our 4000+ workers workforce in addition to our commercial connections with foreign Asian, European & middle...",http://www.alruwadunited.com/,https://kuwaitlocal.com/business/al-ruwad-united-general-trading-and-contracting-co-sharq,https://www.facebook.com/pages/Al-Ruwad-United-General-Trading-Contracting-Co-Kuwait,,https://www.linkedin.com/company/al-ruwad-united-general-trading-&-contracting-co-,,
Tekneen District Cooling And Utilities - Sabhan,+965 24721199,,,,,"Kazema Building,Sabhan Industrial Area",Mubarak Al-Kabeer Governorate,Kuwait,"Tekneen District Cooling & Utilities KSCC is an Environmental Services company located in Kazema Building, Kuwait City, Al Assimah, Kuwait..",http://www.zawya.com/company/profile/12575496/Tekneen_District_Cooling__Utilities_KSCC/,https://kuwaitlocal.com/business/tekneen-district-cooling-and-utilities-sabhan,,,https://www.linkedin.com/company/tekneen-district-cooling-&-utilities-kscc,,
Sgs - Ahmadi 1,,,,,,"Industrial Area,344 Street,Al Ahmadi",Al-Ahmadi Governorate,Kuwait,"Recognized as the global benchmark for quality and integrity, we employ more than 80,000 people and operate a network of over 1,650 offices and laboratories around the world. We are constantly looking beyond customers’ and society’s expectations in order to deliver market leading services wherever they are needed. As the leader in providing specialized business solutions that improve quality, safety and productivity and reduce risk, we help customers navigate an increasingly regulated world. ...",http://www.sgs.com/,https://kuwaitlocal.com/business/sgs-ahmadi-1,https://www.facebook.com/SocieteGeneraledeSurveillance,,https://www.linkedin.com/company/sgs,https://twitter.com/SGS_SA,http://www.youtube.com/user/sgseditor
Sgs - Ahmadi 2,,,,,,"Industrial Area,Block 6,Al Ahmadi",Al-Ahmadi Governorate,Kuwait,"Recognized as the global benchmark for quality and integrity, we employ more than 80,000 people and operate a network of over 1,650 offices and laboratories around the world. We are constantly looking beyond customers’ and society’s expectations in order to deliver market leading services wherever they are needed. As the leader in providing specialized business solutions that improve quality, safety and productivity and reduce risk, we help customers navigate an increasingly regulated world. ...",http://www.sgs.com/,https://kuwaitlocal.com/business/sgs-ahmadi-2,https://www.facebook.com/SocieteGeneraledeSurveillance,,https://www.linkedin.com/company/sgs,https://twitter.com/SGS_SA,http://www.youtube.com/user/sgseditor
Sgs - Fahaheel,,,,,,"7th Floor,Hamoud Tower,Coastel Road,Fahaheel",Al-Ahmadi Governorate,Kuwait,"Recognized as the global benchmark for quality and integrity, we employ more than 80,000 people and operate a network of over 1,650 offices and laboratories around the world. We are constantly looking beyond customers’ and society’s expectations in order to deliver market leading services wherever they are needed. As the leader in providing specialized business solutions that improve quality, safety and productivity and reduce risk, we help customers navigate an increasingly regulated world. ...",http://www.sgs.com/,https://kuwaitlocal.com/business/sgs-fahaheel,https://www.facebook.com/SocieteGeneraledeSurveillance,,https://www.linkedin.com/company/sgs,https://twitter.com/SGS_SA,http://www.youtube.com/user/sgseditor
Gulfmart - Fahaheel 2,+965 23931608,,,,,"Othaa ibi Complex,Building No 4,Block No 5,Road No 213,Fahaheel",Al-Ahmadi Governorate,Kuwait,"Gulfmart, “the supermarket of choice”, is the fastest growing supermarket chain in Kuwait. It is a division of the UAE based renowned retail conglomerate which is located in Kuwait.",http://gulfmartkuwait.com/,https://kuwaitlocal.com/business/gulfmart-fahaheel-2,https://www.facebook.com/pages/Gulfmart-Supermarket-Kuwait/801448839931521,,https://www.linkedin.com/pub/gulf-mart-imran-imran/40/925/7a19,https://twitter.com/gulfmart_kuwait,
Dar Al Khalaf Agricultural Company,+96599889274,,,,,"Floor 6,Office 610,Kuwait City",Capital Governorate,Kuwait,"Dar Alkhalaf for Agricultural Studies & Consultations is considered to be one of the major experienced companies in Kuwait. We are specialized in providing unique technical expertise in many agricultural fields as well as investment projects related to the agricultural field, through preparing projects and performance of economical, technical, and financial feasibility studies and marketing studies. Moreover, we are providing technical support services and human development. We also assist co...",http://www.daralkhalaf.com/,https://kuwaitlocal.com/business/dar-al-khalaf-agricultural-company,,,https://www.linkedin.com/company/dar-alkhalaf-for-agricultural-studies-&-consultations-company,,
Burgan Agricultural Food Industry Est - Kuwait City 3,+96597029332,,,,,"Wafra Center,South Of Kuwait,Kuwait City",Capital Governorate,Kuwait,"Burgan Agri Co. was established in 1981 as provider of quality goods and services for the growing agriculture, poultry, livestock and food processing sectors. Other these years we have gained knowledge via our international partners as well as first hand experience by providing major and minor projects for the Kuwait government (Municipality, Ministry of Defense, Public Authority for Agriculture Affairs and Fisheries) as well as private companies and farmers. This has allowed us to provide mo...",https://www.bafi.net,https://kuwaitlocal.com/business/burgan-agricultural-food-industry-est-kuwait-city-3,,,,,
Ucacs Third Party Eco Green Consulting - Kuwait City,,,,,,Kuwait City,Capital Governorate,Kuwait,"Your reliable & risk-taking partner when it comes to independent inspection and testing services whether bottom line profitability. to your refinery, construction site or simply your product. Constant improvement of your processes is our main concern, as well as raising the proficiency of your main asset: your people. Comes along with it as a final result, financial efficiency.",http://www.ucacs.com/,https://kuwaitlocal.com/business/ucacs-third-party-eco-green-consulting-kuwait-city,,,https://www.linkedin.com/company/ucacs-third-party-eco-green-consulting,,
Burgan Agricultural Food Industry Est - Abdaly 1,+96597020132,+96523811159,+96523811158,,,"Abdaly Farming Area,Abdali",Al Jahra Governorate,Kuwait,"Burgan Agri Co. was established in 1981 as provider of quality goods and services for the growing agriculture, poultry, livestock and food processing sectors. Other these years we have gained knowledge via our international partners as well as first hand experience by providing major and minor projects for the Kuwait government (Municipality, Ministry of Defense, Public Authority for Agriculture Affairs and Fisheries) as well as private companies and farmers. This has allowed us to provide mo...",https://www.bafi.net,https://kuwaitlocal.com/business/burgan-agricultural-food-industry-est-abdaly-1,,,,,
Greenfields Agriculture Co - Al Rai,+965 1808555,,,,,"384 2 St,Al-Rai",Al Farwaniyah Governorate,Kuwait,"Green Fields Agriculture Company was incorporated in 1981 with the objectives of undertaking & engaging in landscaping, beautification, forestation, irrigation as well as trading and contracting business in the State of Kuwait. Greenfields Agriculture Company is a part of Al Injazat Holding Company which also includes: 1. Mohammed N. Al Hajery and Sons Ltd,2. Hydrotek Engineering Company, 3. Sabhan Factory 4. Al Hilal International (Medical Center). Al Injazat General Trading & Contracting Co...",https://www.gfac.com.kw,https://kuwaitlocal.com/business/greenfields-agriculture-co-al-rai,https://www.facebook.com/GreenfieldsKw,http://instagram.com/GreenfieldsQ8/#,,https://twitter.com/greenfieldskw,
Burgan Agricultural Food Industry Est - Wafra,+965 22455599,,,,,Wafra,Al-Ahmadi Governorate,Kuwait,"Burgan Agri Co. was established in 1981 as provider of quality goods and services for the growing agriculture, poultry, livestock and food processing sectors. Other these years we have gained knowledge via our international partners as well as first hand experience by providing major and minor projects for the Kuwait government (Municipality, Ministry of Defense, Public Authority for Agriculture Affairs and Fisheries) as well as private companies and farmers. This has allowed us to provide mo...",https://www.bafi.net,https://kuwaitlocal.com/business/burgan-agricultural-food-industry-est-wafra,,,,,
Burgan Agricultural Food Industry Est - Al Rai,+965 22455599,,,,,"central agriculture area,Al-Rai",Al Farwaniyah Governorate,Kuwait,"Burgan Agri Co. was established in 1981 as provider of quality goods and services for the growing agriculture, poultry, livestock and food processing sectors. Other these years we have gained knowledge via our international partners as well as first hand experience by providing major and minor projects for the Kuwait government (Municipality, Ministry of Defense, Public Authority for Agriculture Affairs and Fisheries) as well as private companies and farmers. This has allowed us to provide mo...",https://www.bafi.net,https://kuwaitlocal.com/business/burgan-agricultural-food-industry-est-al-rai,,,,,
Burgan Agricultural Food Industry Est - Kuwait City 2,,,,,,"Garden Center,Kuwait City",Capital Governorate,Kuwait,"Burgan Agri Co. was established in 1981 as provider of quality goods and services for the growing agriculture, poultry, livestock and food processing sectors. Other these years we have gained knowledge via our international partners as well as first hand experience by providing major and minor projects for the Kuwait government (Municipality, Ministry of Defense, Public Authority for Agriculture Affairs and Fisheries) as well as private companies and farmers. This has allowed us to provide mo...",https://www.bafi.net,https://kuwaitlocal.com/business/burgan-agricultural-food-industry-est-kuwait-city-2,,,,,
Gulf Palm General Trad And Cont Company - Al Rai,+965 24727031,,,,,"Nurseries 48 & 49, 4th Ring Road, ,Al-Rai",Al Farwaniyah Governorate,Kuwait,"issue Culture Palms Centre) has been established in 1991 immediately after the invasion. The nursery had been purchased at Ar Rai and palm offshoots had been imported from Saudi Arabia. They faced some difficulties in importing offshoots of the good varieties so they decided to get sources of American tissue culture laboratories, for supplying Tissue Culture Palms. Offshoots of the excellent and most popular palm varieties of Gulf region were collected and sent to States for micro propagation...",https://www.gulfpalms.com,https://kuwaitlocal.com/business/gulf-palm-general-trad-and-cont-company-al-rai,,,,,
Burgan Agricultural Food Industry Est - Kuwait City 1,+965 24733376,,,,,"Farmer Center,Kuwait City",Capital Governorate,Kuwait,"Burgan Agri Co. was established in 1981 as provider of quality goods and services for the growing agriculture, poultry, livestock and food processing sectors. Other these years we have gained knowledge via our international partners as well as first hand experience by providing major and minor projects for the Kuwait government (Municipality, Ministry of Defense, Public Authority for Agriculture Affairs and Fisheries) as well as private companies and farmers. This has allowed us to provide mo...",https://www.bafi.net,https://kuwaitlocal.com/business/burgan-agricultural-food-industry-est-kuwait-city-1,,,,,
Burgan Agricultural Food Industry Est - Abdaly 2,+965 22455599,,,,,"Abdaly Center,Abdali",Al Jahra Governorate,Kuwait,"Burgan Agri Co. was established in 1981 as provider of quality goods and services for the growing agriculture, poultry, livestock and food processing sectors. Other these years we have gained knowledge via our international partners as well as first hand experience by providing major and minor projects for the Kuwait government (Municipality, Ministry of Defense, Public Authority for Agriculture Affairs and Fisheries) as well as private companies and farmers. This has allowed us to provide mo...",https://www.bafi.net,https://kuwaitlocal.com/business/burgan-agricultural-food-industry-est-abdaly-2,,,,,
Gulf Palm General Trad And Cont Company - Wafra 1,+96597029104,+96597029105,+96597029106,,,"Wafra Show Room,Gulf palms trading and co,Wafra",Al-Ahmadi Governorate,Kuwait,"issue Culture Palms Centre) has been established in 1991 immediately after the invasion. The nursery had been purchased at Ar Rai and palm offshoots had been imported from Saudi Arabia. They faced some difficulties in importing offshoots of the good varieties so they decided to get sources of American tissue culture laboratories, for supplying Tissue Culture Palms. Offshoots of the excellent and most popular palm varieties of Gulf region were collected and sent to States for micro propagation...",https://www.gulfpalms.com,https://kuwaitlocal.com/business/gulf-palm-general-trad-and-cont-company-wafra-1,,,,,
American General Trading And Contracting,+965 23924523,,,,,Safat,Capital Governorate,Kuwait,"American General Trading & Contracting (AGT), the flagship company of AGT was established to provide comprehensive solutions and services to its customers and clients in the State of Kuwait. AGT is an American managed Kuwait headquartered company with offices throughout the Gulf region; with well developed expertise in a range of sectors including: General Construction; Interior Design and Fit Out; Transportation & Logistics; Heavy Equipment; Manpower Supplies, Meet and Greet Services, Commer...",http://www.agtkuwait.com/,https://kuwaitlocal.com/business/american-general-trading-and-contracting-1,https://www.facebook.com/pages/American-General-Trading-Cont/483311151767636,,https://www.linkedin.com/company/american-general-trading-&-contracting,,
Gulf Palm General Trad And Cont Company - Wafra2,+96560660375,+96560660391,+96597118588,,,"Farm In Abdali,Closed To Fire Station,Wafra",Al-Ahmadi Governorate,Kuwait,"issue Culture Palms Centre) has been established in 1991 immediately after the invasion. The nursery had been purchased at Ar Rai and palm offshoots had been imported from Saudi Arabia. They faced some difficulties in importing offshoots of the good varieties so they decided to get sources of American tissue culture laboratories, for supplying Tissue Culture Palms. Offshoots of the excellent and most popular palm varieties of Gulf region were collected and sent to States for micro propagation...",https://www.gulfpalms.com,https://kuwaitlocal.com/business/gulf-palm-general-trad-and-cont-company-wafra2,,,,,
Shems International - Kuwait City,+965 22424323,,,,,"Fahed Al Salem Street,Al Souk,Al Kabeer Building,Tower A,Floor 7,Office 714,Kuwait City",Capital Governorate,Kuwait,"You can conserve and protect the environment, the health of your employees and the people of the community by improving your environmental performance. This requires establishing Environment, Health and Safety Management systems. SHEMS can review the environmental aspects of your organization, do the Gap Analysis, help you implement and audit your Environmental, Health, and Safety Management systems.The Professionals at SHEMS will provide with professional assistance through their experienced...",http://www.shemsconsultants.biz/,https://kuwaitlocal.com/business/shems-international-kuwait-city,https://www.facebook.com/pages/Shems-International-Environmental-Consultants-Kuwait-City,,,,
Arabi Holding Group Comapny - Al Rai,+965 22491729,,,,,"Ghazali St,Al-Rai",Al Farwaniyah Governorate,Kuwait,"Arabi Holding Group Company K.S.C., is one of the leading companies in Kuwait established in 1981. Five well established and financially secure companies merged to form the Arabi Holding Group. This merger enabled these companies which retained their individual identity, to be merged corporately, thus increasing their effectiveness, by coordinating their combined expertise and financial resources. These five companies, each of which had made a significant impact in the rapid advances in Kuwai...",https://www.arabigroup.com,https://kuwaitlocal.com/business/arabi-holding-group-comapny-al-rai,,,,,
Hassad Agriculture Company - Safat,+965 22636536,,,,,"Sarawi Building,Tunis street,Hawally",Hawalli Governorate,Kuwait,"Is a past company in the investment and its beginnings were in 1940 where he practiced all activities Almokhtlfah.ouma the beginning of economic development that took place in Kuwait , especially in the mid- seventies practiced company then several investments including agricultural , and evolved in that area a great development .. But the invasion in 1990 failure of the completion of the field for a brief period .uaadt squares and rebounded again after the liberation in 1992 , where he was d...",https://www.hassad-kw.com,https://kuwaitlocal.com/business/hassad-agriculture-company-safat,,,,,
Amco Oasis Company - Farwaniya,+965 24724090,,,,,Farwaniya,Al Farwaniyah Governorate,Kuwait,"Amco Oasis Compay is located in Farwaniya, Kuwait.",https://www.amcooasis.com,https://kuwaitlocal.com/business/amco-oasis-company-farwaniya,,,https://www.linkedin.com/company/amco-oasis?trk=company_logo,,
M East Commercial Info - Kuwait Co - Sharq,+965 22441625,,,,,"Sharq area, Khaled Ibn Al Waleed Street, Ajeel Bldg.3rd floor,opposite Al Shaheed ,Sharq",Capital Governorate,Kuwait,"MECICO KUWAIT FOUNDED IN 1975 BY HE. SHEIKH MOHAMMED SAUD AL SABAH and DR. ELIAS BALADI. HOWEVER BASIC FOUNDATION WAS MADE ERLIER IN 1970 WHEN DR. BALADI STARTED BUILDING HIS DATA BANK WHICH LATER HAD BECOME THE CORNER STONE OF THIS BUSINESS.AS OF TODAY, WE ARE WITH MORE THAN 33 YEARS OF EXPERIENCE IN THE REGION WE HAVE ESTABLISHED A HIGHLY RESPECTED POSITION ALL ARROUND OWING TO THE VALUABLE SERVICES THAT WE HAVE RENDERED TO MAJOR INTERNATIONAL FOUNDATIONS AND TO THEIR LOCAL BUSINESS PARTNER...",https://www.mecico-kuwait.com,https://kuwaitlocal.com/business/m-east-commercial-info-kuwait-co-sharq,,,,,
Eco Enviromental Consaltants - Mirqub,+965 22426665,,,,,"Souk Al-Kabir Building, Real Estate Company Building, Block A, 7th Floor,Mirqab",Capital Governorate,Kuwait,"Eco-Environmental Consultants Firm Environment & Community Onward \""We donate 2.5% of our profit to humanitarian & environmental causes \"" The Founder & General Manager of Eco is Dr. Ali Muhammad Khuraibet. Our logo represents a deep concept with a philosophical touch. It represents the unity, differences and harmony of the earth components and the universe. Our logo design is based on the concept of harmony with and in nature. To achieve harmony between human activities and nature, ethics an...",https://www.ecoconsaltants.biz,https://kuwaitlocal.com/business/eco-enviromental-consaltants-mirqub,,,,,
Livestock Transport And Trading Company - Kuwait City,+965 22402109,,,,,"General Department â€“ Al Salhiya Trading Complex ,Gate 3 , (2nd & 4th Floor ),Kuwait City",Capital Governorate,Kuwait,Livestock Transport & Trading Co. K.S.C -Kuwait City,https://www.kltt.com.kw,https://kuwaitlocal.com/business/livestock-transport-and-trading-company-kuwait-city,,,,,
Al Shaheen Nurseries Agriculture And Food Co. - Al Rai,+965 24713823,,,,,"Block 1,Al-Rai",Al Farwaniyah Governorate,Kuwait,"ALSHAHEEN NURSERIES AGRICULTURE & FOOD CO. Established in 1985, it is one of the leading companies in the sales of agricultural products, plants, indoor and outdoor Gardening design. ALSHAHEEN NURSERIES has been ever since developing itself as one of the leaders in the field of agriculture retail, wholesale, and landscaping. ALSHAHEEN NURSERIES team is run by well qualified engineers and experienced supervisors, with a long and successful track record in agriculture projects execution. Manage...",https://www.alshaheen.com.kw,https://kuwaitlocal.com/business/al-shaheen-nurseries-agriculture-and-food-co-al-rai,,,,,
Fahad Al Bahar Sons Trad Company - Safat,+965 24928881,,,,,Safat,Capital Governorate,Kuwait,"If your needs range from communications systems and networks, landscaping services, irrigation products or oil and gas services, we can help you. We are based in Kuwait and have four major business divisions: Communications, Oil & Gas Services, Landscaping Specialized Services, and Irrigation Products and Services.",https://www.fbs.com.kw,https://kuwaitlocal.com/business/fahad-al-bahar-sons-trad-company-safat,,,,,
Abdulrahman Sultan Sons Co - Shuwaikh,+965 24710452,,,,,"Abdul Rahman Sultan and Sons Company Building,Al Rayy Area ,Al Shuwaikh,Shuwaikh",Capital Governorate,Kuwait,Abdulrahman Sultan Sons Co. - Shuwaikh,https://www.sultannet.net,https://kuwaitlocal.com/business/abdulrahman-sultan-sons-co-shuwaikh,,,,,
Shems International - Bneid Al Gar,,,,,,"Al Shareef Al Redha Street,Bneid Al Gar",Capital Governorate,Kuwait,"You can conserve and protect the environment, the health of your employees and the people of the community by improving your environmental performance. This requires establishing Environment, Health and Safety Management systems. SHEMS can review the environmental aspects of your organization, do the Gap Analysis, help you implement and audit your Environmental, Health, and Safety Management systems.The Professionals at SHEMS will provide with professional assistance through their experienced...",http://www.shemsconsultants.biz/,https://kuwaitlocal.com/business/shems-international-bneid-al-gar,https://www.facebook.com/pages/Shems-International-Environmental-Consultants-Kuwait-City,,,,
Molden Technical And Consulting Projects Company - Safat,+965 22450445,,,,,Safat,Capital Governorate,Kuwait,Molden Technical &consulting Projects Co. - Safat,https://www.mtcpco.com,https://kuwaitlocal.com/business/molden-technical-and-consulting-projects-company-safat,,,,,
Fresh Fruit Company - Shuwaikh,+96555337522,,,,,"Industrial Area 3,Snear Wholesale Market Street,Block A,Street 67,Building 221,Shuwaikh",Capital Governorate,Kuwait,Fresh Fruit Company-Shuwaikh,http://www.freshfruitsco.com/,https://kuwaitlocal.com/business/fresh-fruit-company-shuwaikh,,,,,
Bin Nisf,+965 1822244,,,,,"Street 26,Block 1, P O Box 871 Safat, 13009,Shuwaikh",Capital Governorate,Kuwait,Bin Nisf Which Is Located In Kuwait,http://www.bin-nisf.com/,https://kuwaitlocal.com/business/bin-nisf,,,,,
Al Jahra Agricultural Products Equipment And Supplies Co Wll - Kuwait City,+965 24736840,,,,,Kuwait City,Capital Governorate,Kuwait,"Established in 1985, Al-Jahra Co. is an arm of UAPCO and one of the leading agricultural companies in Kuwait . It has an excellent precedence in managing and executing diverse projects and is approved Class-A contractor in Central Tender Committee (CTC) to execute major works in Landscape & Irrigation Projects with The Public Authority for Agricultural Affairs & Fish Resources (PAA&FR) and other Government Authorities beside private sector.",http://uapco.net/jahra/index,https://kuwaitlocal.com/business/al-jahra-agricultural-products-equipment-and-supplies-co-wll-kuwait-city,,,,,
The United Plants Company Wll - Kuwait City,+965 24736840,,,,,Kuwait City,Capital Governorate,Kuwait,"The United Agricultural Production Company (K.S.C.) Closed (UAPCO) established in 1976 and is involved in farming business, producing fodder crops including Alfalfa, Barley, Oats, Corn, Rye grass and Rhodes grass. Located at Sulaibiya farms area, ideally close to many large livestock farms, which are major consumers of fodder.It is also in close proximity to the main fodder market in Kuwait.",http://uapco.net/upco/index,https://kuwaitlocal.com/business/the-united-plants-company-wll-kuwait-city,,,,,
Hanovil Fruits - Shuwaikh,+965 24826643,,,,,"Near Organic N More,Shuwaikh",Capital Governorate,Kuwait,"Founded Hanovil Kuwait as a limited liability company with paid up capital of 150,000 thousand dinars Kuwaiti, and with hard work and the continued development and improvement of services and focus on quality to satisfy the client was the capital increase to 500,000 thousand dinars in addition to the expansion of the activities of the company to extend outside the State of Kuwait.",http://www.hanovil.com/,https://kuwaitlocal.com/business/hanovil-fruits-shuwaikh,https://www.facebook.com/pages/Hanovil-Fruits/186490564808875,https://instagram.com/hanovil_fruits/,,,
Hydro Center For Agricultural Contracting - Sharq,+96599036388,+96599053262,+96599084361,,,"Al Shuhada Street,Fahad Al Atequie Building,Office No.5,Sharq",Capital Governorate,Kuwait,Hydro Center for Agricultural Contracting is the leading Indoor plant specialist in Kuwait. Our 17 years of professional experience in Indoor hydro plant business is well recognized in the most elaborate and important commercial buildings and complexes (Refer to our projects page). The professional indoor plant works particularly with large projects require three major phases,http://www.hydrocenter-kw.com/,https://kuwaitlocal.com/business/hydro-center-for-agricultural-contracting-sharq,,,https://www.linkedin.com/company/hydro-center-for-agricultural-contracting,,
Termo Pest - Hawally,+96597983094,+96522640004,,,,Hawally,Hawalli Governorate,Kuwait,"TERMOPEST has been providing quality Pest & Vector Management Service based on integrated Pest Management (IPM) techniques to commercial and residential clients for years in Kuwait. Our commitment to providing the highest quality service at a fair price has earned us the reputation of being a true industry leader in Kuwait. We keep our entire organization abreast of Kuwait laws, assuring strict adherence to the regulatory authorities. We are one among a few pest control companies having Kuwai...",http://www.termopest.com/,https://kuwaitlocal.com/business/termo-pest-hawally,,,,,
Gulf Chemical Co W.l.l - Shuwaikh,+96599610226,,,,,"Industrial Area,Block G,Jeena Street,Building no. 26,Street 20,Shuwaikh",Capital Governorate,Kuwait,Gulf Chemicals Company was established in the year 1968 and since then has been providing pest control services to various facilities all over Kuwait. Gulf Chemicals Company is able to survey your particular problems and design a specific control plan and execute it swiftly and economically. Pest Control is a service regulated by the Ministry of Health in Kuwait and the law requires a pest control company to have the following: 1. Company License to perform pest control service. 2. Company Li...,http://www.gulfchemicalskw.com/,https://kuwaitlocal.com/business/gulf-chemical-co-w-l-l-shuwaikh,https://www.facebook.com/GULFCHEMICALSCO,,,,
Vanguard Pest Control Company - Farwaniya,+96597336825,+96590047536,+96524756197,,,"Office No .3, 4th Floor, Rawiya Complex,Farwaniya",Al Farwaniyah Governorate,Kuwait,"Vanguard Pest Control Company has been in business with the ambitions to be the number one pest control company in the region. Vanguard Pest Control inaugurated with bright vision of delivering best services to its clientage. Vanguard Pest Control Company is devoted to save mankind from harmful insects. Vanguard Pest Control Company operations are located throughout the Kuwait.Vanguard Pest Control Company has also plan to establish other branches in Bahrain, Qatar, Saudi Arabia, Egypt, Dubai...",http://vanguard-pest-control.com/,https://kuwaitlocal.com/business/vanguard-pest-control-company-farwaniya,https://www.facebook.com/pages/Vanguard-Pest-Control-Company-Wll/216537805056236,,https://kw.linkedin.com/pub/vanguard-pest-control-company-wll/34/476/69a,https://twitter.com/vanguardkwt,
The First Date Palms & Agricultural Services Company,+965 22452346,,,,,Kuwait City,Capital Governorate,Kuwait,The First Date Palms & Agricultural Services Company,https://www.bukhamseen.com,https://kuwaitlocal.com/business/the-first-date-palms-agricultural-services-company,,,,,
Gulf Palms General Trading & Contracting Co - Abdali,+96560660375,+96560660391,+96597118588,,,Abdali,Al Jahra Governorate,Kuwait,"It has been established in 1991 immediately after the invasion. The nursery had been purchased at Ar Rai and palm offshoots had been imported from Saudi Arabia. They faced some difficulties in importing offshoots of the good varieties so they decided to get sources of American tissue culture laboratories, for supplying Tissue Culture Palms. Offshoots of the excellent and most popular palm varieties of Gulf region were collected and sent to States for micro propagation. Later the agreement had...",http://www.gulfpalms.com/,https://kuwaitlocal.com/business/gulf-palms-general-trading-contracting-co-abdali,,,,,
Gulf Palms General Trading & Contracting Co - Al Rai,+96560660389,+96524756090,+96524735377,,,"4th Ring Road,Nurseries 48 & 49,Al-Rai",Al Farwaniyah Governorate,Kuwait,"It has been established in 1991 immediately after the invasion. The nursery had been purchased at Ar Rai and palm offshoots had been imported from Saudi Arabia. They faced some difficulties in importing offshoots of the good varieties so they decided to get sources of American tissue culture laboratories, for supplying Tissue Culture Palms. Offshoots of the excellent and most popular palm varieties of Gulf region were collected and sent to States for micro propagation. Later the agreement had...",http://www.gulfpalms.com/,https://kuwaitlocal.com/business/gulf-palms-general-trading-contracting-co-al-rai,,,,,
Gulf Palms General Trading & Contracting Co - Wafrah,+96597029104,+96597029105,+96597029106,,,Wafra,Al-Ahmadi Governorate,Kuwait,"It has been established in 1991 immediately after the invasion. The nursery had been purchased at Ar Rai and palm offshoots had been imported from Saudi Arabia. They faced some difficulties in importing offshoots of the good varieties so they decided to get sources of American tissue culture laboratories, for supplying Tissue Culture Palms. Offshoots of the excellent and most popular palm varieties of Gulf region were collected and sent to States for micro propagation. Later the agreement had...",http://www.gulfpalms.com/,https://kuwaitlocal.com/business/gulf-palms-general-trading-contracting-co-wafrah,,,,,
Arabi Holding Group Comapny - Kuwait City,+965 24811274,,,,,"4th Ring Road,Shuwaikh Industrial Area,Plot No.175/176C,Behind Ali Abdulwahab Furntiure Showroom,Kuwait City",Capital Governorate,Kuwait,"Arabi Holding Group Company K.S.C., is one of the leading companies in Kuwait established in 1981. Five well established and financially secure companies merged to form the Arabi Holding Group. This merger enabled these companies which retained their individual identity, to be merged corporately, thus increasing their effectiveness, by coordinating their combined expertise and financial resources. These five companies, each of which had made a significant impact in the rapid advances in Kuwai...",https://www.arabigroup.com,https://kuwaitlocal.com/business/arabi-holding-group-comapny-kuwait-city,,,,,
Integrated Holding Company,+965 1820018,,,,,"Ahmadi Industrial Area,Al Ahmadi",Al-Ahmadi Governorate,Kuwait,"Integrated Holding with its associated group Companies,was established with a vision to provide totally engineered solutions to the logistics industry in the MENA which has gone through diverse and vivid functional changes after 2003.",http://www.integrated-me.com/,https://kuwaitlocal.com/business/integrated-holding-company,https://www.facebook.com/ilckw,,,,
Kuwait Agriculture Company,+965 1825258,,,,,"Ardiya Industrial Area,,Ardiya",Al Farwaniyah Governorate,Kuwait,"Kuwait Agriculture Company (KAC) was established in 1968 as a privately owned company. With over four decades of experience, KAC is today one of the largest leading importers and distributors of quality consumer products (food and non- food) in Kuwait. We have a dedicated sales force divisions for each trade channel, modern warehouse facilities and a large fleet of delivery vehicles. Kuwait Agriculture Company opened its doors to the world in 1968. As a poultry producer, KAC was on its way to...",http://www.ktagr.com/,https://kuwaitlocal.com/business/kuwait-agriculture-company,https://www.facebook.com/KTAGR,,,https://twitter.com/KwtAgriCo,
Gulf Inspection International Company,+965 24733045,,,,,"Area-6, Plot-57, Street 61, Sabhan Industrial Area,,Mubarak Al-Kabeer",Mubarak Al-Kabeer Governorate,Kuwait,"Gulf Inspection International Co. (GIICo), a Kuwaiti Shareholding Company (closed), was established in 1976. Today, the firm operates from principal office and laboratory location in Subhan Industrial Area, Kuwait to serve clients through out Kuwait, Southern Iraq, Abu-Dhabi (UAE) and Middle East. GIICo employs over 140 highly trained, experienced work force and professionals. Most of the firm's employee posses graduate and postgraduate level degrees with specialized training in their fields....",http://www.giico.net/,https://kuwaitlocal.com/business/gulf-inspection-international-company,,,,,
Kddb General Trading & Contracting Company,+965 23986182,,,,,Fahaheel,Al-Ahmadi Governorate,Kuwait,"KDDB is a dynamic company focused on providing engineering solutions which meet client’s needs in the civil, mechanical, infrastructure, environmental engineering, and energy sectors. We have been delivering innovative solutions across Oil & Gas Services, Civil/Structural Engineering and Water & Environment services.",https://www.ekddb.com,https://kuwaitlocal.com/business/kddb-general-trading-contracting-company,,,,,
Beatona,,,,,,"Road No.85,Jahra",Al Jahra Governorate,Kuwait,Beatona is Located In Kuwait,http://www.beatona.net/,https://kuwaitlocal.com/business/beatona,https://www.facebook.com/BeatonaQ8/info/?tab=page_info,,https://www.linkedin.com/company/1606228?trk=pro_other_cmpy,https://twitter.com/Beatona_Kuwait,
Istidamah Environmental Solutions,,,,,,Kuwait City,Capital Governorate,Kuwait,Istidamah Environmental Solutions is primarily focused on development of projects and investment opportunities in the field of waste management and recycling.,https://www.istidamah.com,https://kuwaitlocal.com/business/istidamah-environmental-solutions,https://www.facebook.com/Istidamah-Environmental-Solutions-140354276034627/info/?tab=page_info,,,,
Terra Garden Company,+96599448116,,,,,"Block No.2,Al-Rai",Al Farwaniyah Governorate,Kuwait,Terra Garden Company is Located in Kuwait,http://www.terragarden.net/,https://kuwaitlocal.com/business/terra-garden-company,https://www.facebook.com/q8terragarden/info/?tab=page_info,,,,
Van Guard Pest Control Company,+96590047536,+96590047537,,,info@vanguard-pest-control.com,Abraq Khaitan,Al Farwaniyah Governorate,Kuwait,"VANGUARD PEST CONTROL COMPANY WLL (KUWAIT) offering guaranteed pest control services ( SERVICES AT THEIR BEST ) against BED BUGS, COCKROACHES, RODANTS and all kind of insects. LET’S REMOVE THEIR HOMES BEFORE THEY REMOVE US FROM OUR HOME. Inspection is free and professional services with very reasonable charges. OUR CHARGES ARE TO SOLVE THE PROBLEM NOT ONLY TO SPRAY THE MEDICINES. Contact information 24756197, 90047536, 90047537. Visit at www.vanguard-pest-control.com For online booking and fu...",https://www.vanguard-pest-control.com,https://kuwaitlocal.com/business/van-guard-pest-control-company,,,,,
Focus Consultancy Services K.S.C.C,+965 22469916,,,,,"Aljon Center, Fahad Alsalem Street,Floor No.6th,Kuwait City",Capital Governorate,Kuwait,"Focus Consultancy Services, K.S.C.C. is engineering and management, consulting, and training firm located in Kuwait City downtown. FOCUS subsidiaries and divisions provide specialized consultancy and training services in Gas & Oil, Environmental, Financial and Project Management fields Focus affiliates with local and international consulting as well as training organizations to ensure its capability to provide its clients’ needs and the market demand in the highest standards.",http://focuskw.com/contact.html,https://kuwaitlocal.com/business/focus-consultancy-services-k-s-c-c,https://www.facebook.com/Focus-Consultancy-Services-196355660532121/info/?tab=page_info,,,https://twitter.com/focuskw,
BP Consultancy Company W.l.l,+96523262947,,,,,"Shuaiba Industrial Area,Subahiya",Al-Ahmadi Governorate,Kuwait,"With Headquarter in Kuwait City, BP Consultancy Co. W.L.L (BPC) provides a comprehensive and a unique Environmental Consultancy Services through its complete Environment Health and Safety Management Information Systems, Predictive Emission Monitoring System, Smart Manufacturing Technology, Air Quality Control Services, Chemical Emergency Solutions, Process safety, Risk Management and Security Consulatncy, and Professional Environmental Training that can deliver clarity and efficiency to Indus...",http://www.bpckuwait.com/,https://kuwaitlocal.com/business/bp-consultancy-company-w-l-l,,,https://www.linkedin.com/company/bp-consultancy-co.-w.l.l-bpc-,,
Salbookh Trading Company,,,,,,"Block 3,Salmiya",Hawalli Governorate,Kuwait,"The word ""Salbookh"" in the Arabic Kuwaiti dialogue means ""Crushed Stones"" or ""Aggregates"" in the English language. You would outline that for the focusing on crushed stones and aggregates as the main activity and domain, our company framed its name; ""Salbookh"" Trading Co. For dealing in a key material within the materials of the industries of Construction and Asphalt, STC was always developing new concepts for a distinguished relationship between herself as the source of the material and its ...",http://www.salbookh-group.com/,https://kuwaitlocal.com/business/salbookh-trading-company,,,,,
Washingtonia Agricultural Company W.l.l,+96566720739,+96560940219,,,,Kuwait City,Capital Governorate,Kuwait,"Washingtonia Agricultural Co. W.L.L has a great background full of large agricultural projects, the enclosed list is just an example to the most recent projects, and the enclosed list is just example to the most recent projects besides the projects which were achieved by the company as interior contractor. The activity of the company was enlarged especially after 1990 in the field of contracting as the company started to enter bids and other projects which were offered from governmental and l...",http://www.washingtoniaq8.com,https://kuwaitlocal.com/business/washingtonia-agricultural-company-w-l-l,https://www.facebook.com/Washingtoniaq8/photos,,,,
Zalzalah Agricultural Services & Contracting Company,+96599939925,,,,,Al-Rai,Al Farwaniyah Governorate,Kuwait,"Zalzalah Agricultural Services & Contracting Company is considered one of the leading companies in the field of agricultural in Kuwait, as it was established on 17th January 1978 by the contract of establishing a company with a limited responsibility with a capital of 10,000 KD only. Some modifications were done on the establishing contract on 29th July 1980 and raised the capital amount up to 500,000 KD only.",http://www.kuwaitcommercials.com,https://kuwaitlocal.com/business/zalzalah-agricultural-services-contracting-company,,,,,
Arab India Packing & Processing Industry - Sulaibiya,+96596964786,,,,,"UNIT NO 23, FOOD INSUSTRIES ZONE 1 ,Sulaibiyah",Al Jahra Governorate,Kuwait,"The company is packing wide range of products like food grains, sugar, spices, pulses, nuts and variety of other food stuffs. It has state-of-the-art manufacturing plant, managed by Professionals with the support and assistance of qualified and experienced technocrats and team of technically qualified people.",https://www.ormagroupintl.com,https://kuwaitlocal.com/business/arab-india-packing-processing-industry-sulaibiya,,,,,
White Stores Co - Shuwaikh,+965 24848355,,,,,"Industrial Area Street,Plot 91,Shuwaikh",Capital Governorate,Kuwait,White Stores Company.,http://whitestores.com/,https://kuwaitlocal.com/business/white-stores-co-shuwaikh,,,,,
Ace Hardware - Hawalli,,,,,,"Tunis Street, Opposite ,Al Ahli Banket, o,Hawally",Hawalli Governorate,Kuwait,"Ace Hardware, an America household name in hardware retailing has been in Kuwait since 1991. It opened its first and only store in Al Rai and through the years has blossomed to a 5,000 sq meter store with a wide range of items from niche departments of construction materials, home improvement items, maintenance products and DIY projects. From its humble beginning to what it is no w, Ace hardware has catered to the demand of customers who come to the store for quality products, affordable pric...",http://www.acekuwait.com/,https://kuwaitlocal.com/business/ace-hardware-hawalli,https://www.facebook.com/Acekuwait/,,,https://twitter.com/acekuwait,
Ace Hardware - Al Rai,+96524756233,+96524769105,+96524769457,,,"Al rai Industrial Area,Block 1,Street 9,Bldg 1196,Al-Rai",Al Farwaniyah Governorate,Kuwait,"Ace Hardware, an America household name in hardware retailing has been in Kuwait since 1991. It opened its first and only store in Al Rai and through the years has blossomed to a 5,000 sq meter store with a wide range of items from niche departments of construction materials, home improvement items, maintenance products and DIY projects. From its humble beginning to what it is no w, Ace hardware has catered to the demand of customers who come to the store for quality products, affordable pric...",http://www.acekuwait.com/,https://kuwaitlocal.com/business/ace-hardware-al-rai,https://www.facebook.com/Acekuwait/?hc_ref=SEARCH&fref=nf,,,https://twitter.com/acekuwait,
Al Maha Agricultural Co Kuwait Saudi,+96550000737,+965 9559551,,,,"Abdali next to fire station,Abdali",Al Jahra Governorate,Kuwait,"We’ve come a long way since our visionary founders of Aladwani family , recognized an opportunity to transform Kuwait's traditional farming industry to meet the needs of our rapidly expanding domestic market. That was back in 1992. Today, we are the one of the leading Agricultural companies in the Middle East with a rigid reputation and a clear vision: to provide quality, nutritious food and products to our valuable consumers. Recently, we expanded our chain in KSA and Egypt and more countrie...",https://www.almahakw.com,https://kuwaitlocal.com/business/al-maha-agricultural-co-kuwait-saudi,,https://www.instagram.com/almahakw/,,,https://www.youtube.com/watch?v=29GBSjeKIV0
Alayees,,,,,,"Central fruits and vegetable market, Zone No-17 First floor, Room no-10,Subahiya",Al-Ahmadi Governorate,Kuwait,"Since the year 1990 Alayees has grown to become one of the premier fruit and vegetable importers and distributors in Kuwait and has gained an enviable reputation as a company with a fresh, energetic and individualized approach to procurement and marketing. Handling millions of boxes of fresh produce annually, Alayees imports from countries like France, Chile, Italy, Holland, Africa, Egypt, Jordan, Turkey, China, India, Pakistan, Srilanka, Bangladesh, Saudi Arabia, Oman and UAE by Air, sea and...",http://www.alayees.com/,https://kuwaitlocal.com/business/alayees,,,,,
Mazarana Alalmiya,+96596003535,,,,,"Farwaniya cut 5 dispensary Ghazali Street,Farwaniya",Al Farwaniyah Governorate,Kuwait,"Global company in Kuwait, our farms",http://mzar3naq8.com/,https://kuwaitlocal.com/business/mazarana-alalmiya,https://www.facebook.com/Mazaranaq8/,,,,
VERMINEX PEST CONTROL,+96525741116,+96525741117,,,,"Salem Al Mubarak Street, Mariam Complex, 22060,Salmiya",Hawalli Governorate,Kuwait,Pest & Rodent Control Termite Control Fumigation,http://www.verminex.net/,https://kuwaitlocal.com/business/verminex-pest-control,,,,,
Alforda Central Fruits and Vegetables Market,+965 24643102,+965 24643000,,,,"Central Fruits and Vegetable Market,Kabd",Al Jahra Governorate,Kuwait,"Al Forda Central Fruits and Vegetables Market is Kuwait's largest wholesale hub for fresh produce, located in Sulaibiya . Established in 2000 under the Build-Operate-Transfer (BOT) model, this market caters to a wide range of buyers, from individual consumers to retailers and wholesalers. Spread across a massive area of 300,000 square meters , it offers a diverse selection of local and imported fruits and vegetables, ensuring freshness and quality. Designed for convenience, Al Forda features ...",http://alforda.com/,https://kuwaitlocal.com/business/alforda-shop,,,,,
AaBzZ Clothes,,,,,,"al gani,Hawally",Hawalli Governorate,Kuwait,We design your dream. Indian Boutique in Kuwait. Best place to buy indian clothes online. Indian clothes in kuwait,http://aabzzclothskuwait.com/,https://kuwaitlocal.com/business/aabzz-clothes,https://www.facebook.com/aabzz.kuwait/,,,,
Shamrao Distributors,,,,,,Doha,Capital Governorate,Kuwait,Shamrao Distributors is famous for supplying the best-quality dairy items that are 100% fresh and tastes great. Our firm was established in 2017 and we have been able to make a strong impact on the market. Procurement We make sure only the finest quality products are supplied from our end and are totally free from contamination & adulteration. This is why we procure our products only from the trusted vendors who make these products under hygienic conditions using the latest technologies. All ...,https://www.shamraodistributors.co.in,https://kuwaitlocal.com/business/shamrao-distributors,,,,,
HANDYMAN SERVICES KUWAIT,+96599956911,+96599081204,+965 9995691,,,"Lulwah Al Mulla Complex, mezzanine office 12m Ibn Khaldoun Street.,Hawally",Hawalli Governorate,Kuwait,"HMS, offers a wide range of home repair services. The services are generally fairly minor tasks, if the problem becomes major a contractor is best suited to solve the difficulty. HMS will offer the value-added feature to pre-screen a contractor when it is unable to perform the repair. This will develop a trust bond with the customer so that when a more minor issue comes up the customer is more likely to call HMS due to their honesty displayed earlier. The goal is to not have any unsatisfied c...",https://www.q8hms.com,https://kuwaitlocal.com/business/handyman-services-kuwait,https://www.facebook.com/Handyman-Services-111589394910724/,https://www.instagram.com/handymanq8,,,
Al Ameen Trade Center,+96597993190,+96599795504,+96595580013,,,"Khalifa Al Jasim Street, Near National Paints,Shuwaikh",Capital Governorate,Kuwait,Retailer for Water pump Generator Electrical induction motor High pressure washer Hydro test pump Overhauling Motor Rewinding Workshop&more Construction Electrical Mechanical Safety Spare Parts Hardware Preventive Maintenance Corrective Maintenance Field Maintenance Overhauling Service For Generator,https://www.alameentradecenter.com,https://kuwaitlocal.com/business/al-ameen-trade-center,https://www.facebook.com/alameentradecenter/,https://www.instagram.com/alameentradecenter/,,https://twitter.com/alameentrade,
Cranskuwait Pest Control Services,+96597723707,,,,,"Ali Tower qibla Abdullah Mubarak Street,Mirqab",Capital Governorate,Kuwait,Cranskuwait Pest Control Services located in kuwait,https://cranskuwait.com,https://kuwaitlocal.com/business/cranskuwait-pest-control-services,,,,,
Fresh Island General Trading Co,+96522421170,,,,,"Fresh Island General Trading Company, Office 9, 17th Floor, Al Adala Tower, Building-15, Near Majid Round About,Mirqab",Capital Governorate,Kuwait,We are an Agro based Export import company who wish to Excel in providing our customers with an exceptional quality produce at a competitive pricing.,https://www.freshislandcompany.com,https://kuwaitlocal.com/business/fresh-island-general-trading-co-,,,,,
Go Fresh,+96594130211,,,,,Shuwaikh,Capital Governorate,Kuwait,"Go Fresh is based in Kuwait — An open market to fruits and vegetables. We have a team of highly experienced inspectors in Kuwait and the region who are constantly looking for new sources and opportunities. In fact, our mission is to inspect and fined the quality aimed for more than purchasing goods. In other words, we have more eyes and ears at the field and farm levels.Quality is the target in every aspect of the business. Growers and exporters frequently ask to ship their produce from all o...",https://www.gofreshkwt.com,https://kuwaitlocal.com/business/go-fresh,,https://instagram.com/gofresh.kwt?igshid=1oj8fhh4zpwz6,,,
Edible Arrangements Salmiya,,,,,,,Hawalli Governorate,Kuwait,Edible Arrangements Salmiya,https://www.ediblearrangements.com/?utm_source=kwredirect/,https://kuwaitlocal.com/business/edible-arrangements-salmiya,https://www.facebook.com/ediblearrangements,https://instagram.com/accounts/login/?next=/ediblearrangements/,,https://twitter.com/edible,https://www.youtube.com/ediblearrangements
Edible Arrangements Sharq,,,,,,,Capital Governorate,Kuwait,Edible Arrangements Sharq,https://www.ediblearrangements.com/?utm_source=kwredirect/,https://kuwaitlocal.com/business/edible-arrangements-sharq,https://www.facebook.com/ediblearrangements,https://instagram.com/accounts/login/?next=/ediblearrangements/,,https://twitter.com/edible,https://www.youtube.com/ediblearrangements
Gulf Agro Fish Fertilizer,+96567733900,,,,,Kuwait City,Capital Governorate,Kuwait,Gulf Company for Organic and Biological Fertilizers.,https://www.gulfagro.net,https://kuwaitlocal.com/business/gulf-agro-fish-fertiizer,,https://www.instagram.com/gulf_agro/,,,
Nebosh Oil and Gas,+96567097786,+96566040331,,+96567097786,,"Block: Grand Hyper, Street: 2nd floor, office number 10,Fahaheel",Al-Ahmadi Governorate,Kuwait,"Employees can contribute to workplace safety by following safety protocols, reporting hazards promptly, and actively participating in safety training and initiatives.Enroll in NEBOSH IGC training with NCB to obtain certification and enhance employability on a global scale. NEBOSH Oil and Gas",https://wa.me/96567097786,https://kuwaitlocal.com/business/nebosh-oil-and-gas,,https://www.instagram.com/ncb_997/?hl=en,https://www.linkedin.com/in/national-certification-bureau-ncb-a5a8141b6/,https://x.com/hse_ncb,
Alrabya co.,+96599108162,,,+96599108162,,Kuwait City,Capital Governorate,Kuwait,شركة الرابية لمقاولات تنظيف المباني شركة متخصصة في تنظيف المباني مكافحة الحشرات والقوارض صيانة الحدائق والنباتات الداخلية والخارجية انشاء حدائق Pest Control And Pest Management Providers We employ advanced and most updated Pest management techniques and strategies in order to guarantee our clients a long term Pest Free Environment. Call us for Best Service: (965) 991-08162,https://wa.me/96599108162,https://kuwaitlocal.com/business/alrabya-co,,,,,
