Name,Phone_1,Phone_2,Phone_3,Email,Location,Governorate,Country,About,Website,URL,Facebook,Instagram,LinkedIn,Twitter,YouTube
Dnata Travels - Kuwait City,+965 22454477,,,,Kuwait City,Capital Governorate,Kuwait,"An oasis on the coast of the Gulf, Kuwait is an attraction because of its breezy seaside location. Although diminutive in comparison to the countries which border it, Kuwait is rich in culture. It has many interesting museums as well as an attractive corniche with manicured sands and extravagant restaurants nearby. Visit dnata Travel in Kuwait and our multilingual staff will help you make the right choices for all your travel requirements. With over 50 years of experience and over 200 outlets...",,https://kuwaitlocal.com/business/dnata-travels-kuwait-city,,,,,
Faud Al Khaleej Hajj & Umrah Services - Salmiya,,,,Fuadalkhaleej@gmail.com,"Block 10,Salmiya",Hawalli Governorate,Kuwait,"We have weekly Umrah trips leaving Kuwait on Every Thursday, A/c Buses and accomodation in 4Star hotels and 500m from Haram trips starting from 17Jan 2013.. Managed by Hafiz Mohd Zaffer - Abu Fuad ( Well Experinced in this field) Call 99450572 Email: Fuadalkhaleej@gmail.com",,https://kuwaitlocal.com/business/faud-al-khaleej-hajj-umrah-services-salmiya,,,,,
TVS Travels and Cargo Fahaheel,+96597689099,+96523913309,+9659969249,,"Al Dabbous Building,block 7,Fahaheel",Al-Ahmadi Governorate,Kuwait,"Flagged off from a small unit, TVS Hyder Group is one among the leading Cargo and Travel operators having offices in Kuwait, India, Qatar and Sri Lanka. TVS is a group establishment of Mr. SM Hyder Ali - The Chairman with associate of more than 100 employees with 30 offices throughout the globe. We provide worldwide market coverage for our clients. Being one of the leading and trustworthy company, we have been able to provide most economical, faster transit time and a reliable services that a...",http://tvshydergroup.com/,https://kuwaitlocal.com/business/tvs-travels-and-cargo-fahaheel,,,,,
Tvs Travel Agency Farwaniya,+96594962410,+9659465710,+96599992352,,"Block 1,Street 71 Opposite SAS Indian Restaurant,Farwaniya",Al Farwaniyah Governorate,Kuwait,"Flagged off from a small unit, TVS Hyder Group is one among the leading Cargo and Travel operators having offices in Kuwait, India, Qatar and Sri Lanka. TVS is a group establishment of Mr. SM Hyder Ali - The Chairman with associate of more than 100 employees with 30 offices throughout the globe. We provide worldwide market coverage for our clients. Being one of the leading and trustworthy company, we have been able to provide most economical, faster transit time and a reliable services that a...",https://tvshydergroup.com/,https://kuwaitlocal.com/business/tvs-travel-agency-farwaniya,https://www.facebook.com/fly.tvs.71,,https://www.linkedin.com/,,https://www.youtube.com/channel/UCk2veL4WMvYRvDT62xkqbJw
Badur Travel - Jleeb Al Shouyoukh,+965 24311122,,,,"Jleeb Co Op,Block 1,Jleeb Al-Shuyoukh",Al Farwaniyah Governorate,Kuwait,"Badur Travel?is?the leading customer oriented travel agency network and ranks one amongst the top travel companies in Kuwait. We are proud and privileged to be serving corporate houses in Kuwait. We offer and meet client expectations for all their travel requirements. Badur Travel has achieved the confidence and success over past years through competent staff, efficient management with fully computerized worldwide reservation system and best business & leisure travel services.?Badur Travel, i...",http://www.badurtravel.com/,https://kuwaitlocal.com/business/badur-travel-jleeb-al-shouyoukh,,,,,
Badur Travel - Kuwait City,+965 22451555,,,,"Al Hilala Building,Al Soor Street,Block 10,Kuwait City",Capital Governorate,Kuwait,"Badur Travel?is?the leading customer oriented travel agency network and ranks one amongst the top travel companies in Kuwait. We are proud and privileged to be serving corporate houses in Kuwait. We offer and meet client expectations for all their travel requirements. Badur Travel has achieved the confidence and success over past years through competent staff, efficient management with fully computerized worldwide reservation system and best business & leisure travel services.?Badur Travel, i...",http://www.badurtravel.com/,https://kuwaitlocal.com/business/badur-travel-kuwait-city,,,,,
Badur Travel - Salmiya,+965 25647770,,,,"Ground Floor,Sharifa Abdul Aziz Abdullah Building,Shop No. 35,Essa Al Qatami Street,Block 10,Salmiya",Hawalli Governorate,Kuwait,"Badur Travel?is?the leading customer oriented travel agency network and ranks one amongst the top travel companies in Kuwait. We are proud and privileged to be serving corporate houses in Kuwait. We offer and meet client expectations for all their travel requirements. Badur Travel has achieved the confidence and success over past years through competent staff, efficient management with fully computerized worldwide reservation system and best business & leisure travel services.?Badur Travel, i...",http://www.badurtravel.com/,https://kuwaitlocal.com/business/badur-travel-salmiya,,,,,
Tvs Travel Agency Khaitan (Permanently closed),,,,,"Old Khaitan,Near New Pakistani School,Abraq Khaitan",Al Farwaniyah Governorate,Kuwait,"Flagged off from a small unit, TVS Hyder Group is one among the leading Cargo and Travel operators having offices in Kuwait, India, Qatar and Sri Lanka. TVS is a group establishment of Mr. SM Hyder Ali - The Chairman with associate of more than 100 employees with 30 offices throughout the globe. We provide worldwide market coverage for our clients. Being one of the leading and trustworthy company, we have been able to provide most economical, faster transit time and a reliable services that a...",https://tvshydergroup.com/,https://kuwaitlocal.com/business/tvs-travel-agency-khaitan,https://www.facebook.com/fly.tvs.71,,https://www.linkedin.com/,https://twitter.com/,https://www.youtube.com/channel/UCk2veL4WMvYRvDT62xkqbJw
TVS Travels and Cargo Mirqab,+96590026400,,,,"AL Taqqi Building Ground Floor, Near Round About Masjid , Mirqab ,Kuwait,Mirqab",Capital Governorate,Kuwait,"Flagged off from a small unit, TVS Hyder Group is one among the leading Cargo and Travel operators having offices in Kuwait, India, Qatar and Sri Lanka. TVS is a group establishment of Mr. SM Hyder Ali - The Chairman with associate of more than 100 employees with 30 offices throughout the globe. We provide worldwide market coverage for our clients. Being one of the leading and trustworthy company, we have been able to provide most economical, faster transit time and a reliable services that a...",http://tvshydergroup.com/,https://kuwaitlocal.com/business/tvs-travels-and-cargo-mirqab,,,,,
WTTS Travel And Tourism - Kuwait City 2,,,,,"Al Dawaliyah Complex,Ground Floor,Fahed Al Salem Street,Kuwait City",Capital Governorate,Kuwait,"As a leading travel management company, Al- Waseet Travel Services will handle all your travel requirements from A to Z. We will negotiate and assist you with corporate travel agreements, advise on travel policy, maintain a client profile, track your travel, adapt our accounting to suit yours and, of course, provide you with your own dedicated travel consultant(s). WTTS specializes in creating customized travel solutions for our corporate clients. Our goal is to offer a personal and professio...",http://www.alwaseettravel.com/,https://kuwaitlocal.com/business/wtts-travel-and-tourism-kuwait-city-2,https://www.facebook.com/wttscorp,,,https://twitter.com/alwaseettravel,
Badur Travel - Fahaheel,+965 23929354,,,,"Al Daboos Building,Daboos Street,Fahaheel",Al-Ahmadi Governorate,Kuwait,"Badur Travel?is?the leading customer oriented travel agency network and ranks one amongst the top travel companies in Kuwait. We are proud and privileged to be serving corporate houses in Kuwait. We offer and meet client expectations for all their travel requirements. Badur Travel has achieved the confidence and success over past years through competent staff, efficient management with fully computerized worldwide reservation system and best business & leisure travel services.?Badur Travel, i...",http://www.badurtravel.com/,https://kuwaitlocal.com/business/badur-travel-fahaheel,,,,,
WTTS Travel And Tourism - Kuwait City 1,,,,,"Kuwait Totwers,26th Floor,Fahed Al Salem Street,Kuwait City",Capital Governorate,Kuwait,"As a leading travel management company, Al- Waseet Travel Services will handle all your travel requirements from A to Z. We will negotiate and assist you with corporate travel agreements, advise on travel policy, maintain a client profile, track your travel, adapt our accounting to suit yours and, of course, provide you with your own dedicated travel consultant(s). WTTS specializes in creating customized travel solutions for our corporate clients. Our goal is to offer a personal and professio...",http://www.alwaseettravel.com/,https://kuwaitlocal.com/business/wtts-travel-and-tourism-kuwait-city-1,https://www.facebook.com/wttscorp,,,https://twitter.com/alwaseettravel,
Badur Travel Corporate - Kuwait City,+965 22451555,,,,"Al Hilala Building,Al Soor Street,Kuwait City",Capital Governorate,Kuwait,"Badur Travel?is?the leading customer oriented travel agency network and ranks one amongst the top travel companies in Kuwait. We are proud and privileged to be serving corporate houses in Kuwait. We offer and meet client expectations for all their travel requirements. Badur Travel has achieved the confidence and success over past years through competent staff, efficient management with fully computerized worldwide reservation system and best business & leisure travel services.?Badur Travel, i...",http://www.badurtravel.com/,https://kuwaitlocal.com/business/badur-travel-corporate-kuwait-city,,,,,
WTTS Travel And Tourism - Fahaheel,+965 23928405,,,,"Bldg #3,Shop #18,Makka Street,Fahaheel",Al-Ahmadi Governorate,Kuwait,"As a leading travel management company, Al- Waseet Travel Services will handle all your travel requirements from A to Z. We will negotiate and assist you with corporate travel agreements, advise on travel policy, maintain a client profile, track your travel, adapt our accounting to suit yours and, of course, provide you with your own dedicated travel consultant(s). WTTS specializes in creating customized travel solutions for our corporate clients. Our goal is to offer a personal and professio...",http://www.alwaseettravel.com/,https://kuwaitlocal.com/business/wtts-travel-and-tourism-fahaheel,https://www.facebook.com/wttscorp,,,https://twitter.com/alwaseettravel,
Jumbo Travels - Avenues Mall,+965 1801234,,,,"Avenues Mall,Opp to Carrerfour Cashier,Shop No G-205,Al-Rai",Al Farwaniyah Governorate,Kuwait,"Jumbo Travel, a share holding company, is one of the largest and most progressive travel management companies in Kuwait . Originally established in the 1970s, Jumbo Travel has 35 years of experience in providing a wide range of travel services for both corporate and individual customers. We work with the best service providers looking for the most innovative products and best value for money.Traveling for Business, Leisure, Adventure or Medicals ? Jumbo will bring a personal touch to its serv...",http://www.jumbotravels.com/,https://kuwaitlocal.com/business/jumbo-travels-avenues-mall,https://www.facebook.com/JumboTravelKuwait,http://instagram.com/jumbotravels,,https://twitter.com/JumboTravelskw,
Jumbo Travels - Fahaheel,+965 1801234,,,,"Al Anood Complex,Ground Floor opp Gad Restaurant,Mecca Street,Fahaheel",Al-Ahmadi Governorate,Kuwait,"Jumbo Travel, a share holding company, is one of the largest and most progressive travel management companies in Kuwait . Originally established in the 1970s, Jumbo Travel has 35 years of experience in providing a wide range of travel services for both corporate and individual customers. We work with the best service providers looking for the most innovative products and best value for money.Traveling for Business, Leisure, Adventure or Medicals ? Jumbo will bring a personal touch to its serv...",http://www.jumbotravels.com/,https://kuwaitlocal.com/business/jumbo-travels-fahaheel,https://www.facebook.com/JumboTravelKuwait,http://instagram.com/jumbotravels,,https://twitter.com/JumboTravelskw,
Captain Tours And Travels,+965 22455974,,,,"Opp Mc Donalds,Darwaza Abdul Razaq ,Kuwait City",Capital Governorate,Kuwait,"Captain Tours and Travels Co. is a full-service travel agency dedicated in providing corporate, leisure and meeting management services. Captain Tours and Travels Co. is able to provide a wide range of travel benefits, Holiday services to our customers. Captain Tours and Travels Co. has been operating over a last 5 years in Holiday Package and was certified by IATA by 2010. On the retail side, the Captain Tours and Travels Co. staff numbers 14 (combined companies employee count is 18). Though...",http://www.captaintoursandtravels.com/,https://kuwaitlocal.com/business/captain-tours-and-travels,,,,,
Al Rashed Travels - Bayan,+965 22591711,,,,"US Embassey,Bayan",Hawalli Governorate,Kuwait,"Many of the world’s leading corporate Groups began with the vision and drive of one individual. Back in 1911 when Kuwait was a modest trading, fishing and pearl diving community, a young man laid the foundation of what was to grow into one of Kuwait’s most successful companies based on firm principles of quality and reputation which deliver the highest levels of customer service. Abdulaziz Abdulmohsin Al-Rashed witnessed the remarkable transition in this small Gulf state with the discovery of...",http://www.alrashed.travel/,https://kuwaitlocal.com/business/al-rashed-travels-bayan,,,,,
Al Rashed Travels - Fahaheel,+965 23925116,,,,"Al Anood Complex,Mezzannine Floor,Mecca Street,Fahaheel",Al-Ahmadi Governorate,Kuwait,"Many of the world’s leading corporate Groups began with the vision and drive of one individual. Back in 1911 when Kuwait was a modest trading, fishing and pearl diving community, a young man laid the foundation of what was to grow into one of Kuwait’s most successful companies based on firm principles of quality and reputation which deliver the highest levels of customer service. Abdulaziz Abdulmohsin Al-Rashed witnessed the remarkable transition in this small Gulf state with the discovery of...",http://www.alrashed.travel/,https://kuwaitlocal.com/business/al-rashed-travels-fahaheel,,,,,
Badur Travel Holiday - Kuwait City,+965 22450419,,,,"Al Hilala Building,Al Soor Street,Kuwait City",Capital Governorate,Kuwait,"Badur Travel?is?the leading customer oriented travel agency network and ranks one amongst the top travel companies in Kuwait. We are proud and privileged to be serving corporate houses in Kuwait. We offer and meet client expectations for all their travel requirements. Badur Travel has achieved the confidence and success over past years through competent staff, efficient management with fully computerized worldwide reservation system and best business & leisure travel services.?Badur Travel, i...",http://www.badurtravel.com/,https://kuwaitlocal.com/business/badur-travel-holiday-kuwait-city,,,,,
Horizon Travel And Tourism - Hawally,+965 22450327,,,,"Dawliya Complex,Hawally",Hawalli Governorate,Kuwait,"Horizon Travel & Tourism is an IATA approved Travel Management Company in Kuwait catering to the travel needs of major multinational corporations, prominent local Kuwaiti firms as well as an exclusive list of individual clients. Launched in the summer of 2006, Horizon Travel & Tourism made its entry into the travel market with a vibrant and dynamic approach to corporate and business travel as well as to the increasing demand for personalized individual and leisure travel services. Currently w...",http://www.horizontrvl.com/,https://kuwaitlocal.com/business/horizon-travel-and-tourism-hawally,,,,,
Al Rashed Travels - Al Salam,+965 22422406,,,,"Mezzenine Floor,Al Salam Tower,Fahed Al Salem Street,Al-Salam",Hawalli Governorate,Kuwait,"Many of the world’s leading corporate Groups began with the vision and drive of one individual. Back in 1911 when Kuwait was a modest trading, fishing and pearl diving community, a young man laid the foundation of what was to grow into one of Kuwait’s most successful companies based on firm principles of quality and reputation which deliver the highest levels of customer service. Abdulaziz Abdulmohsin Al-Rashed witnessed the remarkable transition in this small Gulf state with the discovery of...",http://www.alrashed.travel/,https://kuwaitlocal.com/business/al-rashed-travels-al-salam,,,,,
Jumbo Travels - Kuwait City,+965 1801234,,,,"Fahed Al Salem Street,Opp to Municipal Park,Kuwait City",Capital Governorate,Kuwait,"Jumbo Travel, a share holding company, is one of the largest and most progressive travel management companies in Kuwait . Originally established in the 1970s, Jumbo Travel has 35 years of experience in providing a wide range of travel services for both corporate and individual customers. We work with the best service providers looking for the most innovative products and best value for money.Traveling for Business, Leisure, Adventure or Medicals ? Jumbo will bring a personal touch to its serv...",http://www.jumbotravels.com/,https://kuwaitlocal.com/business/jumbo-travels-kuwait-city,https://www.facebook.com/JumboTravelKuwait,http://instagram.com/jumbotravels,,https://twitter.com/JumboTravelskw,
Al Rashed Travels - Kuwait City,+965 24731235,,,,"Al Rashed Complex,Ground Floor,Ali Al Salem Street,Kuwait City",Capital Governorate,Kuwait,"Many of the world’s leading corporate Groups began with the vision and drive of one individual. Back in 1911 when Kuwait was a modest trading, fishing and pearl diving community, a young man laid the foundation of what was to grow into one of Kuwait’s most successful companies based on firm principles of quality and reputation which deliver the highest levels of customer service. Abdulaziz Abdulmohsin Al-Rashed witnessed the remarkable transition in this small Gulf state with the discovery of...",http://www.alrashed.travel/,https://kuwaitlocal.com/business/al-rashed-travels-kuwait-city,,,,,
B And S Travel Agency Co - Hawally,+965 1828456,,,,"Lbn Khaldoon Street,Loaloah Lbn Khaldoon Complex,Hawally",Hawalli Governorate,Kuwait,"B and S travel agency has been always a full-service travel company. Our reputation for excellence is earned every day by providing the best services and personal attention for each of our customers. We are an IATA member and a winner of many certificate travel awards as well. Since our founding in 1995, we have striven to make the travel easy, worry free and budget low, to complete these tasks we have hired a professional team to insure the complete satisfaction of each customer needs. Our a...",https://www.bstravelonline.com,https://kuwaitlocal.com/business/b-and-s-travel-agency-co-hawally,https://www.facebook.com/pages/B-and-S-Travel-Agency/221853387904736,,,https://twitter.com/BandsTravel,
Horizon Travel And Tourism - Sharq,+965 22924426,,,,"Al Babtain Culture Tower,Abdulla Al Salem Street,Sharq",Capital Governorate,Kuwait,"Horizon Travel & Tourism is an IATA approved Travel Management Company in Kuwait catering to the travel needs of major multinational corporations, prominent local Kuwaiti firms as well as an exclusive list of individual clients. Launched in the summer of 2006, Horizon Travel & Tourism made its entry into the travel market with a vibrant and dynamic approach to corporate and business travel as well as to the increasing demand for personalized individual and leisure travel services. Currently w...",http://www.horizontrvl.com/,https://kuwaitlocal.com/business/horizon-travel-and-tourism-sharq,,,,,
That Al Salasil - Airport Show Room - Airport 6,,,,,"La Casa Del Habano,Kuwait International Airport Departure Mall,Egaila",Al-Ahmadi Governorate,Kuwait,"Recognized experience in Brand Management since 1972 Located in Kuwait, our company specializes in different business sectors ranging from retail, printing and publishing, to travel and tourism with a presence in the airport, shopping malls, and major hotels all over the country.",http://www.thatalsalasil.com.kw/,https://kuwaitlocal.com/business/that-al-salasil-airport-show-room-airport-6,https://www.facebook.com/thatalsalasilbookstore,https://instagram.com/thatalsalasil,,https://twitter.com/thatalsalasil,https://www.youtube.com/watch?v=UfgBefG46s13
That Al Salasil - Airport Show Room - Airport 4,,,,,"Bookshop,Sheikh Saad General Aviation Terminal,Egaila",Al-Ahmadi Governorate,Kuwait,"Recognized experience in Brand Management since 1972 Located in Kuwait, our company specializes in different business sectors ranging from retail, printing and publishing, to travel and tourism with a presence in the airport, shopping malls, and major hotels all over the country.",http://www.thatalsalasil.com.kw/,https://kuwaitlocal.com/business/that-al-salasil-airport-show-room-airport-4,https://www.facebook.com/thatalsalasilbookstore,https://instagram.com/thatalsalasil,,https://twitter.com/thatalsalasil,https://www.youtube.com/watch?v=UfgBefG46s11
That Al Salasil - Airport Show Room - Airport 9,,,,,"Mini Market II,Kuwait International Airport Departure Mall,Egaila",Al-Ahmadi Governorate,Kuwait,"Recognized experience in Brand Management since 1972 Located in Kuwait, our company specializes in different business sectors ranging from retail, printing and publishing, to travel and tourism with a presence in the airport, shopping malls, and major hotels all over the country.",http://www.thatalsalasil.com.kw/,https://kuwaitlocal.com/business/that-al-salasil-airport-show-room-airport-9,https://www.facebook.com/thatalsalasilbookstore,https://instagram.com/thatalsalasil,,https://twitter.com/thatalsalasil,https://www.youtube.com/watch?v=UfgBefG46s16
That Al Salasil - Airport Show Room - Airport 7,,,,,"Market,Kuwait International Airport Arrival Mall,Egaila",Al-Ahmadi Governorate,Kuwait,"Recognized experience in Brand Management since 1972 Located in Kuwait, our company specializes in different business sectors ranging from retail, printing and publishing, to travel and tourism with a presence in the airport, shopping malls, and major hotels all over the country.",http://www.thatalsalasil.com.kw/,https://kuwaitlocal.com/business/that-al-salasil-airport-show-room-airport-7,https://www.facebook.com/thatalsalasilbookstore,https://instagram.com/thatalsalasil,,https://twitter.com/thatalsalasil,https://www.youtube.com/watch?v=UfgBefG46s14
That Al Salasil - Airport Show Room - Airport 8,,,,,"Mini Market I,Kuwait International Airport Departure Mall,Egaila",Al-Ahmadi Governorate,Kuwait,"Recognized experience in Brand Management since 1972 Located in Kuwait, our company specializes in different business sectors ranging from retail, printing and publishing, to travel and tourism with a presence in the airport, shopping malls, and major hotels all over the country.",http://www.thatalsalasil.com.kw/,https://kuwaitlocal.com/business/that-al-salasil-airport-show-room-airport-8,https://www.facebook.com/thatalsalasilbookstore,https://instagram.com/thatalsalasil,,https://twitter.com/thatalsalasil,https://www.youtube.com/watch?v=UfgBefG46s15
B And S Travel Agency Co - Kuwait City,+965 1828456,,,,"Al Dawlia Complex,Fahed Al Salem Street,Kuwait City",Capital Governorate,Kuwait,"B and S travel agency has been always a full-service travel company. Our reputation for excellence is earned every day by providing the best services and personal attention for each of our customers. We are an IATA member and a winner of many certificate travel awards as well. Since our founding in 1995, we have striven to make the travel easy, worry free and budget low, to complete these tasks we have hired a professional team to insure the complete satisfaction of each customer needs. Our a...",https://www.bstravelonline.com,https://kuwaitlocal.com/business/b-and-s-travel-agency-co-kuwait-city,https://www.facebook.com/pages/B-and-S-Travel-Agency/221853387904736,,,https://twitter.com/BandsTravel,
That Al Salasil - Airport Show Room - Airport 2,,,,,"Bookshop,Departure Mall,Egaila",Al-Ahmadi Governorate,Kuwait,"Recognized experience in Brand Management since 1972 Located in Kuwait, our company specializes in different business sectors ranging from retail, printing and publishing, to travel and tourism with a presence in the airport, shopping malls, and major hotels all over the country.",http://www.thatalsalasil.com.kw/,https://kuwaitlocal.com/business/that-al-salasil-airport-show-room-airport-2,https://www.facebook.com/thatalsalasilbookstore,https://instagram.com/thatalsalasil,,https://twitter.com/thatalsalasil,https://www.youtube.com/watch?v=UfgBefG46s9
That Al Salasil - Airport Show Room - Airport 1,,,,,"Bookshop,Arrival Mall,Egaila",Al-Ahmadi Governorate,Kuwait,"Recognized experience in Brand Management since 1972 Located in Kuwait, our company specializes in different business sectors ranging from retail, printing and publishing, to travel and tourism with a presence in the airport, shopping malls, and major hotels all over the country.",http://www.thatalsalasil.com.kw/,https://kuwaitlocal.com/business/that-al-salasil-airport-show-room-airport-1,https://www.facebook.com/thatalsalasilbookstore,https://instagram.com/thatalsalasil,,https://twitter.com/thatalsalasil,https://www.youtube.com/watch?v=UfgBefG46s8
That Al Salasil - Airport Show Room - Airport 5,,,,,"Al Sawani Center,Sheikh Saad General Aviation Terminal,Egaila",Al-Ahmadi Governorate,Kuwait,"Recognized experience in Brand Management since 1972 Located in Kuwait, our company specializes in different business sectors ranging from retail, printing and publishing, to travel and tourism with a presence in the airport, shopping malls, and major hotels all over the country.",http://www.thatalsalasil.com.kw/,https://kuwaitlocal.com/business/that-al-salasil-airport-show-room-airport-5,https://www.facebook.com/thatalsalasilbookstore,https://instagram.com/thatalsalasil,,https://twitter.com/thatalsalasil,https://www.youtube.com/watch?v=UfgBefG46s12
That Al Salasil - Airport Show Room - Airport,+965 3333333,,,,"home,Egaila",Al-Ahmadi Governorate,Kuwait,"Recognized experience in Brand Management since 1972 Located in Kuwait, our company specializes in different business sectors ranging from retail, printing and publishing, to travel and tourism with a presence in the airport, shopping malls, and major hotels all over the country.",http://www.thatalsalasil.com.kw/,https://kuwaitlocal.com/business/that-al-salasil-airport-show-room-airport-10,https://www.facebook.com/thatalsalasilbookstore,https://instagram.com/thatalsalasil,,https://twitter.com/thatalsalasil,https://www.youtube.com/watch?v=UfgBefG46s17
That Al Salasil - Airport Show Room - Airport 3,,,,,"Bookshop,Safir Airport Hotel,Egaila",Al-Ahmadi Governorate,Kuwait,"Recognized experience in Brand Management since 1972 Located in Kuwait, our company specializes in different business sectors ranging from retail, printing and publishing, to travel and tourism with a presence in the airport, shopping malls, and major hotels all over the country.",http://www.thatalsalasil.com.kw/,https://kuwaitlocal.com/business/that-al-salasil-airport-show-room-airport-3,https://www.facebook.com/thatalsalasilbookstore,https://instagram.com/thatalsalasil,,https://twitter.com/thatalsalasil,https://www.youtube.com/watch?v=UfgBefG46s10
That Al Salasil - Fashion And Accessories - Airport,,,,,"Furla,Al Sawani Center,Egaila",Al-Ahmadi Governorate,Kuwait,"Recognized experience in Brand Management since 1972 Located in Kuwait, our company specializes in different business sectors ranging from retail, printing and publishing, to travel and tourism with a presence in the airport, shopping malls, and major hotels all over the country.",http://www.thatalsalasil.com.kw/,https://kuwaitlocal.com/business/that-al-salasil-fashion-and-accessories-airport,https://www.facebook.com/thatalsalasilbookstore,https://instagram.com/thatalsalasil,,https://twitter.com/thatalsalasil,https://www.youtube.com/watch?v=UfgBefG46s19
That Al Salasil - Fashion And Accessories - Salmiya,,,,,"Al Sawani Center,Marina Mall,Salmiya",Hawalli Governorate,Kuwait,"Recognized experience in Brand Management since 1972 Located in Kuwait, our company specializes in different business sectors ranging from retail, printing and publishing, to travel and tourism with a presence in the airport, shopping malls, and major hotels all over the country.",http://www.thatalsalasil.com.kw/,https://kuwaitlocal.com/business/that-al-salasil-fashion-and-accessories-salmiya,https://www.facebook.com/thatalsalasilbookstore,https://instagram.com/thatalsalasil,,https://twitter.com/thatalsalasil,https://www.youtube.com/watch?v=UfgBefG46s24
That Al Salasil - Fashion And Accessories - Al Rai 2,,,,,"EdHardy,Avenues Mall,Al-Rai",Al Farwaniyah Governorate,Kuwait,"Recognized experience in Brand Management since 1972 Located in Kuwait, our company specializes in different business sectors ranging from retail, printing and publishing, to travel and tourism with a presence in the airport, shopping malls, and major hotels all over the country.",http://www.thatalsalasil.com.kw/,https://kuwaitlocal.com/business/that-al-salasil-fashion-and-accessories-al-rai-2,https://www.facebook.com/thatalsalasilbookstore,https://instagram.com/thatalsalasil,,https://twitter.com/thatalsalasil,https://www.youtube.com/watch?v=UfgBefG46s21
That Al Salasil - Fashion And Accessories - Al Rai 1,,,,,"Hackett,Avenues Mall,Al-Rai",Al Farwaniyah Governorate,Kuwait,"Recognized experience in Brand Management since 1972 Located in Kuwait, our company specializes in different business sectors ranging from retail, printing and publishing, to travel and tourism with a presence in the airport, shopping malls, and major hotels all over the country.",http://www.thatalsalasil.com.kw/,https://kuwaitlocal.com/business/that-al-salasil-fashion-and-accessories-al-rai-1,https://www.facebook.com/thatalsalasilbookstore,https://instagram.com/thatalsalasil,,https://twitter.com/thatalsalasil,https://www.youtube.com/watch?v=UfgBefG46s20
That Al Salasil - Fashion And Accessories - Kuwait City,,,,,"Al Sawani Center,Ministry Complex,Kuwait City",Capital Governorate,Kuwait,"Recognized experience in Brand Management since 1972 Located in Kuwait, our company specializes in different business sectors ranging from retail, printing and publishing, to travel and tourism with a presence in the airport, shopping malls, and major hotels all over the country.",http://www.thatalsalasil.com.kw/,https://kuwaitlocal.com/business/that-al-salasil-fashion-and-accessories-kuwait-city-2,https://www.facebook.com/thatalsalasilbookstore,https://instagram.com/thatalsalasil,,https://twitter.com/thatalsalasil,https://www.youtube.com/watch?v=UfgBefG46s25
That Al Salasil - Book Shop - Salhiya,,,,,"Salhiya,Salhiya",Capital Governorate,Kuwait,"Recognized experience in Brand Management since 1972 Located in Kuwait, our company specializes in different business sectors ranging from retail, printing and publishing, to travel and tourism with a presence in the airport, shopping malls, and major hotels all over the country.",http://www.thatalsalasil.com.kw/,https://kuwaitlocal.com/business/that-al-salasil-book-shop-salhiya-2,https://www.facebook.com/thatalsalasilbookstore,https://instagram.com/thatalsalasil,,https://twitter.com/thatalsalasil,https://www.youtube.com/watch?v=UfgBefG46s29
That Al Salasil - Book Shop - Kuwait City 1,,,,,"Ministry Complex,Kuwait City",Capital Governorate,Kuwait,"Recognized experience in Brand Management since 1972 Located in Kuwait, our company specializes in different business sectors ranging from retail, printing and publishing, to travel and tourism with a presence in the airport, shopping malls, and major hotels all over the country.",http://www.thatalsalasil.com.kw/,https://kuwaitlocal.com/business/that-al-salasil-book-shop-kuwait-city-1-1,https://www.facebook.com/thatalsalasilbookstore,https://instagram.com/thatalsalasil,,https://twitter.com/thatalsalasil,https://www.youtube.com/watch?v=UfgBefG46s30
That Al Salasil - Fashion And Accessories - Hawally,,,,,"Al Sawani Center,Mohallab Mall,Hawally",Hawalli Governorate,Kuwait,"Recognized experience in Brand Management since 1972 Located in Kuwait, our company specializes in different business sectors ranging from retail, printing and publishing, to travel and tourism with a presence in the airport, shopping malls, and major hotels all over the country.",http://www.thatalsalasil.com.kw/,https://kuwaitlocal.com/business/that-al-salasil-fashion-and-accessories-hawally,https://www.facebook.com/thatalsalasilbookstore,https://instagram.com/thatalsalasil,,https://twitter.com/thatalsalasil,https://www.youtube.com/watch?v=UfgBefG46s26
That Al Salasil - Fashion And Accessories - Kuwait City 2,,,,,"Al Sawani Center,Al Muthana Complex, Salhiya Road,Kuwait City",Capital Governorate,Kuwait,"Recognized experience in Brand Management since 1972 Located in Kuwait, our company specializes in different business sectors ranging from retail, printing and publishing, to travel and tourism with a presence in the airport, shopping malls, and major hotels all over the country.",http://www.thatalsalasil.com.kw/,https://kuwaitlocal.com/business/that-al-salasil-fashion-and-accessories-kuwait-city-2-1,https://www.facebook.com/thatalsalasilbookstore,https://instagram.com/thatalsalasil,,https://twitter.com/thatalsalasil,https://www.youtube.com/watch?v=UfgBefG46s27
That Al Salasil - Fashion And Accessories - Al Rai 3,,,,,"Rocobarrocco Corner,Avenues Mall,Al-Rai",Al Farwaniyah Governorate,Kuwait,"Recognized experience in Brand Management since 1972 Located in Kuwait, our company specializes in different business sectors ranging from retail, printing and publishing, to travel and tourism with a presence in the airport, shopping malls, and major hotels all over the country.",http://www.thatalsalasil.com.kw/,https://kuwaitlocal.com/business/that-al-salasil-fashion-and-accessories-al-rai-3,https://www.facebook.com/thatalsalasilbookstore,https://instagram.com/thatalsalasil,,https://twitter.com/thatalsalasil,https://www.youtube.com/watch?v=UfgBefG46s22
That Al Salasil - Book Shop - Kuwait City,,,,,"Chairman's Club,Kuwait City",Capital Governorate,Kuwait,"Recognized experience in Brand Management since 1972 Located in Kuwait, our company specializes in different business sectors ranging from retail, printing and publishing, to travel and tourism with a presence in the airport, shopping malls, and major hotels all over the country.",http://www.thatalsalasil.com.kw/,https://kuwaitlocal.com/business/that-al-salasil-book-shop-kuwait-city-5,https://www.facebook.com/thatalsalasilbookstore,https://instagram.com/thatalsalasil,,https://twitter.com/thatalsalasil,https://www.youtube.com/watch?v=UfgBefG46s32
That Al Salasil - Book Shop - Farwaniya,,,,,"Crown Plaza,Farwaniya",Al Farwaniyah Governorate,Kuwait,"Recognized experience in Brand Management since 1972 Located in Kuwait, our company specializes in different business sectors ranging from retail, printing and publishing, to travel and tourism with a presence in the airport, shopping malls, and major hotels all over the country.",http://www.thatalsalasil.com.kw/,https://kuwaitlocal.com/business/that-al-salasil-book-shop-farwaniya,https://www.facebook.com/thatalsalasilbookstore,https://instagram.com/thatalsalasil,,https://twitter.com/thatalsalasil,https://www.youtube.com/watch?v=UfgBefG46s31
That Al Salasil - Book Shop - Salmiya,,,,,Salmiya,Hawalli Governorate,Kuwait,"Recognized experience in Brand Management since 1972 Located in Kuwait, our company specializes in different business sectors ranging from retail, printing and publishing, to travel and tourism with a presence in the airport, shopping malls, and major hotels all over the country.",http://www.thatalsalasil.com.kw/,https://kuwaitlocal.com/business/that-al-salasil-book-shop-salmiya-4,https://www.facebook.com/thatalsalasilbookstore,https://instagram.com/thatalsalasil,,https://twitter.com/thatalsalasil,https://www.youtube.com/watch?v=UfgBefG46s28
That Al Salasil - Book Shop - Samiya 3,,,,,"Marina Hotel,Salmiya",Hawalli Governorate,Kuwait,"Recognized experience in Brand Management since 1972 Located in Kuwait, our company specializes in different business sectors ranging from retail, printing and publishing, to travel and tourism with a presence in the airport, shopping malls, and major hotels all over the country.",http://www.thatalsalasil.com.kw/,https://kuwaitlocal.com/business/that-al-salasil-book-shop-samiya-3,https://www.facebook.com/thatalsalasilbookstore,https://instagram.com/thatalsalasil,,https://twitter.com/thatalsalasil,https://www.youtube.com/watch?v=UfgBefG46s34
That Al Salasil - Book Shop - Salmiya 4,,,,,"Movenpick Hotel,Salmiya",Hawalli Governorate,Kuwait,"Recognized experience in Brand Management since 1972 Located in Kuwait, our company specializes in different business sectors ranging from retail, printing and publishing, to travel and tourism with a presence in the airport, shopping malls, and major hotels all over the country.",http://www.thatalsalasil.com.kw/,https://kuwaitlocal.com/business/that-al-salasil-book-shop-salmiya-4-1,https://www.facebook.com/thatalsalasilbookstore,https://instagram.com/thatalsalasil,,https://twitter.com/thatalsalasil,https://www.youtube.com/watch?v=UfgBefG46s36
That Al Salasil - Dining - Salmiya 1,,,,,"Al Beda,Salmiya",Hawalli Governorate,Kuwait,"Recognized experience in Brand Management since 1972 Located in Kuwait, our company specializes in different business sectors ranging from retail, printing and publishing, to travel and tourism with a presence in the airport, shopping malls, and major hotels all over the country.",http://www.thatalsalasil.com.kw/,https://kuwaitlocal.com/business/that-al-salasil-dining-salmiya-1,https://www.facebook.com/thatalsalasilbookstore,https://instagram.com/thatalsalasil,,https://twitter.com/thatalsalasil,https://www.youtube.com/watch?v=UfgBefG46s41
That Al Salasil - Book Shop - Salmiya 2,,,,,"Holiday Inn,Salmiya",Hawalli Governorate,Kuwait,"Recognized experience in Brand Management since 1972 Located in Kuwait, our company specializes in different business sectors ranging from retail, printing and publishing, to travel and tourism with a presence in the airport, shopping malls, and major hotels all over the country.",http://www.thatalsalasil.com.kw/,https://kuwaitlocal.com/business/that-al-salasil-book-shop-salmiya-2-1,https://www.facebook.com/thatalsalasilbookstore,https://instagram.com/thatalsalasil,,https://twitter.com/thatalsalasil,https://www.youtube.com/watch?v=UfgBefG46s33
That Al Salasil - Book Shop - Kuwait City 2,,,,,"Courtyard by Marriot,Kuwait City",Capital Governorate,Kuwait,"Recognized experience in Brand Management since 1972 Located in Kuwait, our company specializes in different business sectors ranging from retail, printing and publishing, to travel and tourism with a presence in the airport, shopping malls, and major hotels all over the country.",http://www.thatalsalasil.com.kw/,https://kuwaitlocal.com/business/that-al-salasil-book-shop-kuwait-city-2-1,https://www.facebook.com/thatalsalasilbookstore,https://instagram.com/thatalsalasil,,https://twitter.com/thatalsalasil,https://www.youtube.com/watch?v=UfgBefG46s35
That Al Salasil - Book Shop - Shuwailkh,,,,,"Free Trade Zone,Shuwaikh",Capital Governorate,Kuwait,"Recognized experience in Brand Management since 1972 Located in Kuwait, our company specializes in different business sectors ranging from retail, printing and publishing, to travel and tourism with a presence in the airport, shopping malls, and major hotels all over the country.",http://www.thatalsalasil.com.kw/,https://kuwaitlocal.com/business/that-al-salasil-book-shop-shuwailkh,https://www.facebook.com/thatalsalasilbookstore,https://instagram.com/thatalsalasil,,https://twitter.com/thatalsalasil,https://www.youtube.com/watch?v=UfgBefG46s38
Qatar Airways - Kuwait City 1,+965 24332332,,,,"Mezzanine Floor, Rakan Tower, Fahad Al Salem Street,Kuwait City",Capital Governorate,Kuwait,"n a relatively short time, Qatar Airways has grown to more than 140 destinations worldwide, offering unmatched levels of service excellence that have helped excel the award-winning carrier to become best in the world. Voted Airline of the Year 2011 and in 2012 in the prestigious Skytrax industry audit, Qatar Airways has won the confidence of the travelling public. Travel by air has reached the point where it is now taken for granted in all corners of the globe. With a larger number of passeng...",http://www.qatarairways.com/,https://kuwaitlocal.com/business/qatar-airways-kuwait-city-1,https://www.facebook.com/qatarairways,https://www.instagram.com/qatarairways/,https://www.linkedin.com/company/10834,https://twitter.com/qatarairways,https://www.youtube.com/user/qatarairways
That Al Salasil - Dining - Salmiya 2,,,,,"Marina Cresent,Salmiya",Hawalli Governorate,Kuwait,"Recognized experience in Brand Management since 1972 Located in Kuwait, our company specializes in different business sectors ranging from retail, printing and publishing, to travel and tourism with a presence in the airport, shopping malls, and major hotels all over the country.",http://www.thatalsalasil.com.kw/,https://kuwaitlocal.com/business/that-al-salasil-dining-salmiya-2,https://www.facebook.com/thatalsalasilbookstore,https://instagram.com/thatalsalasil,,https://twitter.com/thatalsalasil,https://www.youtube.com/watch?v=UfgBefG46s42
That Al Salasil - Book Shop - Al Rai,,,,,"Crown Plaza Farwaniya Kuwait,Al-Rai",Al Farwaniyah Governorate,Kuwait,"Recognized experience in Brand Management since 1972 Located in Kuwait, our company specializes in different business sectors ranging from retail, printing and publishing, to travel and tourism with a presence in the airport, shopping malls, and major hotels all over the country.",http://www.thatalsalasil.com.kw/,https://kuwaitlocal.com/business/that-al-salasil-book-shop-al-rai-1,https://www.facebook.com/thatalsalasilbookstore,https://instagram.com/thatalsalasil,,https://twitter.com/thatalsalasil,https://www.youtube.com/watch?v=UfgBefG46s40
Al Marwa Hajj & Umrah Services Co - Kuwait City,+96597174396,,,,"3rd Floor,Above Boubyan Bank,Al Jon Tower,Fahed Al Salem Street,Kuwait City",Capital Governorate,Kuwait,Al Marwa Hajj & Umrah Services Company is located in Kuwait.,http://www.almarwaco.com/,https://kuwaitlocal.com/business/al-marwa-hajj-umrah-services-co-kuwait-city,,,,,
That Al Salasil - Book Shop - Kaifan,,,,,"Kaifan Stadium,Kaifan",Capital Governorate,Kuwait,"Recognized experience in Brand Management since 1972 Located in Kuwait, our company specializes in different business sectors ranging from retail, printing and publishing, to travel and tourism with a presence in the airport, shopping malls, and major hotels all over the country.",http://www.thatalsalasil.com.kw/,https://kuwaitlocal.com/business/that-al-salasil-book-shop-kaifan,https://www.facebook.com/thatalsalasilbookstore,https://instagram.com/thatalsalasil,,https://twitter.com/thatalsalasil,https://www.youtube.com/watch?v=UfgBefG46s39
That Al Salasil - Book Shop - Kuwait City 3,,,,,"Sheraton Hotel and Tower,Kuwait City",Capital Governorate,Kuwait,"Recognized experience in Brand Management since 1972 Located in Kuwait, our company specializes in different business sectors ranging from retail, printing and publishing, to travel and tourism with a presence in the airport, shopping malls, and major hotels all over the country.",http://www.thatalsalasil.com.kw/,https://kuwaitlocal.com/business/that-al-salasil-book-shop-kuwait-city-3-1,https://www.facebook.com/thatalsalasilbookstore,https://instagram.com/thatalsalasil,,https://twitter.com/thatalsalasil,https://www.youtube.com/watch?v=UfgBefG46s37
Musaad Al-Saleh Travel Company - Fahaheel,+965 23926043,,,,Fahaheel,Al-Ahmadi Governorate,Kuwait,"Musaad Al-Saleh Travel Company(Close to You) ,we are the first travel agency operated in kuwait(Since 1951), our annual turnover is 10 Million Kuwaiti Dinar, MSTC is a sister company of Musaad Al-Saleh Group of companies that are leaders in their respective field. MSTC is one of the oldest companies in kuwait, with limited liability and a capital of 1,5 Million Kuwaiti",http://www.msstravel.net/,https://kuwaitlocal.com/business/musaad-al-saleh-travel-company-fahaheel,https://www.facebook.com/musaad.alsaleh.travel/,https://www.instagram.com/musaad.alsaleh.travel/?hl=en,,,
Ramsis Travels Cmpany - Farwaniya 1,+965 24729189,,,,"Nomas,Al Multaqa Tower,5th Floor,Farwaniya",Al Farwaniyah Governorate,Kuwait,"Ramses travels isn,t a traditional company but it,s an edifice that has flourished and grown up by honest. This huge tower was built on a block of clarity and the other of transparency .All of this leads to more success results in having 5 branches all over Kuwait through very short time. That means there was hard work, patience to build and desire to harvest. People`s trust was the ladder that Ramses travels used to step up towards the glory. As a result it has ascended to a very high positi...",http://ramsistrvl.com/,https://kuwaitlocal.com/business/ramsis-travels-cmpany-farwaniya-1,https://www.facebook.com/pages/RAMSIS-TRAVEL-CO-KUWAIT/161213194083467,,,,
Al Hadi Travel & Umrah - Khaitan,+96555844624,,,,"Block 9,Street 22,Office 2,Mezzanine Floor,Al Muhairy Commercial Complex,South Khaitan",Al Farwaniyah Governorate,Kuwait,"Al Hadi Travel & Umrah Services We Have following Facilities: 1.Bus Goes Every Wednesday & Thursday Block 9, Street 22,Office # 2, Mezzanine Floor, Al Muhairy Commercial Complex, Old Khaitan. (Near round about Khaitan Police Station,Behind Jamiah Khaitan) and Kuwait City 2. 4 Star Hotel In Makkkah 3. Building in Madina 5 mints walk to Haram. 4. Visa & hotel services available for private cars. 5. GMC Car With Driver is also availabe. 6. VIP SERVICE AVAILABLE GMC WITH DRIVER. 7. 45 KD Per Head...",http://www.alhaditravelumrah.com/,https://kuwaitlocal.com/business/al-hadi-travel-umrah-khaitan,,,,,
Ramsis Travels Cmpany - Qurtuba,+965 25355747,,,,Qurtuba,Hawalli Governorate,Kuwait,"Ramses travels isn,t a traditional company but it,s an edifice that has flourished and grown up by honest. This huge tower was built on a block of clarity and the other of transparency .All of this leads to more success results in having 5 branches all over Kuwait through very short time. That means there was hard work, patience to build and desire to harvest. People`s trust was the ladder that Ramses travels used to step up towards the glory. As a result it has ascended to a very high positi...",http://ramsistrvl.com/,https://kuwaitlocal.com/business/ramsis-travels-cmpany-qurtuba,https://www.facebook.com/pages/RAMSIS-TRAVEL-CO-KUWAIT/161213194083467,,,,
Musaad Al-Saleh Travel Company - Al Soor,+965 22455259,,,,"Al Soor,Kuwait City",Capital Governorate,Kuwait,"Musaad Al-Saleh Travel Company(Close to You) ,we are the first travel agency operated in kuwait(Since 1951), our annual turnover is 10 Million Kuwaiti Dinar, MSTC is a sister company of Musaad Al-Saleh Group of companies that are leaders in their respective field. MSTC is one of the oldest companies in kuwait, with limited liability and a capital of 1,5 Million Kuwaiti",http://www.msstravel.net/,https://kuwaitlocal.com/business/musaad-al-saleh-travel-company-al-soor,https://www.facebook.com/musaad.alsaleh.travel/,https://www.instagram.com/musaad.alsaleh.travel/?hl=en,,,
Ramsis Travels Cmpany - Farwaniya 2,+965 24737378,,,,Farwaniya,Al Farwaniyah Governorate,Kuwait,"Ramses travels isn,t a traditional company but it,s an edifice that has flourished and grown up by honest. This huge tower was built on a block of clarity and the other of transparency .All of this leads to more success results in having 5 branches all over Kuwait through very short time. That means there was hard work, patience to build and desire to harvest. People`s trust was the ladder that Ramses travels used to step up towards the glory. As a result it has ascended to a very high positi...",http://ramsistrvl.com/,https://kuwaitlocal.com/business/ramsis-travels-cmpany-farwaniya-2,https://www.facebook.com/pages/RAMSIS-TRAVEL-CO-KUWAIT/161213194083467,,,,
Ramsis Travels Cmpany - Hateen,+96597232595,,,,Hateen,Hawalli Governorate,Kuwait,"Ramses travels isn,t a traditional company but it,s an edifice that has flourished and grown up by honest. This huge tower was built on a block of clarity and the other of transparency .All of this leads to more success results in having 5 branches all over Kuwait through very short time. That means there was hard work, patience to build and desire to harvest. People`s trust was the ladder that Ramses travels used to step up towards the glory. As a result it has ascended to a very high positi...",http://ramsistrvl.com/,https://kuwaitlocal.com/business/ramsis-travels-cmpany-hateen,https://www.facebook.com/pages/RAMSIS-TRAVEL-CO-KUWAIT/161213194083467,,,,
Ramsis Travels Cmpany - Bayan,+965 25385760,,,,Bayan,Hawalli Governorate,Kuwait,"Ramses travels isn,t a traditional company but it,s an edifice that has flourished and grown up by honest. This huge tower was built on a block of clarity and the other of transparency .All of this leads to more success results in having 5 branches all over Kuwait through very short time. That means there was hard work, patience to build and desire to harvest. People`s trust was the ladder that Ramses travels used to step up towards the glory. As a result it has ascended to a very high positi...",http://ramsistrvl.com/,https://kuwaitlocal.com/business/ramsis-travels-cmpany-bayan,https://www.facebook.com/pages/RAMSIS-TRAVEL-CO-KUWAIT/161213194083467,,,,
Musaad Al-Saleh Travel Company - Kuwait City,+965 22405711,,,,"Alqiblah Salhiya Street Block 11 Building No 9 Sulaiman Alluhaib ,Kuwait City",Capital Governorate,Kuwait,"Musaad Al-Saleh Travel Company(Close to You) ,we are the first travel agency operated in kuwait(Since 1951), our annual turnover is 10 Million Kuwaiti Dinar, MSTC is a sister company of Musaad Al-Saleh Group of companies that are leaders in their respective field. MSTC is one of the oldest companies in kuwait, with limited liability and a capital of 1,5 Million Kuwaiti",http://www.mmstravel.net/,https://kuwaitlocal.com/business/musaad-al-saleh-travel-company-kuwait-city,https://www.facebook.com/mssholidays/info/?entry_point=page_nav_about_item&tab=page_info,,,,
Jumbo Travels - Khaitan,+965 24716463,,,,"Faiza Centre,Opposite Gulf Mart & Wafi Complex,Abraq Khaitan",Al Farwaniyah Governorate,Kuwait,"Jumbo Travel, a share holding company, is one of the largest and most progressive travel management companies in Kuwait . Originally established in the 1970s, Jumbo Travel has 35 years of experience in providing a wide range of travel services for both corporate and individual customers. We work with the best service providers looking for the most innovative products and best value for money.Traveling for Business, Leisure, Adventure or Medicals ? Jumbo will bring a personal touch to its serv...",http://www.jumbotravels.com/,https://kuwaitlocal.com/business/jumbo-travels-khaitan,https://www.facebook.com/JumboTravelKuwait,http://instagram.com/jumbotravels,,https://twitter.com/JumboTravelskw,
Qatar Airways - Kuwait City 2,,,,,"Rakkan Tower, Fahad Al Salem Street,Floor No.14,Kuwait City",Capital Governorate,Kuwait,"n a relatively short time, Qatar Airways has grown to more than 140 destinations worldwide, offering unmatched levels of service excellence that have helped excel the award-winning carrier to become best in the world. Voted Airline of the Year 2011 and in 2012 in the prestigious Skytrax industry audit, Qatar Airways has won the confidence of the travelling public. Travel by air has reached the point where it is now taken for granted in all corners of the globe. With a larger number of passeng...",http://www.qatarairways.com/,https://kuwaitlocal.com/business/qatar-airways-kuwait-city-2,https://www.facebook.com/qatarairways,https://www.instagram.com/qatarairways/,https://www.linkedin.com/company/10834,https://twitter.com/qatarairways,https://www.youtube.com/user/qatarairways
