Name,Phone_1,Phone_2,Phone_3,Location,Governorate,Country,About,Website,URL,Facebook,Instagram,Twitter,YouTube
Recovery Spa - Jabriya,,,,"Block 3,Street 104,Building 11,Next to Mc Donalds,Jabriya",Hawalli Governorate,Kuwait,recovery spa,,https://kuwaitlocal.com/business/recovery-spa-jabriya,,,,
Lavender Spa - Egaila,,,,"Al Biraq Mall,Tower,3rd Floor,Egaila",Al-Ahmadi Governorate,Kuwait,,,https://kuwaitlocal.com/business/lavender-spa-egaila,,,,
The Lounge Spa - Al Jabriya,,,,"Street 111,Block 1B,Abdulla Ali Dashti Street,Jabriya",Hawalli Governorate,Kuwait,The Lounge Spa is located in kuwait.,,https://kuwaitlocal.com/business/the-lounge-spa-al-jabriya,,,,
My Spa - Maidan Hawally,,,,"Baghdad Street,Building 17,Next to Al Habi Pharmacy,Hawally",Hawalli Governorate,Kuwait,,,https://kuwaitlocal.com/business/my-spa-maidan-hawally,,,,
Cloud Nine Spa,+96555901680,,,"ESA Al Qatami Street, Opposite to Kuwait India Optics,Salmiya",Hawalli Governorate,Kuwait,Spa services,,https://kuwaitlocal.com/business/cloud-nine-spa,,,,
Ayurveda Kerala,+96597632326,,,"Block 4, Street 5, Building no2, 1st Floor,,Jleeb Al-Shuyoukh",Al Farwaniyah Governorate,Kuwait,Ayurvedic services in Kuwait,,https://kuwaitlocal.com/business/ayurveda-kerala,,,,
The Lounger Spa,+96566320328,,,"Block 10, Building No 14,ESA Al Qatami Street, Near Salmiya Garden,Salmiya",Hawalli Governorate,Kuwait,Professional Message for men,,https://kuwaitlocal.com/business/the-lounger-spa,,,,
Tai Chi Massage Center - Al Shaab,,,,"Al Kindi Street,Al Shaab",Hawalli Governorate,Kuwait,Tai Chi Massage Center Which is Located in Kuwait,,https://kuwaitlocal.com/business/tai-chi-massage-center-al-shaab,,,,
Royal Massage for Men,+96560068190,+96560068916,,Salmiya,Hawalli Governorate,Kuwait,Men massage parlors,,https://kuwaitlocal.com/business/royal-massage-for-men,,,,
Thai Massage Institute - Salmiya,,,,"Street No.104,Salmiya",Hawalli Governorate,Kuwait,Thai Massage Institute Which is Located in Kuwait,,https://kuwaitlocal.com/business/thai-massage-institute-salmiya,,,,
Moroccs Legendary institute for Health Man,+96565063649,,,"Block 10 , Ayur Yoga Building, 2 nd floor,Salmiya",Hawalli Governorate,Kuwait,Spa for Men,,https://kuwaitlocal.com/business/moroccs-legendary-institute-for-health-man,,,,
Spa For Men - Permanently Closed,,,,"Abdulla Al Fadalah Street, Lane 17, Block 11, Building Number 4,Maidan Hawally",Hawalli Governorate,Kuwait,Massage full body massage hot oil or lotion Massage and tafreek Massage and shaving Massage and jacuzzi,,https://kuwaitlocal.com/business/spa-for-men,,,,
Virginia Spa for Men,+96551032999,,,"Block 10, on 5th ring road,Salmiya",Hawalli Governorate,Kuwait,Men massage parlors Men spa services,,https://kuwaitlocal.com/business/virginia-spa-for-men,,,,
Betola Massage,+96597400611,,,"Block: 28 Al Razi St, Abu Halifa, Kuwait, ,Abu Halifa",Al-Ahmadi Governorate,Kuwait,"Betola Massage Category: Massage Therapy Location: 28 Al Razi St, Abu Halifa, Kuwait Contact Information: Phone: +965 9740 0611 Operating Hours: 10:00 AM to 12:00 AM daily Description: Betola Massage offers professional massage services aimed at promoting relaxation and relieving stress. With a variety of techniques available, including therapeutic and deep tissue massages, Betola ensures a rejuvenating experience for all clients.",,https://kuwaitlocal.com/business/betola-massage,,,,
CEBU International Massage Center For Men - Salmiya,+96565924299,,,"Block 10,Avenue No.5,Al Mugera street,Salmiya",Hawalli Governorate,Kuwait,CEBU International Massage Center For Men Which is Located in Kuwait,,https://kuwaitlocal.com/business/cebu-international-massage-center-for-men-salmiya,https://www.facebook.com/CEBU-International-massage-center-for-men-1381689682135530/info/?tab=page_info,,,
Metropolis Spa for Men,+96597745812,,,"block 12, Al Mugherabin Street, oppositeAppolo Hospital,Salmiya",Hawalli Governorate,Kuwait,"Our world becomes more and more busier, and we need to take time out to relax and recharge our batteries. Wheather you have a whole day, one hour or 20 minutes, you will find something to pamper yourself with at Metropolis Spa. We use top quality products tailored to your unique lifestyle; you will feel refreshed and ready to face the world once more. Metropolis Spa will treat you to a full spa menu of treatments . We are using only natural ingredient s that offer proven benefits. To continue...",,https://kuwaitlocal.com/business/metropolis-spa-for-men,,https://www.instagram.com/metropolisspaformen/,,
Mustache Shop,+96551111441,,,"Al Andalus Complex Beirut Street,Hawally",Hawalli Governorate,Kuwait,The brand new moustache and beard cum hair styling salon and spa .IT'S OUR JOB TO MAKE YOU LOOK GOOD!,,https://kuwaitlocal.com/business/mustache-shop,,https://www.instagram.com/mustacheshopkw/,,
Time 2 Relax Beauty Parlour,,,,Kuwait City,Capital Governorate,Kuwait,"Time 2 Relax Spa ​,Massage,Manicure ​,Pedicure However Plaese Visit Time 2 Relax​.",,https://kuwaitlocal.com/business/time-2-relax-beauty-parlour,,https://www.instagram.com/time2relax_q8/,,
Imagine Men Spa,,,,"2 Salem Al Mubarak Street 7 Ln, Behind Holiday Inn,Salmiya",Hawalli Governorate,Kuwait,Imagine Men Spa Located in Salmiya Kuwait.,,https://kuwaitlocal.com/business/imagine-men-spa,https://www.facebook.com/imagine.spa.7/photos?lst=100033757057315%3A100004175708189%3A1564842095,https://www.instagram.com/imaginespa.kw/,,
Nino Men Spa,,,,"Sayeed Yaseen Street. Building 35, First floor,Salmiya",Hawalli Governorate,Kuwait,"Revitalized, Rejuvenate & be Stressed Free",,https://kuwaitlocal.com/business/nino-men-spa,https://www.facebook.com/Nino-Men-Spa-1406503862924001/,,,
Marito Men Salon Co,+96567676678,,,"Salmiya block 5 Qatar Street Parcel No.16949 Building No. 63 PACI No.17555088,Salmiya",Hawalli Governorate,Kuwait,Marito Men Salon Co,,https://kuwaitlocal.com/business/marito-men-salon-co,https://www.facebook.com/marito.salon/,,,
International Massage Spa,+96565037993,,,"Maidan 20011, Building 27 Humoud Al Nasser St, Salmiya, Kuwait,Salmiya",Hawalli Governorate,Kuwait,"The all-new International Massage Spa, there are all services, Turkish baths, Pharaonic baths, Moroccan baths, Staff Arabs, Indians, Philippines",,https://kuwaitlocal.com/business/international-massage-spa,,https://www.instagram.com/international_spa_massage/?igshid=YmMyMTA2M2Y%3D,,
Saraya Sultan Spa,+96567040209,+96555865121,,"Saraya Sultan Spa,Salmiya",Hawalli Governorate,Kuwait,Spa Saraya Sultan welcomes you where the elegance and sophistication in one place Moroccan bath Jacuzzi steam bag with black massage for reservations and inquiries cal us.,,https://kuwaitlocal.com/business/saraya-sultan-spa,,https://www.instagram.com/saraya.sultan/?hl=en,,
The Body Shop - Hawally,,,,"Beirut Street,Ground Floor,Hawally",Hawalli Governorate,Kuwait,"We believe true beauty comes from the heart. For us, beauty is much more than a pretty face. We make our products with love and care. We source some of the finest raw ingredients from the four corners of the globe. We harness the skills of artisan farmers and add our expertise to create effective products that are wonderful to use. We trade fairly so communities benefit as well as you. We never test on animals, and all our products are 100% vegetarian. We campaign with passion on issues close...",http://www.thebodyshop.in/,https://kuwaitlocal.com/business/the-body-shop-hawally-2,http://www.facebook.com/TheBodyShopInternational,,,http://www.youtube.com/user/thebodyshop
The Body Shop - Salmiya 2,,,,"Al Salem Mubarak St., Salmiya, Salmiya(Basement Level),Salmiya",Hawalli Governorate,Kuwait,"We believe true beauty comes from the heart. For us, beauty is much more than a pretty face. We make our products with love and care. We source some of the finest raw ingredients from the four corners of the globe. We harness the skills of artisan farmers and add our expertise to create effective products that are wonderful to use. We trade fairly so communities benefit as well as you. We never test on animals, and all our products are 100% vegetarian. We campaign with passion on issues close...",http://www.thebodyshop.in/,https://kuwaitlocal.com/business/the-body-shop-salmiya-2,http://www.facebook.com/TheBodyShopInternational,,,http://www.youtube.com/user/thebodyshop
The Body Shop - Al Surra,,,,"Qurtoba Cooperative,Al-Surra",Hawalli Governorate,Kuwait,"We believe true beauty comes from the heart. For us, beauty is much more than a pretty face. We make our products with love and care. We source some of the finest raw ingredients from the four corners of the globe. We harness the skills of artisan farmers and add our expertise to create effective products that are wonderful to use. We trade fairly so communities benefit as well as you. We never test on animals, and all our products are 100% vegetarian. We campaign with passion on issues close...",http://www.thebodyshop.in/,https://kuwaitlocal.com/business/the-body-shop-al-surra,http://www.facebook.com/TheBodyShopInternational,,,http://www.youtube.com/user/thebodyshop
The Body Shop - Marina Mall,,,,"Gulf Road,Marina Mall,Salmiya",Hawalli Governorate,Kuwait,"We believe true beauty comes from the heart. For us, beauty is much more than a pretty face. We make our products with love and care. We source some of the finest raw ingredients from the four corners of the globe. We harness the skills of artisan farmers and add our expertise to create effective products that are wonderful to use. We trade fairly so communities benefit as well as you. We never test on animals, and all our products are 100% vegetarian. We campaign with passion on issues close...",http://www.thebodyshop.in/,https://kuwaitlocal.com/business/the-body-shop-marina-mall,http://www.facebook.com/TheBodyShopInternational,,,http://www.youtube.com/user/thebodyshop
The Body Shop - Yarmouk,,,,"Yarmouk Cooperative Society,Abdulaziz Bin Baz St,Yarmouk",Capital Governorate,Kuwait,"We believe true beauty comes from the heart. For us, beauty is much more than a pretty face. We make our products with love and care. We source some of the finest raw ingredients from the four corners of the globe. We harness the skills of artisan farmers and add our expertise to create effective products that are wonderful to use. We trade fairly so communities benefit as well as you. We never test on animals, and all our products are 100% vegetarian. We campaign with passion on issues close...",http://www.thebodyshop.in/,https://kuwaitlocal.com/business/the-body-shop-yarmouk,http://www.facebook.com/TheBodyShopInternational,,,http://www.youtube.com/user/thebodyshop
The Body Shop - Hawally 1,,,,"Othman Street,43 Street,Hawally",Hawalli Governorate,Kuwait,"We believe true beauty comes from the heart. For us, beauty is much more than a pretty face. We make our products with love and care. We source some of the finest raw ingredients from the four corners of the globe. We harness the skills of artisan farmers and add our expertise to create effective products that are wonderful to use. We trade fairly so communities benefit as well as you. We never test on animals, and all our products are 100% vegetarian. We campaign with passion on issues close...",http://www.thebodyshop.in/,https://kuwaitlocal.com/business/the-body-shop-hawally-1,http://www.facebook.com/TheBodyShopInternational,,,http://www.youtube.com/user/thebodyshop
The Body Shop - Kaifan,,,,"Mezzanine Floor, New Mall, Keifan Cooperative Society,Kaifan",Capital Governorate,Kuwait,"We believe true beauty comes from the heart. For us, beauty is much more than a pretty face. We make our products with love and care. We source some of the finest raw ingredients from the four corners of the globe. We harness the skills of artisan farmers and add our expertise to create effective products that are wonderful to use. We trade fairly so communities benefit as well as you. We never test on animals, and all our products are 100% vegetarian. We campaign with passion on issues close...",http://www.thebodyshop.in/,https://kuwaitlocal.com/business/the-body-shop-kaifan,http://www.facebook.com/TheBodyShopInternational,,,http://www.youtube.com/user/thebodyshop
The Body Shop - Qadasiya,,,,"Near Qadsiya Cooperative,Qadsiya",Capital Governorate,Kuwait,"We believe true beauty comes from the heart. For us, beauty is much more than a pretty face. We make our products with love and care. We source some of the finest raw ingredients from the four corners of the globe. We harness the skills of artisan farmers and add our expertise to create effective products that are wonderful to use. We trade fairly so communities benefit as well as you. We never test on animals, and all our products are 100% vegetarian. We campaign with passion on issues close...",http://www.thebodyshop.in/,https://kuwaitlocal.com/business/the-body-shop-qadasiya,http://www.facebook.com/TheBodyShopInternational,,,http://www.youtube.com/user/thebodyshop
The Body Shop - Rawda,,,,"Rawda Cooperative,Block 2,Rawda",Capital Governorate,Kuwait,"We believe true beauty comes from the heart. For us, beauty is much more than a pretty face. We make our products with love and care. We source some of the finest raw ingredients from the four corners of the globe. We harness the skills of artisan farmers and add our expertise to create effective products that are wonderful to use. We trade fairly so communities benefit as well as you. We never test on animals, and all our products are 100% vegetarian. We campaign with passion on issues close...",http://www.thebodyshop.in/,https://kuwaitlocal.com/business/the-body-shop-rawda,http://www.facebook.com/TheBodyShopInternational,,,http://www.youtube.com/user/thebodyshop
Jo Malone,,,,"Grand Avenue,5th Ring Road,Al-Rai",Al Farwaniyah Governorate,Kuwait,"Jo Malone opened her first boutique in Walton Street, London, in 1994, with a flagship boutique in Sloane Street following in 1999.? Today Jo Malone is a global luxury lifestyle brand where customers will find exclusive lifestyle collection for the bath, body and home.Jo Malone operates in over 20 countries around the world, yet the seed philosophy remains the same as it has always been: elegant simplicity and craftsmanship to the highest standard, and always with a quintessentially British t...",http://www.jomalone.co.uk/,https://kuwaitlocal.com/business/jo-malone,,,,
The Body Shop - Sharq,,,,"Gulf Road,Near Souk Sharq,Sharq",Capital Governorate,Kuwait,"We believe true beauty comes from the heart. For us, beauty is much more than a pretty face. We make our products with love and care. We source some of the finest raw ingredients from the four corners of the globe. We harness the skills of artisan farmers and add our expertise to create effective products that are wonderful to use. We trade fairly so communities benefit as well as you. We never test on animals, and all our products are 100% vegetarian. We campaign with passion on issues close...",http://www.thebodyshop.in/,https://kuwaitlocal.com/business/the-body-shop-sharq,http://www.facebook.com/TheBodyShopInternational,,,http://www.youtube.com/user/thebodyshop
The Body Shop - Shamiya Co Op,,,,"Shamiya Co op,Salmiya",Hawalli Governorate,Kuwait,"We believe true beauty comes from the heart. For us, beauty is much more than a pretty face. We make our products with love and care. We source some of the finest raw ingredients from the four corners of the globe. We harness the skills of artisan farmers and add our expertise to create effective products that are wonderful to use. We trade fairly so communities benefit as well as you. We never test on animals, and all our products are 100% vegetarian. We campaign with passion on issues close...",http://www.thebodyshop.in/,https://kuwaitlocal.com/business/the-body-shop-shamiya-co-op,http://www.facebook.com/TheBodyShopInternational,,,http://www.youtube.com/user/thebodyshop
The Body Shop - The Avenues,,,,"The Avenues-Plot No.3,Al-Rai",Al Farwaniyah Governorate,Kuwait,"We believe true beauty comes from the heart. For us, beauty is much more than a pretty face. We make our products with love and care. We source some of the finest raw ingredients from the four corners of the globe. We harness the skills of artisan farmers and add our expertise to create effective products that are wonderful to use. We trade fairly so communities benefit as well as you. We never test on animals, and all our products are 100% vegetarian. We campaign with passion on issues close...",http://www.thebodyshop.in/,https://kuwaitlocal.com/business/the-body-shop-the-avenues,http://www.facebook.com/TheBodyShopInternational,,,http://www.youtube.com/user/thebodyshop
The Body Shop - Sulaibikhat,,,,"Sulaibikhat Cooperative,Sulaibikhat",Capital Governorate,Kuwait,"We believe true beauty comes from the heart. For us, beauty is much more than a pretty face. We make our products with love and care. We source some of the finest raw ingredients from the four corners of the globe. We harness the skills of artisan farmers and add our expertise to create effective products that are wonderful to use. We trade fairly so communities benefit as well as you. We never test on animals, and all our products are 100% vegetarian. We campaign with passion on issues close...",http://www.thebodyshop.in/,https://kuwaitlocal.com/business/the-body-shop-sulaibikhat,http://www.facebook.com/TheBodyShopInternational,,,http://www.youtube.com/user/thebodyshop
The Body Shop - Airport,,,,"Kuwait International Airport,Airport",Al Farwaniyah Governorate,Kuwait,"We believe true beauty comes from the heart. For us, beauty is much more than a pretty face. We make our products with love and care. We source some of the finest raw ingredients from the four corners of the globe. We harness the skills of artisan farmers and add our expertise to create effective products that are wonderful to use. We trade fairly so communities benefit as well as you. We never test on animals, and all our products are 100% vegetarian. We campaign with passion on issues close...",http://www.thebodyshop.in/,https://kuwaitlocal.com/business/the-body-shop-airport,http://www.facebook.com/TheBodyShopInternational,,,http://www.youtube.com/user/thebodyshop
The Body Shop - Mishref,,,,"Carpark Area Mezzanine Floor, Mishref Cooperative,Mishref",Hawalli Governorate,Kuwait,"We believe true beauty comes from the heart. For us, beauty is much more than a pretty face. We make our products with love and care. We source some of the finest raw ingredients from the four corners of the globe. We harness the skills of artisan farmers and add our expertise to create effective products that are wonderful to use. We trade fairly so communities benefit as well as you. We never test on animals, and all our products are 100% vegetarian. We campaign with passion on issues close...",http://www.thebodyshop.in/,https://kuwaitlocal.com/business/the-body-shop-mishref,http://www.facebook.com/TheBodyShopInternational,,,http://www.youtube.com/user/thebodyshop
The Body Shop - Khaldiya,,,,"Mezzanine Floor - New Central Market Bldg, AlDhaiyah Center, Khaldiya Cooperative, Kuwait, Khaldiya(Mezzanine Floor),Khaldiya",Capital Governorate,Kuwait,"We believe true beauty comes from the heart. For us, beauty is much more than a pretty face. We make our products with love and care. We source some of the finest raw ingredients from the four corners of the globe. We harness the skills of artisan farmers and add our expertise to create effective products that are wonderful to use. We trade fairly so communities benefit as well as you. We never test on animals, and all our products are 100% vegetarian. We campaign with passion on issues close...",http://www.thebodyshop.in/,https://kuwaitlocal.com/business/the-body-shop-khaldiya,http://www.facebook.com/TheBodyShopInternational,,,http://www.youtube.com/user/thebodyshop
The Body Shop - Awtad Mall,,,,"Awtad Mall-Plot No.29,Blk. No.41-A, Jahra(Ground Floor),Jahra",Al Jahra Governorate,Kuwait,"We believe true beauty comes from the heart. For us, beauty is much more than a pretty face. We make our products with love and care. We source some of the finest raw ingredients from the four corners of the globe. We harness the skills of artisan farmers and add our expertise to create effective products that are wonderful to use. We trade fairly so communities benefit as well as you. We never test on animals, and all our products are 100% vegetarian. We campaign with passion on issues close...",http://www.thebodyshop.in/,https://kuwaitlocal.com/business/the-body-shop-awtad-mall,http://www.facebook.com/TheBodyShopInternational,,,http://www.youtube.com/user/thebodyshop
The Body Shop - Bayan,,,,"Bayan Cooperative,Bayan",Hawalli Governorate,Kuwait,"We believe true beauty comes from the heart. For us, beauty is much more than a pretty face. We make our products with love and care. We source some of the finest raw ingredients from the four corners of the globe. We harness the skills of artisan farmers and add our expertise to create effective products that are wonderful to use. We trade fairly so communities benefit as well as you. We never test on animals, and all our products are 100% vegetarian. We campaign with passion on issues close...",http://www.thebodyshop.in/,https://kuwaitlocal.com/business/the-body-shop-bayan,http://www.facebook.com/TheBodyShopInternational,,,http://www.youtube.com/user/thebodyshop
The Body Shop - Farwaniya,,,,"Mughateer Complex-Plot No.32, Blk.40,Farwaniya",Al Farwaniyah Governorate,Kuwait,"We believe true beauty comes from the heart. For us, beauty is much more than a pretty face. We make our products with love and care. We source some of the finest raw ingredients from the four corners of the globe. We harness the skills of artisan farmers and add our expertise to create effective products that are wonderful to use. We trade fairly so communities benefit as well as you. We never test on animals, and all our products are 100% vegetarian. We campaign with passion on issues close...",http://www.thebodyshop.in/,https://kuwaitlocal.com/business/the-body-shop-farwaniya,http://www.facebook.com/TheBodyShopInternational,,,http://www.youtube.com/user/thebodyshop
The Body Shop - Salwa,,,,"Salwa Cooperative, Salwa Area,Salwa",Hawalli Governorate,Kuwait,"We believe true beauty comes from the heart. For us, beauty is much more than a pretty face. We make our products with love and care. We source some of the finest raw ingredients from the four corners of the globe. We harness the skills of artisan farmers and add our expertise to create effective products that are wonderful to use. We trade fairly so communities benefit as well as you. We never test on animals, and all our products are 100% vegetarian. We campaign with passion on issues close...",http://www.thebodyshop.in/,https://kuwaitlocal.com/business/the-body-shop-salwa,http://www.facebook.com/TheBodyShopInternational,,,http://www.youtube.com/user/thebodyshop
The Body Shop - Rumaithiya,,,,"Rumaithiya Cooperative, Rumaithiya Street,Block 2,Rumaithiya",Hawalli Governorate,Kuwait,"We believe true beauty comes from the heart. For us, beauty is much more than a pretty face. We make our products with love and care. We source some of the finest raw ingredients from the four corners of the globe. We harness the skills of artisan farmers and add our expertise to create effective products that are wonderful to use. We trade fairly so communities benefit as well as you. We never test on animals, and all our products are 100% vegetarian. We campaign with passion on issues close...",http://www.thebodyshop.in/,https://kuwaitlocal.com/business/the-body-shop-rumaithiya,http://www.facebook.com/TheBodyShopInternational,,,http://www.youtube.com/user/thebodyshop
The Body Shop - Faiha,,,,"Faiha Cooperative,Al Zaharaa's Street,Faiha",Capital Governorate,Kuwait,"We believe true beauty comes from the heart. For us, beauty is much more than a pretty face. We make our products with love and care. We source some of the finest raw ingredients from the four corners of the globe. We harness the skills of artisan farmers and add our expertise to create effective products that are wonderful to use. We trade fairly so communities benefit as well as you. We never test on animals, and all our products are 100% vegetarian. We campaign with passion on issues close...",http://www.thebodyshop.in/,https://kuwaitlocal.com/business/the-body-shop-faiha,http://www.facebook.com/TheBodyShopInternational,,,http://www.youtube.com/user/thebodyshop
The Body Shop - Al Rai,,,,"The Avenues-Plot No.3,Al-Rai",Al Farwaniyah Governorate,Kuwait,"We believe true beauty comes from the heart. For us, beauty is much more than a pretty face. We make our products with love and care. We source some of the finest raw ingredients from the four corners of the globe. We harness the skills of artisan farmers and add our expertise to create effective products that are wonderful to use. We trade fairly so communities benefit as well as you. We never test on animals, and all our products are 100% vegetarian. We campaign with passion on issues close...",http://www.thebodyshop.in/,https://kuwaitlocal.com/business/the-body-shop-al-rai,http://www.facebook.com/TheBodyShopInternational,,,http://www.youtube.com/user/thebodyshop
The Body Shop - Abdullah Al Mubarak,,,,"Abdullah Al-Mubarak Cooperative,Abdullah Al Mubarak",Al Farwaniyah Governorate,Kuwait,"We believe true beauty comes from the heart. For us, beauty is much more than a pretty face. We make our products with love and care. We source some of the finest raw ingredients from the four corners of the globe. We harness the skills of artisan farmers and add our expertise to create effective products that are wonderful to use. We trade fairly so communities benefit as well as you. We never test on animals, and all our products are 100% vegetarian. We campaign with passion on issues close...",http://www.thebodyshop.in/,https://kuwaitlocal.com/business/the-body-shop-abdullah-al-mubarak,http://www.facebook.com/TheBodyShopInternational,,,http://www.youtube.com/user/thebodyshop
The Body Shop - Jahra,,,,"Cooperative Street,Jahra",Al Jahra Governorate,Kuwait,"We believe true beauty comes from the heart. For us, beauty is much more than a pretty face. We make our products with love and care. We source some of the finest raw ingredients from the four corners of the globe. We harness the skills of artisan farmers and add our expertise to create effective products that are wonderful to use. We trade fairly so communities benefit as well as you. We never test on animals, and all our products are 100% vegetarian. We campaign with passion on issues close...",http://www.thebodyshop.in/,https://kuwaitlocal.com/business/the-body-shop-jahra,http://www.facebook.com/TheBodyShopInternational,,,http://www.youtube.com/user/thebodyshop
Osim Health And Beauty - Al Rai,,,,"The Avenues Mall,5th Ring Road,Al-Rai",Al Farwaniyah Governorate,Kuwait,"Ali Alghanim & Sons, being the exclusive agent of OSIM in most GCC countries, brings to Kuwait the experience of total well-being. OSIM is about living an inspiring life. We channel our Brand at each and every customer touch point, communicating our values through our products, our outlet, our brand image, our service excellence and in-depth knowledge of holistic health.OSIM International Limited is the global leader in branded healthy lifestyle products. Listed in the Singapore Stock Exchang...",http://www.osim.com/IN/home.aspx,https://kuwaitlocal.com/business/osim-health-and-beauty-al-rai,https://www.facebook.com/OSIM.Kuwait/info?tab=overview,,,
The Body Shop - Hateen,,,,"Hateen Co operative,15th Street,Bayan",Hawalli Governorate,Kuwait,"We believe true beauty comes from the heart. For us, beauty is much more than a pretty face. We make our products with love and care. We source some of the finest raw ingredients from the four corners of the globe. We harness the skills of artisan farmers and add our expertise to create effective products that are wonderful to use. We trade fairly so communities benefit as well as you. We never test on animals, and all our products are 100% vegetarian. We campaign with passion on issues close...",http://www.thebodyshop.in/,https://kuwaitlocal.com/business/the-body-shop-hateen,http://www.facebook.com/TheBodyShopInternational,,,http://www.youtube.com/user/thebodyshop
The Body Shop - Al Zahra,,,,"Al Zahra Cooperative Block No. 4, St. No. 47,AL-Zahra",Hawalli Governorate,Kuwait,"We believe true beauty comes from the heart. For us, beauty is much more than a pretty face. We make our products with love and care. We source some of the finest raw ingredients from the four corners of the globe. We harness the skills of artisan farmers and add our expertise to create effective products that are wonderful to use. We trade fairly so communities benefit as well as you. We never test on animals, and all our products are 100% vegetarian. We campaign with passion on issues close...",http://www.thebodyshop.in/,https://kuwaitlocal.com/business/the-body-shop-al-zahra,http://www.facebook.com/TheBodyShopInternational,,,http://www.youtube.com/user/thebodyshop
Beautytek Kuwait ( Women ) - Mahaboula,+96566717135,+96525722250,+96523712027,"Inside Platinum Institute,Mahboula",Al-Ahmadi Governorate,Kuwait,"Beautytek center experience the world of beauty to add an aura of a wonderful magic for all what it is beautiful as we have specialist and experience. The center offers various services as cosmetic, therapeutic and recreational sophisticated methods and resources we guarantee every man and woman and for all ages sense of youth-lasting as we have the expertise and professionalism and team work of the center of both sexes were subjected to higher levels of training in the world of health and be...",https://www.beautytek.com.kw,https://kuwaitlocal.com/business/beautytek-kuwait-women-mahaboula,,,,
The Body Shop - Al Ahmadi,,,,"Al Bairaq Mall, Markaz Fintas, North Ahmadi,Al Ahmadi",Al-Ahmadi Governorate,Kuwait,"We believe true beauty comes from the heart. For us, beauty is much more than a pretty face. We make our products with love and care. We source some of the finest raw ingredients from the four corners of the globe. We harness the skills of artisan farmers and add our expertise to create effective products that are wonderful to use. We trade fairly so communities benefit as well as you. We never test on animals, and all our products are 100% vegetarian. We campaign with passion on issues close...",http://www.thebodyshop.in/,https://kuwaitlocal.com/business/the-body-shop-al-ahmadi,http://www.facebook.com/TheBodyShopInternational,,,http://www.youtube.com/user/thebodyshop
The Body Shop - Abu Halifa,,,,"Abu Halifa Coop, Abu Halifa Area, Kuwait (Mezzanine Floor),Abu Halifa",Al-Ahmadi Governorate,Kuwait,"We believe true beauty comes from the heart. For us, beauty is much more than a pretty face. We make our products with love and care. We source some of the finest raw ingredients from the four corners of the globe. We harness the skills of artisan farmers and add our expertise to create effective products that are wonderful to use. We trade fairly so communities benefit as well as you. We never test on animals, and all our products are 100% vegetarian. We campaign with passion on issues close...",http://www.thebodyshop.in/,https://kuwaitlocal.com/business/the-body-shop-abu-halifa,http://www.facebook.com/TheBodyShopInternational,,,http://www.youtube.com/user/thebodyshop
Tory Burch - Al Rai,,,,"The Avenues Mall,5th Ring Road,Al-Rai",Al Farwaniyah Governorate,Kuwait,"Tory Burch is an American lifestyle brand that embodies the personal style and sensibility of its CEO and designer Tory.Tory Burch is an American lifestyle brand that embodies the personal style and sensibility of its CEO and designer Tory Burch. Launched in February 2004, the collection, known for color, print and eclectic details, includes ready-to-wear, shoes, handbags, accessories, and fragrance and beauty with Estee Lauder. There are more than 100 Tory Burch boutiques across North Americ...",http://www.toryburch.com/stores?country=KW,https://kuwaitlocal.com/business/tory-burch-al-rai,http://www.facebook.com/toryburch/,http://instagram.com/toryburch?ref=tb_footer,http://twitter.com/toryburch,http://www.youtube.com/toryburch/
The Body Shop - Grand Avenues,,,,"Grand Avenue,5th Ring Road,Al-Rai",Al Farwaniyah Governorate,Kuwait,"We believe true beauty comes from the heart. For us, beauty is much more than a pretty face. We make our products with love and care. We source some of the finest raw ingredients from the four corners of the globe. We harness the skills of artisan farmers and add our expertise to create effective products that are wonderful to use. We trade fairly so communities benefit as well as you. We never test on animals, and all our products are 100% vegetarian. We campaign with passion on issues close...",http://www.thebodyshop.in/,https://kuwaitlocal.com/business/the-body-shop-grand-avenues,http://www.facebook.com/TheBodyShopInternational,,,http://www.youtube.com/user/thebodyshop
Vavavoom - Al Rai,,,,"The Avenues-Plot No.3,Al-Rai",Al Farwaniyah Governorate,Kuwait,"VaVaVoom is an exciting concept that brings together the most exclusive and innovative international brands from the world of fragrance, colour and skincare - all within one store. VaVaVoom is led by the belief that every womans beauty needs are unique. Whether it is to create a look just for the day or planning something new for that special occasion, customers can make a private appointment for a personalized make over with one of VaVaVoom’s artists from our top beauty brands. At VaVaVoom, ...",http://alshaya.com/brand/vavavoom/kingdom-of-saudi-arabia,https://kuwaitlocal.com/business/vavavoom-al-rai,https://www.facebook.com/VavavoomBeauty,http://instagram.com/VaVaVoomBeauty_kwt,https://twitter.com/VaVaVoom_Beauty,
The Body Shop - Jabriya,,,,"Mezzanine Floor, Block 2, Jabriya Cooperative,Jabriya",Hawalli Governorate,Kuwait,"We believe true beauty comes from the heart. For us, beauty is much more than a pretty face. We make our products with love and care. We source some of the finest raw ingredients from the four corners of the globe. We harness the skills of artisan farmers and add our expertise to create effective products that are wonderful to use. We trade fairly so communities benefit as well as you. We never test on animals, and all our products are 100% vegetarian. We campaign with passion on issues close...",http://www.thebodyshop.in/,https://kuwaitlocal.com/business/the-body-shop-jabriya,http://www.facebook.com/TheBodyShopInternational,,,http://www.youtube.com/user/thebodyshop
Spaloon - Salmiya,+965 25743912,,,"Block 3,Street 3,Building 8,Ground Floor,Salmiya",Hawalli Governorate,Kuwait,,http://www.spaloon.com/,https://kuwaitlocal.com/business/spaloon-salmiya,https://www.facebook.com/spaloonKW,https://instagram.com/spaloonkuwait/,https://twitter.com/spaloon,
Men Time Spa - Sharq,,,,"KIPCO Tower,Al Suhada Street,Opp Global Tower,Sharq",Capital Governorate,Kuwait,"Similar to SPA TIME, MEN TIME emphasize the holistic and the complete-traditional side of any ritual provided to any of its client leading to result-achieving experience reflecting into a sense of well being rarely found & felt in our stressful environment. The Majority of men in Kuwait leading an unhealthy life style as healthy diet, sufficient sleep & regular exercise are often rare practices leading to stress, fatigues, body-discomfort like lower back pain & stiff neck, to mention few. MEN...",http://www.mentime-ku.com/,https://kuwaitlocal.com/business/men-time-spa-sharq,https://www.facebook.com/mentime.ku,https://instagram.com/mentime_ku/,https://twitter.com/mentime_ku,
Six Senses Spa,,,,"Missoni Hotel,2nd Floor,Salem Al Mubarak Street,Opp American University Of Kuwait,Salmiya",Hawalli Governorate,Kuwait,"Six Senses Hotels Resorts Spas are discovered in some of the world’s most unique and beautiful places. Whether it be a Six Senses Resort with a Six Senses Spa, a Six Senses Spa hosted by a prestige property, or a treasured Six Senses urban location, the touch-points are always decidedly those of the Six Senses’ DNA. And whilst being part of the local fabric and culture, Six Senses is very much in tune with the wider world. It offers crafted guest experiences to stimulate, energize and revital...",http://www.sixsenses.com/,https://kuwaitlocal.com/business/six-senses-spa,https://www.facebook.com/SixSensesSpaKuwait,,https://twitter.com/Six_Senses_,
Men Time Spa - Al Rai,,,,"Avenues Mall,Phase 3,Grand Avenues,5th Ring Road,Al-Rai",Al Farwaniyah Governorate,Kuwait,"Similar to SPA TIME, MEN TIME emphasize the holistic and the complete-traditional side of any ritual provided to any of its client leading to result-achieving experience reflecting into a sense of well being rarely found & felt in our stressful environment. The Majority of men in Kuwait leading an unhealthy life style as healthy diet, sufficient sleep & regular exercise are often rare practices leading to stress, fatigues, body-discomfort like lower back pain & stiff neck, to mention few. MEN...",http://www.mentime-ku.com/,https://kuwaitlocal.com/business/men-time-spa-al-rai,https://www.facebook.com/mentime.ku,https://instagram.com/mentime_ku/,https://twitter.com/mentime_ku,
Beautytek Kuwait ( Women ) - Kuwait City,+96566717139,,,"Platinum Institute,Next to Kuwait Sports Club,Kuwait City",Capital Governorate,Kuwait,"Beautytek center experience the world of beauty to add an aura of a wonderful magic for all what it is beautiful as we have specialist and experience. The center offers various services as cosmetic, therapeutic and recreational sophisticated methods and resources we guarantee every man and woman and for all ages sense of youth-lasting as we have the expertise and professionalism and team work of the center of both sexes were subjected to higher levels of training in the world of health and be...",https://www.beautytek.com.kw,https://kuwaitlocal.com/business/beautytek-kuwait-women-kuwait-city,,,,
Orchid Spa - Al Bidea,,,,"The Palms Beach Club,Al Taawen Street,Road 25,Al-Bedae",Hawalli Governorate,Kuwait,,http://www.thepalms-kuwait.com/,https://kuwaitlocal.com/business/orchid-spa-al-bidea,,,,
Beautytek Kuwait ( Women ) - Salmiya 1,+96566707138,,,"Arabian Gulf Street,Opp Scientific Center,Next to the Palace Resrtaurant Saraya,Salmiya",Hawalli Governorate,Kuwait,"Beautytek center experience the world of beauty to add an aura of a wonderful magic for all what it is beautiful as we have specialist and experience. The center offers various services as cosmetic, therapeutic and recreational sophisticated methods and resources we guarantee every man and woman and for all ages sense of youth-lasting as we have the expertise and professionalism and team work of the center of both sexes were subjected to higher levels of training in the world of health and be...",https://www.beautytek.com.kw,https://kuwaitlocal.com/business/beautytek-kuwait-women-salmiya-1,,,,
Beautytek Kuwait ( Women ) - Salmiya 2,+96566717137,+96525722260,,"Khansa Street,Next to the Indian School of Hope,Salmiya",Hawalli Governorate,Kuwait,"Beautytek center experience the world of beauty to add an aura of a wonderful magic for all what it is beautiful as we have specialist and experience. The center offers various services as cosmetic, therapeutic and recreational sophisticated methods and resources we guarantee every man and woman and for all ages sense of youth-lasting as we have the expertise and professionalism and team work of the center of both sexes were subjected to higher levels of training in the world of health and be...",https://www.beautytek.com.kw,https://kuwaitlocal.com/business/beautytek-kuwait-women-salmiya-2,,,,
The Organic Spa For Men - Daiya,+96566776635,,,"Bibi Complex,Shaker Tower,3rd Ring Road,Gulf Street,2nd Floor,Daiya",Capital Governorate,Kuwait,"All types of massage treatments, facial treatments, body scrubs, manicure & pedicure and many more services.",http://www.theorganicspakuwait.com/,https://kuwaitlocal.com/business/the-organic-spa-for-men-daiya,https://www.facebook.com/Q8TheOrganicSpa,,https://twitter.com/RelaxOrganicSpa,
Malabar Ayurvedic Massage Centre Kuwait,+96566389972,+96566085930,,"Behind Farwaniya Co-op & Gold Souk ,Floor 1st,Farwaniya",Al Farwaniyah Governorate,Kuwait,"Malabar ayurvedic massage centre is a pain relief centre situated in Kuwait , Farwania, which provides indian alternative tr eatments for the cure and a healthy life.The ayurvrda is the growing medical system which cure the diseases without any side effect. we are using natural herbs and oils for the treatment",http://malabarayurvedic.blogspot.in/,https://kuwaitlocal.com/business/malabar-ayurvedic-massage-centre-kuwait,https://www.facebook.com/malabarayur/info/?tab=page_info,,,
Ayur Spa More for Men,+96566225818,,,"Block 10, Gedha 5, Building no 21, Furst Floor,Al Mugera Street,Salmiya",Hawalli Governorate,Kuwait,"Ayuryoga Best and first Ayurveda wellness centre in Kuwait, which provides authentic ayurveda treatment and panchkarama (detox) in a very professional way. Ayuryoga Ayurveda brings you the best in ayurveda treatments including Panchakarma Treatments, Detoxification, Rejuvenation ,Paralysis, Weight loss, Slimming Programs, Anti Ageing, Beauty care therapies etc. The treatments done at our centre done by the guidelines of expert ayurvedic doctors. In our centre, we provide a full detox course t...",http://ayuryogakuwait.com/,https://kuwaitlocal.com/business/ayur-spa-more-for-men,https://www.facebook.com/ayurspakuwait/,,,
Massage In Kuwait 24h,+96560667530,,,Hawally,Hawalli Governorate,Kuwait,"Hi Dear! I have ladies very good, very beautiful. They do massage full service. Chat us on WhatsApp +96560667530 www.massageinkuwait.online#KuwaitMassage #Kuwaitmalespa #massage #Kuwaitcallgirl #Kuwaitescortservice #kuwaitgirls",https://www.massageinkuwait.online/,https://kuwaitlocal.com/business/massage-in-kuwait-24h,,,,
MH spa salon,+96560307918,,,"saleem mobarak street Salmiya, Al Asimah,Salmiya",Hawalli Governorate,Kuwait,MH spa salon,http://mhkwt.mysalononline.com/,https://kuwaitlocal.com/business/mh-spa-salon,https://www.facebook.com/mhspasalon/,,,
Spa Station Kuwait,+96550040111,,,"Block: 44000, B 1, St 120, Sedra tower C, 1st floor, ,Sabah Al-Salem",Mubarak Al-Kabeer Governorate,Kuwait,"Spa Station Kuwait Location: 120, Sabah Al Salem 44000, Kuwait Contact Number: +965 50040111 Timings: Sunday to Thursday: 10:30 AM to 9:30 PM Friday: 2:00 PM to 9:30 PM Saturday: 12:00 PM to 9:30 PM Description: Spa Station Kuwait, located in the serene neighborhood of Sabah Al Salem, offers a tranquil escape from the daily grind, providing a comprehensive range of luxurious spa services designed to promote relaxation and rejuvenation. Our spa is dedicated to delivering exceptional care and a...",https://www.spastationkwt.com/en,https://kuwaitlocal.com/business/spa-station-kuwait,,https://www.instagram.com/spastationkwt/,,
Spa Corner Qatar St. Salmiya,+96525757547,,,"Street: Qatar St., Qatar St. Salmiya, Kuwait,Salmiya",Hawalli Governorate,Kuwait,"Spa Corner: A unique destination for self-care for men Discover an exceptional “feel good, look good” experience at Spa Corner. Our services include: Stress-relieving massages Rejuvenating facials Professional manicures Foot care services Ready to transform your day? Book now and enjoy the Spa Corner experience! Spa Corner: The ultimate place for men’s relaxation. Enjoy the exceptional personal towels. At Spa Corner. Our services include: Spider-Removal Massage, Skin Pressure, Skin Smoothing,...",https://thespacorner.com/,https://kuwaitlocal.com/business/spa-corner-qatar-st-salmiya,,https://www.instagram.com/spacorner/,,https://www.youtube.com/@TheSpaCorner
Spa Corner Mangaf,+96523722333,,,"Street: Salem Subah Alsalem St., Salem Subah Alsalem St, Mangaf, Kuwait,Mangaf",Al-Ahmadi Governorate,Kuwait,"Spa Corner: Men's Premium Self-Care Destination Discover an exceptional ""feel good, look good"" experience at Spa Corner. Our services include: Stress-melting massages Rejuvenating facials Professional mani-pedis Expert grooming services Ready to transform your day? Book now and experience the Spa Corner difference! سبا كورنر: المكان الاول لراحة الرجل. استمتع بتجربة إستثنائية للعناية الشخصية. في سبا كورنر. خدماتنا تشمل: مساچ يشيل عنك الضغط تنظيف بشرة ينعش بشرتك مانيكير وباديكير احترافي حلاقة و...",https://thespacorner.com/,https://kuwaitlocal.com/business/spa-corner-mangaf,,https://www.instagram.com/spacorner/,,https://www.youtube.com/@TheSpaCorner
Spa Corner Amr Bin Alaas St Salmiya,+96525733737,,,"Street: Amr Bin Alaas St., Amr Bin Alaas St, Salmiya, Kuwait,Salmiya",Hawalli Governorate,Kuwait,"Spa Corner: Men's Premium Self-Care Destination Discover an exceptional ""feel good, look good"" experience at Spa Corner. Our services include: Stress-melting massages Rejuvenating facials Professional mani-pedis Expert grooming services Ready to transform your day? Book now and experience the Spa Corner difference! سبا كورنر: المكان الاول لراحة الرجل. استمتع بتجربة إستثنائية للعناية الشخصية. في سبا كورنر. خدماتنا تشمل: مساچ يشيل عنك الضغط تنظيف بشرة ينعش بشرتك مانيكير وباديكير احترافي حلاقة و...",https://thespacorner.com/,https://kuwaitlocal.com/business/spa-corner-amr-bin-alaas-st-salmiya,,https://www.instagram.com/spacorner/,,https://www.youtube.com/@TheSpaCorner
Spa Corner Sabah Al Salem,+96525527575,,,"735M+7HR, Sabah Al Salem, Kuwait,Sabah Al-Salem",Mubarak Al-Kabeer Governorate,Kuwait,"Spa Corner: Men's Premium Self-Care Destination Discover an exceptional ""feel good, look good"" experience at Spa Corner. Our services include: Stress-melting massages Rejuvenating facials Professional mani-pedis Expert grooming services Ready to transform your day? Book now and experience the Spa Corner difference! سبا كورنر: المكان الاول لراحة الرجل. استمتع بتجربة إستثنائية للعناية الشخصية. في سبا كورنر. خدماتنا تشمل: مساچ يشيل عنك الضغط تنظيف بشرة ينعش بشرتك مانيكير وباديكير احترافي حلاقة و...",https://thespacorner.com/,https://kuwaitlocal.com/business/spa-corner-sabah-al-salem,,https://www.instagram.com/spacorner/,,https://www.youtube.com/@TheSpaCorner
