Name,Phone_1,Email,Location,Area,Country,About,Website,Views,URL
arablocal.com | 520: Web server is returning an unknown error,,,,,Oman,,,,https://oman.arablocal.com/business/view/abu-ali-al-madani-trading-llc
arablocal.com | 520: Web server is returning an unknown error,,,,,Oman,,,,https://oman.arablocal.com/business/view/al-razi-pharmacy-llc
arablocal.com | 520: Web server is returning an unknown error,,,,,Oman,,,,https://oman.arablocal.com/business/view/oman-medical-center
arablocal.com | 520: Web server is returning an unknown error,,,,,Oman,,,,https://oman.arablocal.com/business/view/muscat-pharmacy-salalah-branch-llc
arablocal.com | 520: Web server is returning an unknown error,,,,,Oman,,,,https://oman.arablocal.com/business/view/bader-al-jashmi
arablocal.com | 520: Web server is returning an unknown error,,,,,Oman,,,,https://oman.arablocal.com/business/view/eyewear-ibri
arablocal.com | 520: Web server is returning an unknown error,,,,,Oman,,,,https://oman.arablocal.com/business/view/belqees-pharmacy
arablocal.com | 520: Web server is returning an unknown error,,,,,Oman,,,,https://oman.arablocal.com/business/view/al-farabi-pharmacy
arablocal.com | 520: Web server is returning an unknown error,,,,,Oman,,,,https://oman.arablocal.com/business/view/hala-pharmacy
Al Issa Glasses,+968 25410314,,Nizwa Souq Nizwa -,Ruwi,Oman,Al Issa Glasses,,2557,https://oman.arablocal.com/business/view/al-issa-glasses
arablocal.com | 520: Web server is returning an unknown error,,,,,Oman,,,,https://oman.arablocal.com/business/view/mazoon-pharmacy-llc
arablocal.com | 520: Web server is returning an unknown error,,,,,Oman,,,,https://oman.arablocal.com/business/view/al-tharmad-pharmacy
Muttrah Pharmacy LLC,+968 24797149,mutpharm@omantel.net.om,Opp Muscat municipality Darsait -,Muscat,Oman,Muttrah Pharmacy LLC,,2105,https://oman.arablocal.com/business/view/muttrah-pharmacy-llc
arablocal.com | 520: Web server is returning an unknown error,,,,,Oman,,,,https://oman.arablocal.com/business/view/oman-medical-supplies-and-services-co-llc
Distinct Dar Muscat,+968 24571923,accountsoman@daroptics.com,Arjan Complex Al Qurum -,Hay Al Mina Jibroo,Oman,Distinct Dar Muscat,,2035,https://oman.arablocal.com/business/view/distinct-dar-muscat
Golden Target Medical Service,+968 24491345,,AL Gubra North Al Gubra -,Al Hamriyah,Oman,Golden Target Medical Service,,1967,https://oman.arablocal.com/business/view/golden-target-medical-service
arablocal.com | 520: Web server is returning an unknown error,,,,,Oman,,,,https://oman.arablocal.com/business/view/hassan-opticals-co-asso
Sohar Pharmacy LLC,+968 26841825,soharpharmacysurgicalstore@gmail.com,Opp Old Ministry Of Extended Hospital Sohar -,Sohar,Oman,Sohar Pharmacy LLC,,1847,https://oman.arablocal.com/business/view/sohar-pharmacy-llc
arablocal.com | 520: Web server is returning an unknown error,,,,,Oman,,,,https://oman.arablocal.com/business/view/abu-ali-al-madni-trading
Al Magrabi Eye And Ear Center LLC,+968 24568870,bassem.azerk@magrabi.com.sa,"Nr Agency Bahwan Automobiles , Al Rumaila Bldg , 1 Flr Al Wattayah -",Ruwi,Oman,Al Magrabi Eye And Ear Center LLC,http://www.magrabi.com,2695,https://oman.arablocal.com/business/view/al-magrabi-eye-and-ear-center-llc
Integrated Medical Solutions LLC,+968 24791552,gstllc@omantel.net.om,Opposite Lama Medical Muttrah Al Kubra -,Al Wadi Al Kabir,Oman,Integrated Medical Solutions LLC,http://www.gstoman.com,2053,https://oman.arablocal.com/business/view/integrated-medical-solutions-llc
Yas Medical Center L L C,+968 25655088,ymc_oman@yahoo.com,Al Buraimi -,Al Buraimi,Oman,Yas Medical Center L L C,http://www.yes.med.om,1869,https://oman.arablocal.com/business/view/yas-medical-center-l-l-c
