Name,Phone_1,Phone_2,Email,Location,Area,Country,About,Website,Rating,Views,URL,Facebook,Instagram,Twitter
arablocal.com | 520: Web server is returning an unknown error,,,,,,Oman,,,,,https://oman.arablocal.com/business/view/um-salma-midiclle-complex,,,
Ayman Al Hosni Clinic,+968 24450848,,valnevis@yahoo.com,Al Shradi Al Seeb -,Al Seeb,Oman,Ayman Al Hosni Clinic,,0,5140,https://oman.arablocal.com/business/view/ayman-al-hosni-clinic,,,
arablocal.com | 520: Web server is returning an unknown error,,,,,,Oman,,,,,https://oman.arablocal.com/business/view/shaimaa-dental-center-llc,,,
Juma Al Habsi Medical Clinic,+968 24451860,,,Al Sharadi -Nr Old Health Center Al Seeb -,Al Seeb,Oman,Juma Al Habsi Medical Clinic,,0,3803,https://oman.arablocal.com/business/view/juma-al-habsi-medical-clinic,,,
Ahmed Medical Centre,+968 24544594,,nsm.albalushi@gmail.com,South Al Mawalah Al Mawalah -,Muscat,Oman,Ahmed Medical Centre,,0,3346,https://oman.arablocal.com/business/view/ahmed-medical-centre,,,
arablocal.com | 520: Web server is returning an unknown error,,,,,,Oman,,,,,https://oman.arablocal.com/business/view/dhofar-international-medical-center-llc,,,
arablocal.com | 520: Web server is returning an unknown error,,,,,,Oman,,,,,https://oman.arablocal.com/business/view/oman-gulf-clinic,,,
Masirah Medical Complex,+968 25544033,,dentalclinic@gmail.com,Area :,Sur,Oman,Masirah Medical Complex,,0,2838,https://oman.arablocal.com/business/view/masirah-medical-complex,,,
arablocal.com | 520: Web server is returning an unknown error,,,,,,Oman,,,,,https://oman.arablocal.com/business/view/abu-al-dahab-clinic-llc,,,
Afnan Dental Clinic,+968 24797303,,raoof19rr@gmail.com,"Opp Kamji , Nr Oman House Muttrah -",Hay Al Mina Jibroo,Oman,Afnan Dental Clinic,,0,2495,https://oman.arablocal.com/business/view/afnan-dental-clinic,,,
arablocal.com | 520: Web server is returning an unknown error,,,,,,Oman,,,,,https://oman.arablocal.com/business/view/al-ahli-clinic,,,
Hatat Polyclinic LLC,+968 24563641,,hpllc@omantel.net.om,"Hatat House, Bldg -B, Ground Fr Wadi Adai -",Ruwi,Oman,Hatat Polyclinic LLC,,,2550,https://oman.arablocal.com/business/view/hatat-polyclinic-llc,,,
arablocal.com | 520: Web server is returning an unknown error,,,,,,Oman,,,,,https://oman.arablocal.com/business/view/al-raffah-hospital-llc,,,
Sur Private Hospital LLC,+968 25543441,,,Area :,Sur,Oman,Sur Private Hospital LLC,,0,2308,https://oman.arablocal.com/business/view/sur-private-hospital-llc,,,
arablocal.com | 520: Web server is returning an unknown error,,,,,,Oman,,,,,https://oman.arablocal.com/business/view/gulf-integrated-medical-services-co-llc,,,
arablocal.com | 520: Web server is returning an unknown error,,,,,,Oman,,,,,https://oman.arablocal.com/business/view/al-essa-dental-clinic,,,
arablocal.com | 520: Web server is returning an unknown error,,,,,,Oman,,,,,https://oman.arablocal.com/business/view/sadaf-oman-llc-child-dental-centre,,,
Community Dental Centre,+968 22833370,+968 22 833370,communitydental50@gmail.com,18 November Street Villa number 13 AA,Muscat,Oman,"We are a unique dental center with highly experienced doctors with over 25 years in the field of dentistry. We don’t just treat the symptoms, we diagnose and treat the cause.18 November Street Villa number 13 AA Muscat, Oman113https://www.communitydental.om+968 22 833370info@communitydental.om",http://www.communitydental.om,0,3313,https://oman.arablocal.com/business/view/community-dental-centre,https://www.facebook.com/communitydentalcentre,https://www.instagram.com/community_dental_centr,https://twitter.com/community_denta
Al Raazi Medical Group,+968 23202770,,jince@alraazioman.com,Near Salalah Police Station Dhofar -,Salalah,Oman,Al Raazi Medical Group,http://www.alraazioman.com,0,2372,https://oman.arablocal.com/business/view/al-raazi-medical-group,,,
German Eye And Medical Centre,+968 24693738,,admin@germaneyecentre.com,Bhd Opera House Al Qurum -,Muscat,Oman,German Eye And Medical Centre,http://www.germaneyecentre.com,0,2213,https://oman.arablocal.com/business/view/german-eye-and-medical-centre,,,
