Name,Phone_1,Phone_2,Phone_3,Email,Location,Area,Country,About,Website,Rating,Views,URL
arablocal.com | 520: Web server is returning an unknown error,,,,,,,Oman,,,,,https://oman.arablocal.com/business/view/global-logistics-muscat-co-llc
arablocal.com | 520: Web server is returning an unknown error,,,,,,,Oman,,,,,https://oman.arablocal.com/business/view/salalah-shipping-and-marine-services-co
arablocal.com | 520: Web server is returning an unknown error,,,,,,,Oman,,,,,https://oman.arablocal.com/business/view/sinan-heavy-lift-llc
arablocal.com | 520: Web server is returning an unknown error,,,,,,,Oman,,,,,https://oman.arablocal.com/business/view/abraj-energy-services-llc
arablocal.com | 520: Web server is returning an unknown error,,,,,,,Oman,,,,,https://oman.arablocal.com/business/view/muscat-international-shipping-and-logistics
arablocal.com | 520: Web server is returning an unknown error,,,,,,,Oman,,,,,https://oman.arablocal.com/business/view/tharawat-sohar-llc
arablocal.com | 520: Web server is returning an unknown error,,,,,,,Oman,,,,,https://oman.arablocal.com/business/view/matrah-cold-stores-l-l-c
arablocal.com | 520: Web server is returning an unknown error,,,,,,,Oman,,,,,https://oman.arablocal.com/business/view/seagull-logistic-services-llc
arablocal.com | 520: Web server is returning an unknown error,,,,,,,Oman,,,,,https://oman.arablocal.com/business/view/interior-services-logistics-llc
arablocal.com | 520: Web server is returning an unknown error,,,,,,,Oman,,,,,https://oman.arablocal.com/business/view/information-dynamics-llc
arablocal.com | 520: Web server is returning an unknown error,,,,,,,Oman,,,,,https://oman.arablocal.com/business/view/millennium-shipping-services-llc
arablocal.com | 520: Web server is returning an unknown error,,,,,,,Oman,,,,,https://oman.arablocal.com/business/view/marafi
Pentagon Freight Services Oman LLC,+968 25449070,+968 24613266,+968 24613288,pentagon@pfsoman.com,Area :,Nizwa,Oman,Pentagon Freight Services Oman LLC,,0,1623,https://oman.arablocal.com/business/view/pentagon-freight-services-oman-llc
arablocal.com | 520: Web server is returning an unknown error,,,,,,,Oman,,,,,https://oman.arablocal.com/business/view/ben-qatan-logistics-company
Comet International Freight Services LLC,+968 24794100,,,muscat@intfrtsvcs.com,Nr Ministry Of Manpower Ruwi -,Ruwi,Oman,Comet International Freight Services LLC,,0,1300,https://oman.arablocal.com/business/view/comet-international-freight-services-llc
Bin Hamdoon Transport And Heavy Equpment LLC,+968 24613387,,,,AL Ghoubra North Al Gubra -,Muscat,Oman,Bin Hamdoon Transport And Heavy Equpment LLC,,0,1210,https://oman.arablocal.com/business/view/bin-hamdoon-transport-and-heavy-equpment-llc
Abu Nooh Trade L L C,+968 25437163,,,alhoqanigroup@yahoo.com,Nizwa -,Nizwa,Oman,Abu Nooh Trade L L C,,0,1180,https://oman.arablocal.com/business/view/abu-nooh-trade-l-l-c
Galfa National Co LLC,+968 24492325,,,murad_alblushi@yahoo.com,Liwa -,Liwa,Oman,Galfa National Co LLC,,0,1122,https://oman.arablocal.com/business/view/galfa-national-co-llc
Oman Commercial Corporation LLC,+968 95500932,+968 24817046,,,Area :,Al Wadi Al Kabir,Oman,Oman Commercial Corporation LLC,,0,1050,https://oman.arablocal.com/business/view/oman-commercial-corporation-llc
Muttrah Trade And Cargo Services LLC,+968 24712125,,,mitairah@mitairah.com.om,Muttrah Al Kubra -,Hay Al Mina Jibroo,Oman,Muttrah Trade And Cargo Services LLC,,0,1024,https://oman.arablocal.com/business/view/muttrah-trade-and-cargo-services-llc
Spring North United Solidarity,+968 25414442,,,bader-oman@hotmail.com,Area :,Nizwa,Oman,Spring North United Solidarity,,0,921,https://oman.arablocal.com/business/view/spring-north-united-solidarity
Al Seer Group LLC,+968 26892900,,,john.varghese@alseer.com,Area :,Barka,Oman,Al Seer Group LLC,http://www.alseer.com,0,5068,https://oman.arablocal.com/business/view/al-seer-group-llc
Sultan Bin Soud Bin Ahmed Al Shidhany Trading,+968 24597165,,,,Opp to New Coco Cola Company -,Al Harthy Complex,Oman,Sultan Bin Soud Bin Ahmed Al Shidhany Trading,http://www.sultan-s.com,0,1933,https://oman.arablocal.com/business/view/sultan-bin-soud-bin-ahmed-al-shidhany-trading
Mossa Abdu Al Rahman Hassan And Partners LLC,+968 24701566,,,moosanet@omantel.net.om,Ruwi -,Muscat,Oman,Mossa Abdu Al Rahman Hassan And Partners LLC,http://www.moosagroup.com,0,1916,https://oman.arablocal.com/business/view/mossa-abdu-al-rahman-hassan-and-partners-llc
Sharaf Logistics LLC,+968 24789471,,,info@sharafoman.com,Ruwi -,Hay Al Mina Jibroo,Oman,Sharaf Logistics LLC,http://www.sharafshipping.com,0,1907,https://oman.arablocal.com/business/view/sharaf-logistics-llc
Truck Oman,+968 24565248,,,gms@truckoman.com,Behind Sultan center Al Qurum -,Mina Al Fahal,Oman,,http://www.truckoman.com,0,1532,https://oman.arablocal.com/business/view/truck-oman
Al Kahlul International LLC,+968 24482774,,,kahlul@omantel.net.om,Near To Zakir Mall Al Khuwair -,Azaiba,Oman,Al Kahlul International LLC,http://www.alkahlul.com,0,1444,https://oman.arablocal.com/business/view/al-kahlul-international-llc
Global Logistics Oman LLC,+968 24583333,,,vnambiar@agilitylogistics.com,Nr Al Galfar CO Galah -,Azaiba,Oman,Global Logistics Oman LLC,http://www.agilitylogistics.com,0,1283,https://oman.arablocal.com/business/view/global-logistics-oman-llc
Rushstar Mfz,+968 95205151,,,e@rushwan.com,Area :,Mazyona,Oman,Rushstar Mfz,http://www.Rushwan.com,0,1134,https://oman.arablocal.com/business/view/rushstar-mfz
