Name,Phone_1,Phone_2,Phone_3,Email,Location,Area,Country,About,Website,Rating,Views,URL,Facebook,Instagram,Twitter
Alhilal Plastic Industrials,+968 24703770,+968 25449340,+968 93513430,,Area :,Nizwa,Oman,Alhilal Plastic Industrials,,0,4449,https://oman.arablocal.com/business/view/alhilal-plastic-industrials,,,
arablocal.com | 520: Web server is returning an unknown error,,,,,,,Oman,,,,,https://oman.arablocal.com/business/view/bin-ahmed-enterprises-llc,,,
Al Mumayaz Plastic Factory LLC,+968 97354816,,,,Area :,Al Buraimi,Oman,Al Mumayaz Plastic Factory LLC,,0,3270,https://oman.arablocal.com/business/view/al-mumayaz-plastic-factory-llc,,,
arablocal.com | 520: Web server is returning an unknown error,,,,,,,Oman,,,,,https://oman.arablocal.com/business/view/gulf-plastic-industries-co,,,
arablocal.com | 520: Web server is returning an unknown error,,,,,,,Oman,,,,,https://oman.arablocal.com/business/view/techno-plastic-industry,,,
Abraaj Al Buraimi Company For Trading,+968 99358420,,,,Area :,Al Buraimi,Oman,Abraaj Al Buraimi Company For Trading,,,2566,https://oman.arablocal.com/business/view/abraaj-al-buraimi-company-for-trading,,,
arablocal.com | 520: Web server is returning an unknown error,,,,,,,Oman,,,,,https://oman.arablocal.com/business/view/buraimi-towers-trading-company,,,
arablocal.com | 520: Web server is returning an unknown error,,,,,,,Oman,,,,,https://oman.arablocal.com/business/view/muna-noor-plastic-industries-llc,,,
arablocal.com | 520: Web server is returning an unknown error,,,,,,,Oman,,,,,https://oman.arablocal.com/business/view/deep-ocean-marine-engineering-llc,,,
arablocal.com | 520: Web server is returning an unknown error,,,,,,,Oman,,,,,https://oman.arablocal.com/business/view/united-plastic-manufacturing-co-llc,,,
arablocal.com | 520: Web server is returning an unknown error,,,,,,,Oman,,,,,https://oman.arablocal.com/business/view/al-momayaz-for-plastic-factory,,,
Al Safa Plastic LLC,+968 25642555,+968 96900964,+968 99843222,,Area :,Al Buraimi,Oman,Al Safa Plastic LLC,,0,2058,https://oman.arablocal.com/business/view/al-safa-plastic-llc,,,
arablocal.com | 520: Web server is returning an unknown error,,,,,,,Oman,,,,,https://oman.arablocal.com/business/view/globle-plastic-industries-llc,,,
arablocal.com | 520: Web server is returning an unknown error,,,,,,,Oman,,,,,https://oman.arablocal.com/business/view/petromar-piping-systems-llc,,,
arablocal.com | 520: Web server is returning an unknown error,,,,,,,Oman,,,,,https://oman.arablocal.com/business/view/azd-alsharq-trading-company-llc,,,
Rashid And Mohd Trading Co,+968 99424721,,,,"Sur, Oman -",Sur,Oman,Rashid And Mohd Trading Co,,,1801,https://oman.arablocal.com/business/view/rashid-and-mohd-trading-co,,,
arablocal.com | 520: Web server is returning an unknown error,,,,,,,Oman,,,,,https://oman.arablocal.com/business/view/sharjah-modern-investment-company-llc,,,
World Of Plastic,+968 24595945,,,woplast@omantel.net.om,Galah Nr Holidy Inn Galah -,Jibroo,Oman,World Of Plastic,,0,2369,https://oman.arablocal.com/business/view/world-of-plastic,,,
International Plastic Industries Co LLC,+968 23219474,+968 92332168,,ipico@omantel.net.om,"Raysut, Oman -",Salalah,Oman,International Plastic Industries Co LLC,,0,1613,https://oman.arablocal.com/business/view/international-plastic-industries-co-llc,,,
arablocal.com | 520: Web server is returning an unknown error,,,,,,,Oman,,,,,https://oman.arablocal.com/business/view/technova-llc,,,
Super Plastic Industrial LLC,+968 24523456,,,younis999@gmail.com,Galah Opp Majan Shipping Galah -,Azaiba,Oman,Super Plastic Industrial LLC,,0,1561,https://oman.arablocal.com/business/view/super-plastic-industrial-llc,,,
Sun Plastic Co LLC,+968 24446415,,,hjbtest@omantel.net.om,Area :,Rusayl,Oman,Sun Plastic Co LLC,,0,1484,https://oman.arablocal.com/business/view/sun-plastic-co-llc,,,
arablocal.com | 520: Web server is returning an unknown error,,,,,,,Oman,,,,,https://oman.arablocal.com/business/view/tiba-modern-llc,,,
Abraaj Al Jazeera Al Watanya Trading LLC,+968 94448441,+968 92735573,,,Area :,Al Buraimi,Oman,Abraaj Al Jazeera Al Watanya Trading LLC,,0,1384,https://oman.arablocal.com/business/view/abraaj-al-jazeera-al-watanya-trading-llc,,,
arablocal.com | 520: Web server is returning an unknown error,,,,,,,Oman,,,,,https://oman.arablocal.com/business/view/afaq-al-sharqia-industry-services-llc,,,
arablocal.com | 520: Web server is returning an unknown error,,,,,,,Oman,,,,,https://oman.arablocal.com/business/view/al-maram-modern-trading-company,,,
arablocal.com | 520: Web server is returning an unknown error,,,,,,,Oman,,,,,https://oman.arablocal.com/business/view/noos-al-arabiya-trading-co-llc,,,
Gemalto Middle East Oman Branch,+968 24510818,,,,"Oman Oasis, Oman -",Jibroo,Oman,Gemalto Middle East Oman Branch,,0,1531,https://oman.arablocal.com/business/view/gemalto-middle-east-oman-branch,,,
arablocal.com | 520: Web server is returning an unknown error,,,,,,,Oman,,,,,https://oman.arablocal.com/business/view/al-sharja-al-haditha-investment-company-llc,,,
arablocal.com | 520: Web server is returning an unknown error,,,,,,,Oman,,,,,https://oman.arablocal.com/business/view/shamook-al-saada-trading-establishment,,,
arablocal.com | 520: Web server is returning an unknown error,,,,,,,Oman,,,,,https://oman.arablocal.com/business/view/abhar-sustainable-development,,,
arablocal.com | 520: Web server is returning an unknown error,,,,,,,Oman,,,,,https://oman.arablocal.com/business/view/al-maraam-al-hadeetha-company-for-trading,,,
Al Maraam Al Haditha Trading Company,+968 92546466,,,,Area :,Al Buraimi,Oman,Al Maraam Al Haditha Trading Company,,0,1263,https://oman.arablocal.com/business/view/al-maraam-al-haditha-trading-company,,,
arablocal.com | 520: Web server is returning an unknown error,,,,,,,Oman,,,,,https://oman.arablocal.com/business/view/al-ganboosi-internatioanl-llc,,,
arablocal.com | 520: Web server is returning an unknown error,,,,,,,Oman,,,,,https://oman.arablocal.com/business/view/alkhaldi-projects-and-development,,,
Bin Sarhan,,,,info@plasbin.com,Area :,Al Seeb,Oman,,,,1238,https://oman.arablocal.com/business/view/bin-sarhan,,,
Abu Muna Trading Center,+968 24834434,,,abumunaanand@sify.com,Ruwi -,Al Hamriyah,Oman,Abu Muna Trading Center,,0,1226,https://oman.arablocal.com/business/view/abu-muna-trading-center,,,
Paper Recycling,+968 92699252,,,asooltrd@gmail.com,.SAMAIL,Lizgh,Oman,Paper Recycling,http://WWW.baniadamrecycling-oman.com,0,3172,https://oman.arablocal.com/business/view/paper-recycling,https://facebook.com/Bani Adam rECYCLING,https://instagram.com/baniadam.recycling,https://twitter.com/baniadam.recycling
Al Isteqrar Al Omania Trading And Cont,+968 23298072,,,isteqrar@omantel.net.om,Samhan Street. -,Salalah,Oman,Al Isteqrar Al Omania Trading And Cont,http://www.isteqrar.com,0,1863,https://oman.arablocal.com/business/view/al-isteqrar-al-omania-trading-and-cont,,,
United National Factory Company Of The Fiberglass LLC,+968 99004881,+968 92670721,,unfcf006@omantel.net.om,Area :,Sohar,Oman,United National Factory Company Of The Fiberglass LLC,http://www.unfcf.com/,0,1557,https://oman.arablocal.com/business/view/united-national-factory-company-of-the-fiberglass-llc,,,
