Name,Phone_1,Phone_2,Email,Location,Area,Country,About,Website,Rating,Views,URL
Atla Al Rafidain Trading,+968 24786365,,info@duduslimmer.com,Ruwi Near Ok Center Ruwi -,Ruwi,Oman,Atla Al Rafidain Trading,,0,4958,https://oman.arablocal.com/business/view/atla-al-rafidain-trading
Al Faisal Company LLC,+968 24590086,+968 24591670,alfaisal@omantel.net.om,Ghalah -,Madinat Al Sultan Qaboos,Oman,Al Faisal Company LLC,,0,3137,https://oman.arablocal.com/business/view/al-faisal-company-llc
arablocal.com | 520: Web server is returning an unknown error,,,,,,Oman,,,,,https://oman.arablocal.com/business/view/al-khangar-for-perfumes-and-bkhoor
arablocal.com | 520: Web server is returning an unknown error,,,,,,Oman,,,,,https://oman.arablocal.com/business/view/al-marjan-perfume-center
arablocal.com | 520: Web server is returning an unknown error,,,,,,Oman,,,,,https://oman.arablocal.com/business/view/oman-cosmetics-factory
arablocal.com | 520: Web server is returning an unknown error,,,,,,Oman,,,,,https://oman.arablocal.com/business/view/awadi-jewellery
Al Hadi Development And Investment LLC,+968 24995951,,,Nr Al Sama Jewelry Ruwi -,Hay Al Mina Jibroo,Oman,Al Hadi Development And Investment LLC,,,1734,https://oman.arablocal.com/business/view/al-hadi-development-and-investment-llc
arablocal.com | 520: Web server is returning an unknown error,,,,,,Oman,,,,,https://oman.arablocal.com/business/view/muscat-perfumes-modern
arablocal.com | 520: Web server is returning an unknown error,,,,,,Oman,,,,,https://oman.arablocal.com/business/view/zahrat-al-ferdous-trading
arablocal.com | 520: Web server is returning an unknown error,,,,,,Oman,,,,,https://oman.arablocal.com/business/view/tihama-perfumes-llc
Al Fardoos United Ent,+968 24711938,,ymarparayil@gmail.com,Muttrah Al Kubra -,Hay Al Mina Jibroo,Oman,Al Fardoos United Ent,,0,1605,https://oman.arablocal.com/business/view/al-fardoos-united-ent
arablocal.com | 520: Web server is returning an unknown error,,,,,,Oman,,,,,https://oman.arablocal.com/business/view/ardh-al-saeed-perfumes
arablocal.com | 520: Web server is returning an unknown error,,,,,,Oman,,,,,https://oman.arablocal.com/business/view/al-antasab-trading
Mohammad Khalfan Najim Est,+968 24790729,,malsabahi@hotmail.com,OCC Ground Floor Office no 62 Ruwi -,Al Seeb,Oman,Mohammad Khalfan Najim Est,,0,1498,https://oman.arablocal.com/business/view/mohammad-khalfan-najim-est
arablocal.com | 520: Web server is returning an unknown error,,,,,,Oman,,,,,https://oman.arablocal.com/business/view/zahrat-al-saosan-trading
Chimanalal Chhtalal Surti Co,+968 24712929,,surti2005@yahoo.com,Muttrah Al Kubra -,Muscat,Oman,Chimanalal Chhtalal Surti Co,,0,1420,https://oman.arablocal.com/business/view/chimanalal-chhtalal-surti-co
Mazoon Electricity Ruwi,+968 99370010,,,- Land : H2/2 -,Ruwi,Oman,Mazoon Electricity Ruwi,,0,1267,https://oman.arablocal.com/business/view/mazoon-electricity-ruwi
Khanjar Middle East LLC,+968 24831299,,myperfumesoman@gmail.com,Al Khoudh -,Ruwi,Oman,Khanjar Middle East LLC,,0,1229,https://oman.arablocal.com/business/view/khanjar-middle-east-llc
arablocal.com | 520: Web server is returning an unknown error,,,,,,Oman,,,,,https://oman.arablocal.com/business/view/al-qouss-al-akhdar-trading
arablocal.com | 520: Web server is returning an unknown error,,,,,,Oman,,,,,https://oman.arablocal.com/business/view/online-shopping-ubuy-oman
arablocal.com | 520: Web server is returning an unknown error,,,,,,Oman,,,,,https://oman.arablocal.com/business/view/salah-al-mawaly-trade-est
Alsaad International,+968 26868145,,,Near Al-Miyar Hyper Market Al Musana a -,Al Musanaa,Oman,Alsaad International,,0,1177,https://oman.arablocal.com/business/view/alsaad-international
arablocal.com | 520: Web server is returning an unknown error,,,,,,Oman,,,,,https://oman.arablocal.com/business/view/tazweed-middle-east-llc
arablocal.com | 520: Web server is returning an unknown error,,,,,,Oman,,,,,https://oman.arablocal.com/business/view/al-saada-al-haditha-trading-est
arablocal.com | 520: Web server is returning an unknown error,,,,,,Oman,,,,,https://oman.arablocal.com/business/view/zahrat-al-ahlam-llc
arablocal.com | 520: Web server is returning an unknown error,,,,,,Oman,,,,,https://oman.arablocal.com/business/view/rawad-al-tamaiz-investment
arablocal.com | 520: Web server is returning an unknown error,,,,,,Oman,,,,,https://oman.arablocal.com/business/view/syed-junaid-alam-and-partners-llc
Attar Al Mushriq LLC,+968 22049160,,,Al Suq Muttrah Al Kubra -,Ruwi,Oman,Attar Al Mushriq LLC,,0,1060,https://oman.arablocal.com/business/view/attar-al-mushriq-llc
arablocal.com | 520: Web server is returning an unknown error,,,,,,Oman,,,,,https://oman.arablocal.com/business/view/shaza-jehad-trade-ent
arablocal.com | 520: Web server is returning an unknown error,,,,,,Oman,,,,,https://oman.arablocal.com/business/view/telal-shoping-llc
arablocal.com | 520: Web server is returning an unknown error,,,,,,Oman,,,,,https://oman.arablocal.com/business/view/seih-al-maleh-trading
arablocal.com | 520: Web server is returning an unknown error,,,,,,Oman,,,,,https://oman.arablocal.com/business/view/fraish-international-united-centre-llc
Ardh Al Saeed International Projects,+968 24780055,,adhalsaeed@gmail.com,OCC Center Building Firest Fl Ruwi -,Al Hamriyah,Oman,Ardh Al Saeed International Projects,,0,961,https://oman.arablocal.com/business/view/ardh-al-saeed-international-projects
Khalid Bin Hamed Abdullah Trade,+968 25543944,,,Old Suq Sur -,Sur,Oman,Khalid Bin Hamed Abdullah Trade,,0,952,https://oman.arablocal.com/business/view/khalid-bin-hamed-abdullah-trade
arablocal.com | 520: Web server is returning an unknown error,,,,,,Oman,,,,,https://oman.arablocal.com/business/view/smi-holdings
arablocal.com | 520: Web server is returning an unknown error,,,,,,Oman,,,,,https://oman.arablocal.com/business/view/ali-asghar-muslemi-and-partners-llc
Ameera Oud,+968 24568551,,,"CCC , Shop No 61 Al Qurum -",Mina Al Fahal,Oman,,,0,949,https://oman.arablocal.com/business/view/ameera-oud
Al Khat Al Rasasi,+968 24566771,,customercare@rasasiperfumes.ae,St Commercial Complexes -Al Qurum -,Ruwi,Oman,Al Khat Al Rasasi,http://www.rasasi.com,0,2768,https://oman.arablocal.com/business/view/al-khat-al-rasasi
Al Nazih United LLC,+968 24488515,,nazih@omantel.net.om,Madinat Al Sultan Qaboos -,Ruwi,Oman,Al Nazih United LLC,http://www.nazih.com,0,2646,https://oman.arablocal.com/business/view/al-nazih-united-llc
Ajmal International LLC Salalah Branch,+968 24703104,,alzaman@omantel.net.om,Next To Bank Sohar Head Office Ruwi -,Ruwi,Oman,Ajmal International LLC Salalah Branch,http://www.ajmalperfume.com,0,2336,https://oman.arablocal.com/business/view/ajmal-international-llc-salalah-branch
