Name,Phone_1,Phone_2,Email,Location,Area,Country,About,Website,Rating,Views,URL,Twitter
arablocal.com | 520: Web server is returning an unknown error,,,,,,Oman,,,,,https://oman.arablocal.com/business/view/atheer-middle-east-llc,
Saeeh Al Naheeda Services Oil And Gas Asso,+968 24504605,,,Adam Adam -,Adam,Oman,Saeeh Al Naheeda Services Oil And Gas Asso,,0,2112,https://oman.arablocal.com/business/view/saeeh-al-naheeda-services-oil-and-gas-asso,
Ali Bin Saif Bin Nasser Al Mahrooqi Est LLC,+968 24593917,,,Bhd Oman Oil Station Galah -,Muscat,Oman,Ali Bin Saif Bin Nasser Al Mahrooqi Est LLC,,0,1864,https://oman.arablocal.com/business/view/ali-bin-saif-bin-nasser-al-mahrooqi-est-llc,
arablocal.com | 520: Web server is returning an unknown error,,,,,,Oman,,,,,https://oman.arablocal.com/business/view/saraya-world-trade-co-llc,
Salim Bin Ali Bin Tanaf Al Darai Trading And Contg Est,+968 25437335,,rasheedashraf@gmail.com,Nizwa Bahla -,Nizwa,Oman,Salim Bin Ali Bin Tanaf Al Darai Trading And Contg Est,,,1570,https://oman.arablocal.com/business/view/salim-bin-ali-bin-tanaf-al-darai-trading-and-contg-est,
arablocal.com | 520: Web server is returning an unknown error,,,,,,Oman,,,,,https://oman.arablocal.com/business/view/dil-jan-international-llc,
arablocal.com | 520: Web server is returning an unknown error,,,,,,Oman,,,,,https://oman.arablocal.com/business/view/parsons-international-and-co-llc,
arablocal.com | 520: Web server is returning an unknown error,,,,,,Oman,,,,,https://oman.arablocal.com/business/view/united-transport-co-llc,
arablocal.com | 520: Web server is returning an unknown error,,,,,,Oman,,,,,https://oman.arablocal.com/business/view/sultan-bin-ali-bin-rashid-al-saadi-trading,
Zenat Al Barari Trade,+968 25672090,,,Yanqul /Al Suadir Yanqul -,Yanqul,Oman,Zenat Al Barari Trade,,0,1462,https://oman.arablocal.com/business/view/zenat-al-barari-trade,
Gulf First Trade And Services,+968 25457755,,,Manah -,Manah,Oman,Gulf First Trade And Services,,0,1426,https://oman.arablocal.com/business/view/gulf-first-trade-and-services,
arablocal.com | 520: Web server is returning an unknown error,,,,,,Oman,,,,,https://oman.arablocal.com/business/view/mana-bin-hamdan-bin-abdullah-al-shabli-trading,
arablocal.com | 520: Web server is returning an unknown error,,,,,,Oman,,,,,https://oman.arablocal.com/business/view/taj-mahal-trading,
United Power,+968 24675696,,,Close to Dohat al Adab School Al Khuwair -,Mina Al Fahal,Oman,United Power,,0,1324,https://oman.arablocal.com/business/view/united-power,
arablocal.com | 520: Web server is returning an unknown error,,,,,,Oman,,,,,https://oman.arablocal.com/business/view/shankar-khimji-llc,
arablocal.com | 520: Web server is returning an unknown error,,,,,,Oman,,,,,https://oman.arablocal.com/business/view/sulaiman-sabran-al-shikeli-trading-and-contracting,
Desert King L L C,+968 24707720,,,Nr TO Qaboos Mosque Ruwi -,Al Khuwiar,Oman,Desert King L L C,http://www.desertking .com,0,4255,https://oman.arablocal.com/business/view/desert-king-l-l-c,
Wahat Aswad Trading And Transporting,+968 25699023,,watco1@ymail.com,Al Tanam Ibri -,Ibri,Oman,Wahat Aswad Trading And Transporting,http://www.sosoman.com,0,2221,https://oman.arablocal.com/business/view/wahat-aswad-trading-and-transporting,
Hisham Hassan Al Jamali Transport Est,+968 24503703,+968 24503702,management@hhjco.com,"Gr Fl, Hisham Hassan Bldg, Nr Barawani Ready Mix -",Madinat Al Sultan Qaboos,Oman,Hisham Hassan Al Jamali Transport Est,http://www.hhjco.co,0,1873,https://oman.arablocal.com/business/view/hisham-hassan-al-jamali-transport-est,
Aramex Muscat LLC,+968 24503392,,sreekumar.gopalakrishnan@aramex.com,Nr Park Inn Hotel Al Khuwair -,Hay Al Mina Jibroo,Oman,Aramex Muscat LLC,http://www.aramex.com,0,1734,https://oman.arablocal.com/business/view/aramex-muscat-llc,http://www.aramex.com
